year,country,gdp_per_capita,labor_productivity,pgf
1890,AUS,9427.21,10.29,4.0841
1891,AUS,9867.66,10.52,4.1877
1892,AUS,8448.14,9.03,3.565
1893,AUS,7840.53,8.37,3.2997
1894,AUS,7963.91,8.48,3.3565
1895,AUS,7373.55,7.85,3.1129
1896,AUS,7792.78,8.29,3.3
1897,AUS,7231.6,7.69,3.0621
1898,AUS,8227.92,8.73,3.4905
1899,AUS,8120.46,8.59,3.4306
1900,AUS,8486.62,8.95,3.5749
1901,AUS,8117.81,8.38,3.3725
1902,AUS,8084.64,8.32,3.3481
1903,AUS,8619.28,9.11,3.5844
1904,AUS,9082.28,9.44,3.6755
1905,AUS,9054.42,9.64,3.6829
1906,AUS,9530.69,10.15,3.843
1907,AUS,9761.53,10.18,3.8525
1908,AUS,9924.71,10.25,3.8153
1909,AUS,10533.65,10.83,3.9921
1910,AUS,11017.87,11.16,4.0934
1911,AUS,10793.67,11.2,4.047
1912,AUS,10780.4,10.94,3.9741
1913,AUS,10905.11,11.28,4.0334
1914,AUS,10630.49,10.76,3.8217
1915,AUS,10355.87,10.72,3.7192
1916,AUS,10314.75,10.27,3.5959
1917,AUS,10131.67,9.8,3.454
1918,AUS,9732.35,9.62,3.3672
1919,AUS,9972.47,10.34,3.5909
1920,AUS,10078.6,10.9,3.7355
1921,AUS,10385.06,11.96,3.9836
1922,AUS,10708.76,12.45,4.1034
1923,AUS,10979.4,12.62,4.12
1924,AUS,11455.67,12.92,4.2016
1925,AUS,11742.23,13.25,4.2695
1926,AUS,11784.68,13.13,4.2103
1927,AUS,11723.66,13.1,4.1716
1928,AUS,11528.64,12.76,4.0548
1929,AUS,11129.31,12.5,3.9324
1930,AUS,9955.22,11.45,3.5571
1931,AUS,9206.99,10.84,3.3501
1932,AUS,9651.42,12.06,3.6853
1933,AUS,10239.13,13.9,4.1551
1934,AUS,10700.8,14.9,4.4239
1935,AUS,11246.06,14.87,4.4791
1936,AUS,11663.96,14.8,4.5
1937,AUS,12150.84,14.94,4.5657
1938,AUS,12446.68,14.96,4.5832
1939,AUS,12361.78,14.48,4.4426
1940,AUS,13038.37,14.74,4.556
1941,AUS,14354.41,16.03,4.9679
1942,AUS,15870.78,17.61,5.4768
1943,AUS,16288.68,17.46,5.5113
1944,AUS,15568.3,15.84,5.1153
1945,AUS,14627.7,14.89,4.8419
1946,AUS,13945.8,14.06,4.6112
1947,AUS,14091.74,14.43,4.7346
1948,AUS,14732.51,16.76,5.3428
1949,AUS,15304.3,17.98,5.6968
1950,AUS,15674.44,18.4,5.8716
1951,AUS,15874.76,18.84,6.0039
1952,AUS,15686.38,18.83,5.9611
1953,AUS,15870.78,19.26,6.047
1954,AUS,16475.74,20.23,6.3164
1955,AUS,16974.56,21.07,6.5419
1956,AUS,17145.7,21.53,6.6262
1957,AUS,17107.22,21.88,6.6336
1958,AUS,17562.27,22.94,6.8407
1959,AUS,18245.49,24.28,7.1402
1960,AUS,18590.43,24.77,7.2509
1961,AUS,18174.91,24.74,7.1631
1962,AUS,18820.93,25.53,7.357
1963,AUS,19603.18,26.4,7.5771
1964,AUS,20414.63,27.11,7.755
1965,AUS,21024.59,27.69,7.8676
1966,AUS,21240.62,27.56,7.7889
1967,AUS,22351.84,28.7,8.0608
1968,AUS,23099.15,29.56,8.2342
1969,AUS,23984.21,30.6,8.4525
1970,AUS,25083.64,31.59,8.6785
1971,AUS,25500.03,32.37,8.788
1972,AUS,25605.42,32.98,8.8236
1973,AUS,26315.74,33.74,8.9501
1974,AUS,26310.83,33.29,8.7861
1975,AUS,26625.54,34.48,8.9703
1976,AUS,27369.48,35.14,9.0877
1977,AUS,27442.08,35.3,9.0499
1978,AUS,27707.11,35.85,9.0978
1979,AUS,28637.22,36.88,9.2946
1980,AUS,29008.29,36.86,9.2605
1981,AUS,29987.46,37.93,9.4453
1982,AUS,29364.81,38.22,9.3666
1983,AUS,28909.74,39.22,9.4421
1984,AUS,30443.31,40.12,9.6864
1985,AUS,31556.68,41.03,9.8847
1986,AUS,31654.85,40.02,9.6592
1987,AUS,32837.27,41.28,9.9283
1988,AUS,33745.01,41.62,10.015
1989,AUS,34609.86,41.34,9.9814
1990,AUS,34581.11,41.52,9.9458
1991,AUS,33685.63,42.3,9.9523
1992,AUS,34320.82,43.86,10.2288
1993,AUS,35407.83,45.1,10.4783
1994,AUS,36733.25,45.67,10.635
1995,AUS,37476.66,45.42,10.598
1996,AUS,38478.62,47.0,10.8867
1997,AUS,39678.85,48.55,11.1804
1998,AUS,41236.79,50.4,11.531
1999,AUS,42511.59,50.94,11.6258
2000,AUS,43439.82,52.27,11.8228
2001,AUS,44042.26,53.61,11.9991
2002,AUS,45285.36,54.55,12.1902
2003,AUS,46163.33,55.48,12.3138
2004,AUS,47479.66,56.1,12.4052
2005,AUS,48332.62,56.69,12.4492
2006,AUS,48975.2,56.54,12.3614
2007,AUS,50195.0,57.23,12.4673
2008,AUS,50446.91,58.1,12.5215
2009,AUS,50405.8,59.25,12.593
2010,AUS,50859.11,59.09,12.5148
2011,AUS,51493.96,59.91,12.5966
2012,AUS,52634.15,61.92,12.8786
2013,AUS,52871.6,62.92,12.9226
2014,AUS,53407.16,63.95,12.9988
2015,AUS,53855.78,64.29,12.9856
2016,AUS,54448.87,65.02,13.0662
2017,AUS,54866.32,64.96,13.0478
2018,AUS,55582.26,65.44,13.1227
2019,AUS,55836.36,67.83,13.4291
2020,AUS,53991.94,66.24,13.0344
2021,AUS,56821.22,67.97,13.405
2022,AUS,58462.18,65.91,13.1897
2023,AUS,58239.92,66.38,13.245
2024,AUS,57700.53,66.44,13.1997
1890,AUT,6032.94,4.82,2.6898
1891,AUT,6189.42,4.98,2.7668
1892,AUT,6260.69,5.08,2.804
1893,AUT,6235.9,5.1,2.8011
1894,AUT,6531.81,5.39,2.9408
1895,AUT,6638.72,5.52,2.9951
1896,AUT,6669.7,5.58,3.0104
1897,AUT,6742.52,5.73,3.0612
1898,AUT,7050.83,6.06,3.2066
1899,AUT,7126.74,6.19,3.2457
1900,AUT,7117.45,6.25,3.2476
1901,AUT,7072.52,6.21,3.2116
1902,AUT,7272.38,6.39,3.2879
1903,AUT,7263.08,6.38,3.2674
1904,AUT,7300.26,6.41,3.2688
1905,AUT,7630.26,6.7,3.3983
1906,AUT,7842.51,6.88,3.4753
1907,AUT,8243.78,7.24,3.6338
1908,AUT,8198.85,7.2,3.593
1909,AUT,8090.4,7.11,3.5235
1910,AUT,8124.49,7.14,3.5178
1911,AUT,8310.4,7.47,3.6336
1912,AUT,8655.89,7.96,3.8232
1913,AUT,8556.74,8.03,3.8045
1914,AUT,7101.95,6.79,3.1746
1915,AUT,6551.95,6.37,3.0681
1916,AUT,6489.98,6.37,3.0921
1917,AUT,6386.18,6.31,3.0509
1918,AUT,6310.27,6.26,3.0207
1919,AUT,5579.0,5.81,2.7311
1920,AUT,5957.03,6.34,3.046
1921,AUT,6544.21,6.9,3.2886
1922,AUT,7105.05,7.51,3.5171
1923,AUT,7018.29,7.44,3.4288
1924,AUT,7811.53,8.31,3.8305
1925,AUT,8315.05,8.88,4.0058
1926,AUT,8428.15,9.02,4.0498
1927,AUT,8655.89,9.3,4.1424
1928,AUT,9030.82,9.73,4.3098
1929,AUT,9134.62,9.87,4.3359
1930,AUT,8855.75,9.61,4.1791
1931,AUT,8119.84,8.85,3.8194
1932,AUT,7259.98,7.95,3.4158
1933,AUT,6996.6,7.7,3.3072
1934,AUT,7043.08,10.39,4.0964
1935,AUT,7179.42,9.57,3.8955
1936,AUT,7396.32,9.01,3.7647
1937,AUT,7794.49,8.74,3.7386
1938,AUT,8789.13,8.97,3.9389
1939,AUT,10115.33,9.46,4.2318
1940,AUT,9777.58,9.13,3.9942
1941,AUT,10414.34,9.71,4.2757
1942,AUT,9836.45,9.16,3.9832
1943,AUT,10039.41,9.68,4.2081
1944,AUT,10253.21,10.24,4.3834
1945,AUT,4260.55,5.62,2.1966
1946,AUT,4830.69,6.3,2.4799
1947,AUT,5349.7,6.91,2.7092
1948,AUT,6826.18,8.73,3.4239
1949,AUT,8132.23,10.29,4.0289
1950,AUT,9151.67,11.47,4.4853
1951,AUT,9777.58,12.04,4.6984
1952,AUT,9796.17,12.34,4.7285
1953,AUT,10216.03,13.04,4.9279
1954,AUT,11249.41,13.98,5.2963
1955,AUT,12478.0,14.8,5.6252
1956,AUT,13328.56,15.37,5.8008
1957,AUT,14115.6,15.97,5.9763
1958,AUT,14588.13,16.44,6.0643
1959,AUT,14942.92,16.68,6.0823
1960,AUT,16098.69,17.71,6.3901
1961,AUT,16899.62,18.71,6.6192
1962,AUT,17235.93,19.41,6.7022
1963,AUT,17837.01,20.48,6.9089
1964,AUT,18813.87,21.92,7.2424
1965,AUT,19334.5,22.96,7.4154
1966,AUT,20158.59,24.46,7.7171
1967,AUT,20485.17,25.62,7.8717
1968,AUT,21284.74,27.28,8.1937
1969,AUT,22452.62,29.11,8.5844
1970,AUT,24110.89,32.27,9.2864
1971,AUT,25230.61,33.63,9.5366
1972,AUT,26641.98,35.08,9.8049
1973,AUT,27789.54,36.38,9.9843
1974,AUT,28836.32,35.86,9.8275
1975,AUT,28808.1,37.41,9.9348
1976,AUT,30178.32,39.11,10.245
1977,AUT,31577.57,40.31,10.4407
1978,AUT,31488.64,41.28,10.4217
1979,AUT,33262.86,42.59,10.6682
1980,AUT,34032.51,43.08,10.6682
1981,AUT,33912.09,44.68,10.7824
1982,AUT,34534.3,45.76,10.8791
1983,AUT,35560.21,47.49,11.1407
1984,AUT,35680.36,47.8,11.0903
1985,AUT,36463.69,48.85,11.2314
1986,AUT,37293.42,49.86,11.36
1987,AUT,37896.12,51.07,11.4959
1988,AUT,39040.76,52.13,11.6528
1989,AUT,40375.99,53.09,11.8045
1990,AUT,41810.76,54.27,12.0044
1991,AUT,42820.08,55.13,12.1192
1992,AUT,43238.05,57.02,12.3249
1993,AUT,43108.87,57.71,12.3006
1994,AUT,43974.82,59.17,12.469
1995,AUT,45078.98,61.86,12.8182
1996,AUT,46128.62,61.99,12.7953
1997,AUT,47117.61,62.58,12.8311
1998,AUT,48679.4,64.82,13.1544
1999,AUT,50350.82,65.97,13.3285
2000,AUT,51975.7,67.62,13.5724
2001,AUT,52416.14,68.42,13.6009
2002,AUT,52931.24,69.63,13.7081
2003,AUT,53293.76,70.28,13.7419
2004,AUT,54241.7,71.33,13.8763
2005,AUT,55181.27,73.1,14.1131
2006,AUT,56793.56,75.04,14.4192
2007,AUT,58699.41,76.82,14.7179
2008,AUT,59311.22,76.67,14.6518
2009,AUT,57063.61,76.39,14.3572
2010,AUT,57904.58,77.29,14.4755
2011,AUT,59461.83,77.92,14.6249
2012,AUT,59635.63,78.61,14.6728
2013,AUT,59079.29,78.42,14.5588
2014,AUT,59138.28,78.42,14.5272
2015,AUT,59288.54,79.73,14.6851
2016,AUT,59814.4,79.77,14.718
2017,AUT,60863.92,80.79,14.8802
2018,AUT,62018.45,80.95,14.9256
2019,AUT,62787.8,80.84,14.9015
2020,AUT,58523.16,83.22,14.8179
2021,AUT,61216.69,83.16,14.9598
2022,AUT,63820.95,85.38,15.399
2023,AUT,62846.98,83.91,15.1068
2024,AUT,62002.4,84.09,15.0245
1890,BEL,8020.62,5.81,2.6998
1891,BEL,7944.29,5.78,2.5231
1892,BEL,8052.91,5.87,2.5487
1893,BEL,8083.74,5.92,2.5563
1894,BEL,8114.56,5.96,2.5525
1895,BEL,8217.32,6.06,2.5731
1896,BEL,8308.33,6.13,2.5931
1897,BEL,8390.53,6.2,2.599
1898,BEL,8458.05,6.26,2.6047
1899,BEL,8554.94,6.34,2.6153
1900,BEL,8729.62,6.42,2.6318
1901,BEL,8701.73,6.45,2.6182
1902,BEL,8748.7,6.56,2.6331
1903,BEL,8826.5,6.68,2.6583
1904,BEL,8940.99,6.87,2.6937
1905,BEL,9083.38,7.07,2.737
1906,BEL,9165.58,7.23,2.7598
1907,BEL,9200.81,7.31,2.7648
1908,BEL,9202.28,7.36,2.7566
1909,BEL,9291.82,7.48,2.7671
1910,BEL,9509.07,7.65,2.8001
1911,BEL,9705.77,7.94,2.8598
1912,BEL,9840.82,8.26,2.9259
1913,BEL,9874.58,8.5,2.9597
1914,BEL,9178.79,8.12,2.7734
1915,BEL,9027.6,8.2,2.7704
1916,BEL,9545.77,8.86,2.9912
1917,BEL,8233.46,7.77,2.6245
1918,BEL,6693.63,6.4,2.1606
1919,BEL,7929.61,7.72,2.6092
1920,BEL,9269.8,9.51,3.1431
1921,BEL,9489.99,9.83,3.1913
1922,BEL,10325.23,10.85,3.4868
1923,BEL,10607.06,10.98,3.5236
1924,BEL,10852.2,11.09,3.5566
1925,BEL,10918.26,11.31,3.5934
1926,BEL,11194.22,11.74,3.698
1927,BEL,11518.63,12.23,3.8253
1928,BEL,12023.59,12.96,4.0248
1929,BEL,11825.42,12.94,3.9759
1930,BEL,11649.27,12.86,3.8962
1931,BEL,11371.84,12.94,3.8514
1932,BEL,10778.81,12.66,3.7098
1933,BEL,10952.02,12.83,3.7484
1934,BEL,10819.91,12.63,3.6768
1935,BEL,11451.11,13.21,3.8545
1936,BEL,11495.14,13.16,3.8406
1937,BEL,11608.17,13.39,3.8952
1938,BEL,11305.78,13.12,3.8062
1939,BEL,12050.01,13.85,4.0249
1940,BEL,10674.59,12.05,3.5184
1941,BEL,10197.52,11.28,3.3265
1942,BEL,9352.01,10.19,3.0223
1943,BEL,9142.1,9.83,2.9435
1944,BEL,9620.63,10.61,3.1971
1945,BEL,10138.8,11.46,3.4801
1946,BEL,10702.48,12.39,3.7719
1947,BEL,11230.92,12.91,3.9328
1948,BEL,11754.96,13.66,4.1308
1949,BEL,12151.3,14.42,4.3031
1950,BEL,12779.56,15.0,4.4582
1951,BEL,13447.45,15.95,4.6836
1952,BEL,13262.5,15.89,4.6332
1953,BEL,13613.33,16.48,4.7759
1954,BEL,14106.54,17.25,4.9622
1955,BEL,14693.7,18.16,5.1477
1956,BEL,15026.92,18.76,5.275
1957,BEL,15197.19,19.07,5.3226
1958,BEL,15072.42,19.35,5.3353
1959,BEL,15461.42,20.23,5.5202
1960,BEL,16265.83,20.94,5.7072
1961,BEL,16987.14,21.95,5.9308
1962,BEL,17765.39,22.87,6.1319
1963,BEL,18418.51,23.85,6.3295
1964,BEL,19521.73,25.3,6.6657
1965,BEL,20048.22,26.26,6.8293
1966,BEL,20541.33,27.14,6.9557
1967,BEL,21227.3,28.49,7.1786
1968,BEL,22036.16,29.88,7.4188
1969,BEL,23439.69,31.52,7.765
1970,BEL,24826.24,33.64,8.184
1971,BEL,25665.57,34.83,8.379
1972,BEL,26912.62,37.25,8.8288
1973,BEL,28474.38,39.76,9.3156
1974,BEL,29580.89,41.51,9.6086
1975,BEL,29107.9,41.79,9.4954
1976,BEL,30703.14,44.35,9.955
1977,BEL,30860.78,45.48,10.0411
1978,BEL,31711.98,47.23,10.2924
1979,BEL,32431.3,48.37,10.4321
1980,BEL,33849.65,51.2,10.9017
1981,BEL,33732.8,52.72,11.019
1982,BEL,33908.65,54.2,11.2027
1983,BEL,33997.32,54.89,11.2643
1984,BEL,34832.59,55.47,11.3895
1985,BEL,35401.7,55.91,11.4645
1986,BEL,36039.45,57.24,11.6702
1987,BEL,36825.32,58.66,11.8981
1988,BEL,38436.05,60.7,12.2945
1989,BEL,39624.17,62.19,12.5421
1990,BEL,40756.44,62.92,12.6528
1991,BEL,41345.75,65.33,12.9366
1992,BEL,41807.04,67.37,13.175
1993,BEL,41246.11,69.06,13.2655
1994,BEL,42450.48,71.59,13.6434
1995,BEL,43372.83,72.0,13.7089
1996,BEL,43860.31,72.94,13.7995
1997,BEL,45416.48,74.85,14.1253
1998,BEL,46208.96,75.36,14.1818
1999,BEL,47733.72,76.91,14.4427
2000,BEL,49388.07,77.52,14.5852
2001,BEL,49759.32,77.7,14.5556
2002,BEL,50382.37,78.23,14.6032
2003,BEL,50692.91,78.89,14.6569
2004,BEL,52276.53,81.44,15.0708
2005,BEL,53196.73,82.68,15.2431
2006,BEL,54195.57,83.11,15.3119
2007,BEL,55777.41,84.65,15.5757
2008,BEL,55585.69,84.13,15.4152
2009,BEL,54089.14,83.6,15.1506
2010,BEL,55049.81,84.52,15.308
2011,BEL,55387.5,84.22,15.2824
2012,BEL,55164.18,84.31,15.2192
2013,BEL,55072.4,84.82,15.2156
2014,BEL,55796.23,86.2,15.3981
2015,BEL,56291.82,87.06,15.4908
2016,BEL,56676.14,87.01,15.4531
2017,BEL,57290.35,86.87,15.4126
2018,BEL,58101.16,87.05,15.4325
2019,BEL,59199.82,87.79,15.5458
2020,BEL,56119.63,91.04,15.6141
2021,BEL,59384.62,89.49,15.634
2022,BEL,61237.73,89.03,15.6768
2023,BEL,61759.72,89.67,15.7499
2024,BEL,62052.21,90.34,15.7947
1890,CAN,4737.16,3.85,2.0074
1891,CAN,4799.66,3.87,2.0155
1892,CAN,4723.41,3.8,1.9672
1893,CAN,4649.67,3.73,1.9238
1894,CAN,4820.9,3.85,1.9828
1895,CAN,4723.41,3.75,1.9343
1896,CAN,4558.42,3.61,1.8578
1897,CAN,5004.64,3.95,2.0332
1898,CAN,5145.88,4.05,2.0811
1899,CAN,5570.85,4.38,2.2355
1900,CAN,5799.58,4.56,2.3138
1901,CAN,6170.81,4.89,2.4598
1902,CAN,6637.02,5.12,2.573
1903,CAN,6642.02,5.04,2.5249
1904,CAN,6534.53,4.9,2.4371
1905,CAN,7096.99,5.26,2.594
1906,CAN,7661.95,5.56,2.7193
1907,CAN,7720.7,5.67,2.7412
1908,CAN,7116.99,5.24,2.4894
1909,CAN,7670.7,5.62,2.6368
1910,CAN,8100.67,5.94,2.7407
1911,CAN,8393.15,6.18,2.7903
1912,CAN,8720.62,6.53,2.8682
1913,CAN,8859.37,6.8,2.8967
1914,CAN,8019.43,6.22,2.5879
1915,CAN,8433.15,6.49,2.6684
1916,CAN,9256.84,6.96,2.8609
1917,CAN,9565.56,7.16,2.9285
1918,CAN,8848.12,6.62,2.6986
1919,CAN,8006.93,6.09,2.4751
1920,CAN,7691.95,6.75,2.6352
1921,CAN,6688.27,5.98,2.3296
1922,CAN,7556.96,6.68,2.6105
1923,CAN,7921.93,6.94,2.7147
1924,CAN,7923.18,7.06,2.736
1925,CAN,8646.88,7.72,2.9827
1926,CAN,8959.36,7.9,3.0603
1927,CAN,9656.81,8.43,3.2679
1928,CAN,10304.26,9.0,3.4733
1929,CAN,10091.78,8.94,3.4107
1930,CAN,9585.56,9.29,3.4218
1931,CAN,7976.93,8.32,2.9884
1932,CAN,7314.48,8.36,2.9167
1933,CAN,6714.52,7.64,2.6831
1934,CAN,7353.22,7.77,2.8098
1935,CAN,7871.94,8.15,2.9812
1936,CAN,8216.91,8.23,3.0543
1937,CAN,8911.86,8.58,3.2314
1938,CAN,9056.85,8.97,3.3548
1939,CAN,9499.32,9.1,3.4455
1940,CAN,10695.48,9.77,3.7594
1941,CAN,12055.39,10.37,4.0649
1942,CAN,14011.5,11.44,4.552
1943,CAN,14470.21,11.03,4.48
1944,CAN,14828.94,11.38,4.616
1945,CAN,14211.48,11.52,4.596
1946,CAN,13809.01,12.14,4.7247
1947,CAN,14121.49,13.04,4.9812
1948,CAN,14075.24,13.26,5.0115
1949,CAN,14073.99,13.67,5.0776
1950,CAN,14526.46,14.72,5.3799
1951,CAN,15007.67,15.27,5.5178
1952,CAN,15606.38,16.35,5.8266
1953,CAN,15906.36,17.03,5.9831
1954,CAN,15338.9,17.11,5.8804
1955,CAN,16338.83,18.64,6.3017
1956,CAN,17237.51,19.44,6.5117
1957,CAN,17147.52,19.93,6.5369
1958,CAN,17002.53,21.06,6.6808
1959,CAN,17285.01,21.59,6.7395
1960,CAN,17438.75,22.49,6.8754
1961,CAN,17598.74,23.37,7.021
1962,CAN,18556.55,24.51,7.3178
1963,CAN,19178.95,25.44,7.525
1964,CAN,20073.38,26.37,7.7636
1965,CAN,20958.62,27.12,7.9461
1966,CAN,21962.4,28.37,8.2274
1967,CAN,22231.99,28.85,8.2577
1968,CAN,22988.41,30.64,8.6027
1969,CAN,23809.81,31.51,8.7761
1970,CAN,24164.6,32.76,8.9647
1971,CAN,24820.3,33.74,9.1349
1972,CAN,25886.96,34.73,9.3414
1973,CAN,27292.01,35.31,9.5032
1974,CAN,27819.72,34.97,9.3937
1975,CAN,27842.5,35.41,9.3817
1976,CAN,29096.83,37.2,9.7363
1977,CAN,29774.87,38.27,9.887
1978,CAN,30581.3,38.57,9.9086
1979,CAN,31408.13,38.2,9.8142
1980,CAN,31680.75,38.09,9.7211
1981,CAN,32361.05,38.59,9.7699
1982,CAN,30965.88,39.14,9.6045
1983,CAN,31446.91,40.03,9.7036
1984,CAN,32988.93,41.11,9.9355
1985,CAN,34237.55,41.48,10.0211
1986,CAN,34618.06,41.12,9.9002
1987,CAN,35555.92,41.31,9.9316
1988,CAN,36645.98,41.71,9.9991
1989,CAN,36835.65,41.81,9.9535
1990,CAN,36358.1,41.78,9.8229
1991,CAN,35158.17,42.15,9.7079
1992,CAN,35053.86,43.01,9.778
1993,CAN,35592.19,43.88,9.9113
1994,CAN,36786.6,44.75,10.1049
1995,CAN,37384.49,45.29,10.187
1996,CAN,37620.58,45.22,10.1554
1997,CAN,38842.86,45.94,10.3208
1998,CAN,40021.45,46.8,10.486
1999,CAN,41738.3,47.99,10.7446
2000,CAN,43476.26,49.51,11.0533
2001,CAN,43813.0,50.35,11.1497
2002,CAN,44640.17,51.15,11.2706
2003,CAN,45039.71,51.26,11.2477
2004,CAN,46001.68,51.69,11.3129
2005,CAN,47031.0,52.84,11.4811
2006,CAN,47784.86,53.51,11.5453
2007,CAN,48293.36,53.52,11.4866
2008,CAN,48248.28,53.4,11.3749
2009,CAN,46308.66,53.58,11.1823
2010,CAN,47212.35,53.9,11.2467
2011,CAN,48220.84,54.83,11.384
2012,CAN,48538.54,54.78,11.329
2013,CAN,49147.01,55.53,11.4055
2014,CAN,50055.45,57.11,11.6217
2015,CAN,49999.2,56.94,11.5135
2016,CAN,49950.05,57.26,11.5056
2017,CAN,50853.88,58.06,11.6491
2018,CAN,51505.28,58.22,11.6885
2019,CAN,51726.58,58.41,11.7021
2020,CAN,48590.71,62.91,12.0589
2021,CAN,51197.74,60.38,11.8563
2022,CAN,52643.43,60.24,11.9231
2023,CAN,52135.04,59.4,11.7984
2024,CAN,51649.03,59.4,11.8005
1890,CHE,10950.59,7.96,3.602
1891,CHE,10182.81,7.39,3.2901
1892,CHE,10869.88,7.88,3.4525
1893,CHE,11013.64,7.97,3.4549
1894,CHE,11008.33,7.95,3.4073
1895,CHE,11616.87,8.38,3.5537
1896,CHE,12307.58,8.86,3.7119
1897,CHE,12874.04,9.26,3.8101
1898,CHE,13256.88,9.52,3.8389
1899,CHE,13070.86,9.37,3.7005
1900,CHE,13636.94,9.76,3.7836
1901,CHE,13197.86,9.47,3.6008
1902,CHE,13645.97,9.82,3.6765
1903,CHE,13349.14,9.62,3.5797
1904,CHE,14189.28,10.25,3.7996
1905,CHE,14818.36,10.73,3.9345
1906,CHE,15642.29,11.36,4.1285
1907,CHE,15396.69,11.2,3.9976
1908,CHE,15484.82,11.29,3.9507
1909,CHE,16208.04,11.85,4.0715
1910,CHE,16599.91,12.16,4.1321
1911,CHE,16590.81,12.25,4.1058
1912,CHE,17143.23,12.75,4.2277
1913,CHE,16855.06,12.63,4.141
1914,CHE,15665.45,11.85,3.8218
1915,CHE,15384.89,11.74,3.7279
1916,CHE,16663.98,12.84,3.9857
1917,CHE,16172.04,12.5,3.7598
1918,CHE,14676.1,11.37,3.3476
1919,CHE,13916.39,10.67,3.1196
1920,CHE,15188.33,11.69,3.3749
1921,CHE,12373.36,9.66,2.7504
1922,CHE,14812.94,11.74,3.3223
1923,CHE,15820.04,12.72,3.567
1924,CHE,16903.45,13.69,3.8148
1925,CHE,17294.84,14.1,3.9008
1926,CHE,17853.88,14.66,4.0298
1927,CHE,19098.83,15.79,4.3137
1928,CHE,19921.52,16.58,4.4889
1929,CHE,20460.3,17.15,4.6081
1930,CHE,20561.96,17.52,4.6539
1931,CHE,20739.67,18.35,4.8002
1932,CHE,20114.63,18.49,4.7821
1933,CHE,20644.01,19.4,5.006
1934,CHE,20619.81,19.37,5.0174
1935,CHE,19550.26,18.36,4.7712
1936,CHE,19185.27,18.01,4.7016
1937,CHE,20706.27,19.44,5.0861
1938,CHE,19817.89,18.6,4.8629
1939,CHE,20287.29,19.21,5.0133
1940,CHE,20217.62,19.32,5.045
1941,CHE,19010.99,18.34,4.8001
1942,CHE,18025.97,17.34,4.562
1943,CHE,17826.33,17.21,4.5514
1944,CHE,18337.35,17.77,4.7241
1945,CHE,18231.29,17.73,4.7464
1946,CHE,22411.57,21.9,5.8904
1947,CHE,22730.96,22.32,6.0201
1948,CHE,23078.27,22.76,6.1654
1949,CHE,22571.31,22.36,6.0551
1950,CHE,23803.65,23.7,6.4218
1951,CHE,24498.42,23.9,6.5244
1952,CHE,24783.91,24.15,6.5891
1953,CHE,25721.69,25.31,6.8748
1954,CHE,27166.32,26.81,7.2562
1955,CHE,28874.26,28.32,7.6498
1956,CHE,29921.14,29.0,7.8284
1957,CHE,30252.36,29.24,7.8577
1958,CHE,30204.53,29.97,7.9424
1959,CHE,31906.38,32.14,8.4473
1960,CHE,33739.49,33.84,8.875
1961,CHE,35482.5,34.9,9.1786
1962,CHE,36171.38,35.17,9.2277
1963,CHE,37130.36,36.27,9.419
1964,CHE,38431.41,37.54,9.6447
1965,CHE,39280.72,38.94,9.8318
1966,CHE,39891.48,40.0,9.9538
1967,CHE,40656.42,40.94,10.0859
1968,CHE,41641.42,42.1,10.2774
1969,CHE,43420.61,43.68,10.6045
1970,CHE,45784.13,45.75,11.0323
1971,CHE,47167.29,47.11,11.2589
1972,CHE,48355.15,48.68,11.4753
1973,CHE,49576.21,50.39,11.7037
1974,CHE,50012.77,51.8,11.8186
1975,CHE,47067.73,51.14,11.3442
1976,CHE,47189.92,52.29,11.4163
1977,CHE,48432.41,54.08,11.7224
1978,CHE,48595.7,54.28,11.7233
1979,CHE,49636.09,55.4,11.9113
1980,CHE,51531.93,56.97,12.2295
1981,CHE,51999.32,57.17,12.2219
1982,CHE,51016.35,56.49,11.9812
1983,CHE,51225.64,57.31,12.0527
1984,CHE,52578.78,59.11,12.3442
1985,CHE,54275.25,60.28,12.5629
1986,CHE,54950.77,60.34,12.5487
1987,CHE,55433.47,59.86,12.4381
1988,CHE,56799.63,60.27,12.5158
1989,CHE,58805.52,61.78,12.7765
1990,CHE,60309.43,62.43,12.8854
1991,CHE,59029.17,58.77,12.197
1992,CHE,58467.92,59.21,12.157
1993,CHE,58011.89,59.76,12.1505
1994,CHE,58347.81,60.17,12.1874
1995,CHE,58781.55,61.96,12.4206
1996,CHE,58843.66,63.34,12.554
1997,CHE,59902.62,65.13,12.8079
1998,CHE,61361.38,65.74,12.9212
1999,CHE,62063.77,65.46,12.8562
2000,CHE,63983.12,67.37,13.1668
2001,CHE,64681.82,68.93,13.3466
2002,CHE,64467.15,69.59,13.3657
2003,CHE,63819.0,69.09,13.2029
2004,CHE,65035.1,69.41,13.2724
2005,CHE,66560.21,71.15,13.5367
2006,CHE,68882.08,72.98,13.8588
2007,CHE,70990.15,74.44,14.123
2008,CHE,71933.23,74.96,14.1991
2009,CHE,69751.7,73.55,13.8397
2010,CHE,71475.51,77.59,14.4389
2011,CHE,71837.32,76.84,14.329
2012,CHE,71859.22,77.1,14.3379
2013,CHE,72334.9,78.56,14.527
2014,CHE,73274.43,79.48,14.6784
2015,CHE,73432.45,78.81,14.5746
2016,CHE,74036.38,79.19,14.6258
2017,CHE,74394.61,80.5,14.7718
2018,CHE,76320.32,82.74,15.1129
2019,CHE,76620.71,83.18,15.1291
2020,CHE,74331.5,84.45,15.1018
2021,CHE,78343.5,87.15,15.6379
2022,CHE,80427.9,88.68,15.9098
2023,CHE,79882.55,87.86,15.7651
2024,CHE,80094.9,88.96,15.8871
1890,CHL,3069.84,2.57,1.593
1891,CHL,3208.18,2.73,1.6204
1892,CHL,3173.33,2.74,1.6031
1893,CHL,3256.75,2.86,1.6453
1894,CHL,3144.82,2.81,1.5992
1895,CHL,3489.08,3.16,1.7737
1896,CHL,3568.28,3.23,1.7954
1897,CHL,3389.81,3.07,1.7214
1898,CHL,3811.16,3.45,1.9476
1899,CHL,3661.21,3.31,1.8813
1900,CHL,3575.67,3.23,1.8359
1901,CHL,3607.35,3.25,1.8582
1902,CHL,3805.88,3.43,1.9598
1903,CHL,3570.39,3.21,1.8442
1904,CHL,3851.29,3.46,1.993
1905,CHL,3664.38,3.28,1.8935
1906,CHL,3873.47,3.46,1.9853
1907,CHL,4023.42,3.59,2.0383
1908,CHL,4245.19,3.81,2.1283
1909,CHL,4268.42,3.86,2.1379
1910,CHL,4736.23,4.32,2.3623
1911,CHL,4732.01,4.35,2.3491
1912,CHL,5075.21,4.7,2.4925
1913,CHL,5106.9,4.77,2.4786
1914,CHL,4299.04,4.07,2.0759
1915,CHL,4026.59,3.87,1.9518
1916,CHL,4857.68,4.73,2.3869
1917,CHL,4879.85,4.82,2.4216
1918,CHL,4859.79,4.87,2.4321
1919,CHL,4068.83,4.14,2.0595
1920,CHL,4485.96,4.64,2.2976
1921,CHL,3935.77,4.14,2.0413
1922,CHL,4027.65,4.31,2.1119
1923,CHL,4766.86,5.17,2.527
1924,CHL,5046.7,5.56,2.7032
1925,CHL,5177.65,5.78,2.7929
1926,CHL,4965.39,5.62,2.696
1927,CHL,4798.54,5.5,2.6154
1928,CHL,5923.2,6.87,3.2377
1929,CHL,5997.12,7.04,3.2815
1930,CHL,5149.14,6.11,2.7883
1931,CHL,4122.69,4.9,2.1948
1932,CHL,3115.25,3.71,1.6651
1933,CHL,3820.67,4.56,2.065
1934,CHL,4508.13,5.39,2.4605
1935,CHL,4763.69,5.71,2.617
1936,CHL,4840.78,5.83,2.6597
1937,CHL,5367.73,6.49,2.9546
1938,CHL,5354.0,6.5,2.9484
1939,CHL,5392.02,6.57,2.9678
1940,CHL,5467.0,6.7,3.0163
1941,CHL,5376.18,6.66,2.9801
1942,CHL,5450.1,6.83,3.0431
1943,CHL,5500.79,6.98,3.1014
1944,CHL,5500.79,7.07,3.1319
1945,CHL,5864.06,7.64,3.3693
1946,CHL,6249.5,8.26,3.6177
1947,CHL,5477.56,7.34,3.1853
1948,CHL,6271.68,8.53,3.6598
1949,CHL,6029.85,8.33,3.5394
1950,CHL,6209.38,6.95,3.1275
1951,CHL,6337.15,7.24,3.2346
1952,CHL,6602.21,7.65,3.3879
1953,CHL,6950.7,8.16,3.578
1954,CHL,6586.37,7.83,3.4041
1955,CHL,6696.2,8.07,3.4833
1956,CHL,6637.06,8.12,3.4713
1957,CHL,7136.56,8.88,3.7647
1958,CHL,7347.76,9.3,3.9065
1959,CHL,6768.01,8.73,3.6326
1960,CHL,7160.85,9.4,3.8919
1961,CHL,7310.8,9.77,4.0045
1962,CHL,7467.09,10.14,4.1277
1963,CHL,7746.94,10.8,4.3368
1964,CHL,7730.04,10.88,4.312
1965,CHL,7611.77,10.7,4.216
1966,CHL,8283.39,11.6,4.5517
1967,CHL,8377.38,12.73,4.8523
1968,CHL,8504.1,12.48,4.7887
1969,CHL,8645.61,12.58,4.8142
1970,CHL,8654.05,13.5,5.0306
1971,CHL,9264.43,13.57,5.121
1972,CHL,8997.26,12.84,4.8551
1973,CHL,8354.15,12.13,4.557
1974,CHL,8297.12,12.73,4.7069
1975,CHL,7108.05,11.32,4.129
1976,CHL,7252.72,11.5,4.2141
1977,CHL,7854.65,12.28,4.5381
1978,CHL,8380.55,13.05,4.8465
1979,CHL,8949.74,13.75,5.1375
1980,CHL,9529.49,13.98,5.2971
1981,CHL,9955.07,14.3,5.4453
1982,CHL,8465.03,13.6,4.988
1983,CHL,8096.48,12.66,4.6872
1984,CHL,8439.68,12.65,4.7599
1985,CHL,8473.48,12.17,4.6459
1986,CHL,8791.34,12.01,4.6563
1987,CHL,9201.89,12.29,4.7994
1988,CHL,9706.13,12.41,4.8975
1989,CHL,10563.81,13.01,5.1685
1990,CHL,10783.29,13.2,5.2021
1991,CHL,11357.7,13.93,5.4436
1992,CHL,12442.9,14.84,5.8059
1993,CHL,12996.3,15.07,5.8767
1994,CHL,13414.44,15.86,6.0638
1995,CHL,14496.02,17.42,6.5339
1996,CHL,15350.61,18.64,6.8301
1997,CHL,16261.82,20.14,7.192
1998,CHL,16715.12,20.16,7.1075
1999,CHL,16449.39,20.59,7.0444
2000,CHL,17042.27,21.36,7.2062
2001,CHL,17383.46,22.02,7.2988
2002,CHL,17742.08,22.22,7.2935
2003,CHL,18377.12,22.55,7.3479
2004,CHL,19395.83,23.44,7.567
2005,CHL,20284.36,24.74,7.8442
2006,CHL,21324.44,25.72,8.0216
2007,CHL,22193.91,26.77,8.1929
2008,CHL,22807.87,27.4,8.2345
2009,CHL,22334.12,27.57,8.0364
2010,CHL,23452.41,26.28,7.7587
2011,CHL,24637.41,26.85,7.8621
2012,CHL,25870.05,28.19,8.1017
2013,CHL,26470.4,28.61,8.0773
2014,CHL,26678.74,29.1,8.0502
2015,CHL,26974.12,29.24,7.9902
2016,CHL,27151.29,29.65,7.9848
2017,CHL,27143.34,29.57,7.8939
2018,CHL,27726.29,30.18,8.0093
2019,CHL,27382.59,30.05,7.9012
2020,CHL,25236.62,34.04,8.3568
2021,CHL,27777.99,34.34,8.6063
2022,CHL,28161.38,32.17,8.1807
2023,CHL,28120.54,31.78,8.03
2024,CHL,28683.81,32.09,8.0619
1890,DEU,5501.84,4.26,1.9081
1891,DEU,5432.18,4.24,1.889
1892,DEU,5595.67,4.39,1.9499
1893,DEU,5813.18,4.59,2.0289
1894,DEU,5887.11,4.69,2.0609
1895,DEU,6086.14,4.9,2.1398
1896,DEU,6209.83,5.05,2.1938
1897,DEU,6288.02,5.18,2.2332
1898,DEU,6454.36,5.38,2.3026
1899,DEU,6583.73,5.56,2.3575
1900,DEU,6764.28,5.78,2.4271
1901,DEU,6505.54,5.59,2.3355
1902,DEU,6555.29,5.67,2.36
1903,DEU,6816.88,5.94,2.4556
1904,DEU,6986.06,6.12,2.5089
1905,DEU,7034.39,6.2,2.5166
1906,DEU,7142.44,6.33,2.5486
1907,DEU,7352.85,6.56,2.6176
1908,DEU,7374.17,6.62,2.6251
1909,DEU,7421.09,6.7,2.6508
1910,DEU,7587.42,6.89,2.7211
1911,DEU,7722.48,7.06,2.7747
1912,DEU,7985.49,7.31,2.8527
1913,DEU,8266.98,6.22,2.5601
1914,DEU,6932.03,4.99,2.0834
1915,DEU,6569.51,4.74,1.9707
1916,DEU,6650.55,4.77,1.984
1917,DEU,6688.93,4.76,1.9809
1918,DEU,6760.01,4.76,1.9805
1919,DEU,5860.1,4.21,1.707
1920,DEU,6336.36,4.75,1.9119
1921,DEU,6974.68,5.48,2.1797
1922,DEU,7549.04,6.17,2.4165
1923,DEU,6231.15,5.29,2.041
1924,DEU,7249.07,6.25,2.3989
1925,DEU,8003.97,6.99,2.6727
1926,DEU,8168.88,7.21,2.7449
1927,DEU,8930.89,7.95,3.0108
1928,DEU,9267.83,8.29,3.1203
1929,DEU,9179.69,8.19,3.0749
1930,DEU,9003.4,8.02,3.0063
1931,DEU,8275.51,7.39,2.7684
1932,DEU,7618.7,6.81,2.5593
1933,DEU,8057.99,7.22,2.7246
1934,DEU,8743.23,7.86,2.9714
1935,DEU,9336.07,8.43,3.177
1936,DEU,10086.71,9.15,3.4312
1937,DEU,10616.99,9.67,3.6035
1938,DEU,11316.45,9.95,3.7249
1939,DEU,12250.48,10.27,3.8677
1940,DEU,12243.37,10.25,3.8328
1941,DEU,12941.41,10.79,4.0281
1942,DEU,13006.81,10.84,4.0441
1943,DEU,13348.0,10.96,4.099
1944,DEU,13787.3,11.13,4.1988
1945,DEU,10228.87,8.91,3.3275
1946,DEU,5024.16,5.42,1.9057
1947,DEU,5520.32,5.85,2.0893
1948,DEU,6421.66,6.44,2.3577
1949,DEU,7436.73,7.09,2.6392
1950,DEU,8794.41,8.07,3.0215
1951,DEU,9530.84,8.72,3.2442
1952,DEU,10317.02,9.42,3.4793
1953,DEU,11114.57,10.06,3.6973
1954,DEU,11890.8,10.62,3.8777
1955,DEU,13136.18,11.55,4.1872
1956,DEU,13997.71,12.26,4.3817
1957,DEU,14711.38,12.87,4.5215
1958,DEU,15267.25,13.49,4.6527
1959,DEU,16263.84,14.48,4.9132
1960,DEU,17460.88,15.65,5.2096
1961,DEU,18123.57,16.41,5.3507
1962,DEU,18817.54,17.45,5.5464
1963,DEU,19210.75,18.21,5.6504
1964,DEU,20282.25,19.25,5.8757
1965,DEU,21152.28,20.3,6.0667
1966,DEU,21604.98,21.2,6.1855
1967,DEU,21504.33,22.07,6.2425
1968,DEU,22629.85,23.42,6.5265
1969,DEU,24141.78,25.09,6.9058
1970,DEU,25149.33,26.3,7.1302
1971,DEU,25749.09,27.46,7.2903
1972,DEU,26733.8,28.92,7.5229
1973,DEU,27926.01,30.51,7.7885
1974,DEU,28169.98,31.56,7.8759
1975,DEU,28026.56,32.58,7.9366
1976,DEU,29550.67,34.02,8.2168
1977,DEU,30595.8,35.42,8.4508
1978,DEU,31552.01,36.59,8.6347
1979,DEU,32854.44,37.82,8.8558
1980,DEU,33228.19,38.27,8.8735
1981,DEU,33357.26,38.91,8.9007
1982,DEU,33259.66,39.26,8.8701
1983,DEU,33873.64,40.51,9.0433
1984,DEU,34954.5,41.8,9.2549
1985,DEU,35849.09,43.07,9.4508
1986,DEU,36659.83,44.11,9.6115
1987,DEU,37160.46,45.09,9.7357
1988,DEU,38341.12,46.6,10.0064
1989,DEU,39553.88,48.67,10.361
1990,DEU,41267.61,52.11,10.9518
1991,DEU,43048.69,57.01,11.737
1992,DEU,43629.55,58.51,11.9145
1993,DEU,42963.96,59.69,11.9327
1994,DEU,43970.53,61.39,12.1622
1995,DEU,44546.93,62.27,12.2333
1996,DEU,44918.97,63.44,12.3339
1997,DEU,45727.24,65.05,12.5297
1998,DEU,46725.22,65.77,12.6197
1999,DEU,47732.8,66.66,12.732
2000,DEU,49086.24,68.3,12.9692
2001,DEU,49854.12,69.95,13.1641
2002,DEU,49700.14,70.56,13.1585
2003,DEU,49454.41,71.21,13.1643
2004,DEU,50087.73,71.83,13.2399
2005,DEU,50606.67,73.11,13.3927
2006,DEU,52665.04,74.31,13.6571
2007,DEU,54309.24,75.11,13.8214
2008,DEU,54946.13,75.08,13.7956
2009,DEU,52077.78,72.84,13.2221
2010,DEU,54370.12,74.51,13.5654
2011,DEU,56419.6,76.34,13.9086
2012,DEU,56576.2,76.94,13.949
2013,DEU,56644.33,77.23,13.9521
2014,DEU,57636.89,77.98,14.0915
2015,DEU,58090.4,78.48,14.1752
2016,DEU,58900.97,79.54,14.3517
2017,DEU,60327.86,81.1,14.6121
2018,DEU,60828.26,81.39,14.638
2019,DEU,61281.83,81.94,14.6872
2020,DEU,58704.5,82.65,14.5271
2021,DEU,60975.65,83.97,14.807
2022,DEU,61631.4,84.26,14.8698
2023,DEU,60576.38,83.25,14.6589
2024,DEU,60140.8,83.02,14.5679
1890,DNK,6042.89,4.65,2.7426
1891,DNK,6119.52,4.75,2.7815
1892,DNK,6221.69,4.86,2.8297
1893,DNK,6296.81,4.95,2.8634
1894,DNK,6362.92,5.01,2.8909
1895,DNK,6633.36,5.29,3.0354
1896,DNK,6792.62,5.47,3.1155
1897,DNK,6857.23,5.58,3.1386
1898,DNK,6873.75,5.65,3.128
1899,DNK,7069.07,5.86,3.1847
1900,DNK,7225.33,6.05,3.2274
1901,DNK,7434.17,6.28,3.3007
1902,DNK,7522.82,6.4,3.321
1903,DNK,7878.9,6.76,3.4603
1904,DNK,7966.04,6.87,3.4728
1905,DNK,8012.62,6.96,3.4754
1906,DNK,8147.84,7.13,3.5262
1907,DNK,8349.17,7.36,3.594
1908,DNK,8506.93,7.56,3.6494
1909,DNK,8724.78,7.82,3.7439
1910,DNK,8873.53,8.03,3.8117
1911,DNK,9237.12,8.42,3.9689
1912,DNK,9128.95,8.38,3.9222
1913,DNK,9369.34,8.65,4.0189
1914,DNK,9842.61,9.13,4.2122
1915,DNK,9047.81,8.42,3.8671
1916,DNK,9318.26,8.66,3.966
1917,DNK,8661.68,8.07,3.6804
1918,DNK,8284.56,7.72,3.5135
1919,DNK,9244.63,9.45,4.1761
1920,DNK,9560.15,9.81,4.3262
1921,DNK,9163.5,8.98,4.0122
1922,DNK,9977.84,9.78,4.3587
1923,DNK,10918.37,10.69,4.7458
1924,DNK,10844.75,10.62,4.6901
1925,DNK,10484.16,10.27,4.5127
1926,DNK,11011.53,10.77,4.7179
1927,DNK,11155.76,10.95,4.7693
1928,DNK,11459.26,11.25,4.8818
1929,DNK,12153.4,11.93,5.1555
1930,DNK,12790.44,12.51,5.3788
1931,DNK,12834.01,12.56,5.3516
1932,DNK,12378.77,12.17,5.1303
1933,DNK,12671.75,12.44,5.2251
1934,DNK,12937.68,12.72,5.3076
1935,DNK,13123.99,12.9,5.3343
1936,DNK,13350.86,13.13,5.3894
1937,DNK,13574.72,13.37,5.451
1938,DNK,13800.09,13.64,5.524
1939,DNK,14353.0,14.25,5.7283
1940,DNK,12252.56,12.38,4.9138
1941,DNK,10954.43,11.02,4.3758
1942,DNK,11086.65,11.28,4.4608
1943,DNK,12165.42,12.54,4.9325
1944,DNK,13274.23,13.9,5.432
1945,DNK,12132.36,11.96,4.7542
1946,DNK,13834.65,13.9,5.4914
1947,DNK,14453.66,14.78,5.7699
1948,DNK,14688.05,15.23,5.8721
1949,DNK,15551.96,16.26,6.1818
1950,DNK,16627.72,17.56,6.5629
1951,DNK,16611.19,17.6,6.4632
1952,DNK,16656.27,18.07,6.4893
1953,DNK,17463.09,18.82,6.6709
1954,DNK,17652.4,19.15,6.6706
1955,DNK,17711.0,19.55,6.6725
1956,DNK,17816.17,20.04,6.7218
1957,DNK,19075.23,21.67,7.1637
1958,DNK,19386.24,22.24,7.2432
1959,DNK,20684.36,23.6,7.6144
1960,DNK,21103.55,23.99,7.6414
1961,DNK,22309.37,24.99,7.8753
1962,DNK,23385.49,25.85,8.0379
1963,DNK,23350.17,25.54,7.8327
1964,DNK,25316.91,27.17,8.259
1965,DNK,26259.14,27.73,8.3094
1966,DNK,26757.37,27.84,8.22
1967,DNK,27436.63,29.21,8.4363
1968,DNK,28360.13,30.84,8.7012
1969,DNK,30009.14,32.85,9.0935
1970,DNK,30380.62,33.51,9.0897
1971,DNK,30974.36,35.13,9.2911
1972,DNK,32422.65,37.46,9.6956
1973,DNK,33397.82,39.29,9.9415
1974,DNK,32932.69,39.66,9.7976
1975,DNK,32621.09,41.78,9.9963
1976,DNK,34645.55,43.54,10.371
1977,DNK,35093.0,45.05,10.5325
1978,DNK,35501.11,46.0,10.6076
1979,DNK,36667.46,47.43,10.8287
1980,DNK,36457.75,47.09,10.645
1981,DNK,36152.34,48.36,10.733
1982,DNK,37268.26,49.4,10.9445
1983,DNK,38237.81,50.83,11.196
1984,DNK,39938.8,52.48,11.5394
1985,DNK,41637.88,53.95,11.8428
1986,DNK,43099.6,54.46,11.959
1987,DNK,43159.8,55.59,12.0214
1988,DNK,43642.79,57.35,12.2053
1989,DNK,43690.43,58.26,12.2454
1990,DNK,44039.92,59.66,12.3935
1991,DNK,44493.14,61.16,12.5754
1992,DNK,45223.3,62.23,12.7345
1993,DNK,45023.58,63.35,12.8278
1994,DNK,47362.66,67.52,13.5753
1995,DNK,48583.59,68.55,13.7815
1996,DNK,49685.41,70.18,14.0495
1997,DNK,51041.87,70.63,14.1526
1998,DNK,52048.87,70.62,14.142
1999,DNK,53419.19,71.35,14.2547
2000,DNK,55221.96,72.99,14.5351
2001,DNK,55551.02,72.83,14.4345
2002,DNK,55614.76,73.42,14.4287
2003,DNK,55715.53,74.67,14.5268
2004,DNK,57119.11,77.13,14.8892
2005,DNK,58299.44,78.2,15.0416
2006,DNK,60321.86,79.16,15.2324
2007,DNK,60653.57,79.37,15.1676
2008,DNK,60045.06,78.21,14.8689
2009,DNK,56749.6,77.44,14.4361
2010,DNK,57390.43,80.23,14.8057
2011,DNK,57904.19,80.56,14.863
2012,DNK,57688.15,81.89,14.9915
2013,DNK,58257.17,82.86,15.1286
2014,DNK,58687.18,84.09,15.2937
2015,DNK,59509.86,85.02,15.4491
2016,DNK,60842.85,85.91,15.6372
2017,DNK,62307.14,87.71,15.9264
2018,DNK,63150.97,89.47,16.1466
2019,DNK,63976.97,90.26,16.2334
2020,DNK,62700.54,91.78,16.2485
2021,DNK,66494.35,92.26,16.5243
2022,DNK,66201.86,89.28,16.0466
2023,DNK,66136.27,89.56,15.9924
2024,DNK,68106.39,92.25,16.3952
1890,EA,4355.1,2.96,1.5095
1891,EA,4350.86,2.98,1.4795
1892,EA,4460.63,3.07,1.5131
1893,EA,4530.33,3.15,1.5367
1894,EA,4604.06,3.21,1.5552
1895,EA,4675.57,3.27,1.5747
1896,EA,4701.35,3.29,1.5768
1897,EA,4784.88,3.37,1.603
1898,EA,4907.0,3.47,1.6414
1899,EA,5001.53,3.55,1.6664
1900,EA,5116.86,3.64,1.6981
1901,EA,5132.96,3.68,1.6981
1902,EA,5214.8,3.76,1.7248
1903,EA,5332.44,3.86,1.7594
1904,EA,5427.02,3.95,1.7851
1905,EA,5532.52,4.05,1.8149
1906,EA,5693.31,4.19,1.8618
1907,EA,5830.67,4.3,1.8984
1908,EA,5865.89,4.33,1.8986
1909,EA,5979.15,4.44,1.9341
1910,EA,6071.27,4.54,1.9659
1911,EA,6270.13,4.72,2.0316
1912,EA,6396.55,4.83,2.0643
1913,EA,6578.94,4.67,2.0161
1914,EA,5972.6,4.18,1.801
1915,EA,5817.74,4.1,1.7512
1916,EA,6061.11,4.26,1.814
1917,EA,5994.11,4.2,1.7846
1918,EA,5909.34,4.23,1.784
1919,EA,5604.39,4.15,1.7208
1920,EA,5927.67,4.46,1.8476
1921,EA,6120.91,4.74,1.9553
1922,EA,6577.82,5.15,2.1172
1923,EA,6298.33,5.04,2.0532
1924,EA,6730.65,5.43,2.1997
1925,EA,7214.89,5.86,2.363
1926,EA,7333.72,6.0,2.4048
1927,EA,7738.02,6.41,2.5516
1928,EA,8062.45,6.78,2.672
1929,EA,8159.65,6.86,2.6905
1930,EA,7898.64,6.72,2.613
1931,EA,7392.07,6.43,2.4674
1932,EA,7152.97,6.33,2.4013
1933,EA,7210.86,6.4,2.419
1934,EA,7531.87,6.75,2.5428
1935,EA,7925.69,7.08,2.6666
1936,EA,7966.76,7.12,2.675
1937,EA,8372.0,7.5,2.8094
1938,EA,8642.58,7.64,2.8656
1939,EA,9192.88,7.98,3.0009
1940,EA,9173.23,8.04,3.0068
1941,EA,9482.92,8.34,3.1056
1942,EA,9557.4,8.4,3.1363
1943,EA,9511.03,8.32,3.1169
1944,EA,9332.56,8.16,3.0743
1945,EA,7832.81,7.16,2.69
1946,EA,6785.62,6.55,2.4438
1947,EA,7375.49,7.08,2.6676
1948,EA,7883.15,7.43,2.8207
1949,EA,8441.41,7.9,3.0045
1950,EA,9144.89,8.41,3.2009
1951,EA,9751.09,8.96,3.388
1952,EA,10344.79,9.55,3.5743
1953,EA,10903.51,10.09,3.7476
1954,EA,11400.69,10.49,3.8747
1955,EA,12215.48,11.19,4.1071
1956,EA,12881.75,11.83,4.2964
1957,EA,13378.15,12.34,4.4238
1958,EA,13772.56,12.85,4.5322
1959,EA,14378.31,13.56,4.7104
1960,EA,15122.61,14.32,4.9096
1961,EA,15865.23,15.18,5.121
1962,EA,16644.31,16.22,5.3668
1963,EA,17290.23,17.13,5.5561
1964,EA,18112.58,18.03,5.7523
1965,EA,18881.75,19.1,5.9772
1966,EA,19601.29,20.09,6.1596
1967,EA,20107.07,21.03,6.3037
1968,EA,21144.5,22.45,6.5926
1969,EA,22437.17,24.01,6.937
1970,EA,23457.39,25.3,7.1897
1971,EA,24083.49,26.36,7.3461
1972,EA,25118.75,27.89,7.6128
1973,EA,26493.48,29.47,7.9105
1974,EA,27126.46,30.63,8.0545
1975,EA,26913.85,31.46,8.058
1976,EA,28194.71,32.85,8.3051
1977,EA,28892.05,34.12,8.4906
1978,EA,29694.72,35.54,8.7109
1979,EA,30705.69,36.78,8.9155
1980,EA,31263.48,37.62,9.015
1981,EA,31422.08,38.4,9.064
1982,EA,31242.25,38.78,9.0193
1983,EA,31668.25,39.75,9.1318
1984,EA,32635.97,41.44,9.4116
1985,EA,33525.79,42.84,9.6407
1986,EA,34298.81,43.62,9.7654
1987,EA,35209.42,44.51,9.9172
1988,EA,36585.23,45.8,10.1717
1989,EA,37803.36,47.11,10.4105
1990,EA,38784.38,48.4,10.615
1991,EA,39384.7,49.86,10.8041
1992,EA,39686.65,50.93,10.9016
1993,EA,39436.26,52.02,10.9542
1994,EA,40469.62,53.5,11.1704
1995,EA,41394.42,54.39,11.3036
1996,EA,41983.2,55.0,11.369
1997,EA,42996.81,56.12,11.5425
1998,EA,44176.05,56.81,11.6658
1999,EA,45372.89,57.65,11.8039
2000,EA,46970.02,59.13,12.0586
2001,EA,47807.06,60.0,12.1642
2002,EA,47991.21,60.53,12.1808
2003,EA,48063.18,60.86,12.1708
2004,EA,48896.51,61.57,12.2736
2005,EA,49473.51,62.18,12.3422
2006,EA,50870.38,63.09,12.508
2007,EA,52105.51,63.64,12.6056
2008,EA,52054.91,63.44,12.4991
2009,EA,49570.46,62.77,12.1558
2010,EA,50464.78,64.37,12.3933
2011,EA,51182.13,65.44,12.5521
2012,EA,50579.69,65.8,12.5148
2013,EA,50400.46,66.44,12.5511
2014,EA,51024.18,66.95,12.6386
2015,EA,51937.2,67.76,12.7909
2016,EA,52696.34,67.91,12.8369
2017,EA,53946.32,68.92,13.0244
2018,EA,54759.08,69.0,13.0529
2019,EA,55485.8,69.47,13.1235
2020,EA,52065.97,70.89,13.0005
2021,EA,55363.8,71.16,13.232
2022,EA,57089.73,71.13,13.3164
2023,EA,56997.95,70.21,13.1589
2024,EA,57298.33,70.1,13.1252
1890,ESP,4700.98,4.93,2.8218
1891,ESP,4773.69,4.99,2.848
1892,ESP,5166.21,5.41,3.0732
1893,ESP,4939.27,5.16,2.9233
1894,ESP,4989.89,5.25,2.9591
1895,ESP,4902.28,5.17,2.9023
1896,ESP,4417.55,4.65,2.5995
1897,ESP,4693.16,4.99,2.7743
1898,ESP,5022.93,5.25,2.925
1899,ESP,5066.99,5.21,2.9092
1900,ESP,5160.94,5.29,2.9363
1901,ESP,5574.0,5.7,3.1363
1902,ESP,5305.46,5.42,2.9664
1903,ESP,5274.51,5.38,2.932
1904,ESP,5185.23,5.28,2.8692
1905,ESP,5118.71,5.2,2.8119
1906,ESP,5389.05,5.52,2.9719
1907,ESP,5483.81,5.63,3.0218
1908,ESP,5651.19,5.82,3.1062
1909,ESP,5767.16,5.95,3.161
1910,ESP,5461.59,5.65,2.9865
1911,ESP,5845.94,6.12,3.2078
1912,ESP,5620.25,5.88,3.0613
1913,ESP,5911.43,6.18,3.1943
1914,ESP,5728.26,5.94,3.0519
1915,ESP,5786.77,6.01,3.0629
1916,ESP,6017.31,6.24,3.174
1917,ESP,5902.56,6.13,3.1114
1918,ESP,5807.61,6.13,3.0966
1919,ESP,5868.38,6.24,3.147
1920,ESP,6287.93,6.7,3.3764
1921,ESP,6438.8,6.88,3.4587
1922,ESP,6644.23,7.13,3.5701
1923,ESP,6642.06,7.17,3.5721
1924,ESP,6788.84,7.38,3.6503
1925,ESP,7177.28,7.84,3.8466
1926,ESP,7036.84,7.71,3.7535
1927,ESP,7640.59,8.38,4.0458
1928,ESP,7545.83,8.29,3.9645
1929,ESP,8066.86,8.87,4.195
1930,ESP,7604.47,8.35,3.9017
1931,ESP,7386.91,8.06,3.732
1932,ESP,7579.92,8.21,3.8055
1933,ESP,7308.78,7.85,3.6538
1934,ESP,7536.77,8.04,3.751
1935,ESP,7623.72,8.08,3.7809
1936,ESP,5779.24,6.21,2.8971
1937,ESP,5318.07,5.79,2.7165
1938,ESP,5248.78,5.8,2.7421
1939,ESP,5649.14,6.38,3.0369
1940,ESP,6096.68,7.05,3.3483
1941,ESP,6074.0,7.06,3.3575
1942,ESP,6401.76,7.46,3.5355
1943,ESP,6689.38,7.76,3.6649
1944,ESP,6934.56,7.98,3.7594
1945,ESP,6346.43,7.24,3.4069
1946,ESP,6578.95,7.44,3.4989
1947,ESP,6674.53,7.48,3.5138
1948,ESP,6656.7,7.36,3.4508
1949,ESP,6633.21,7.22,3.3648
1950,ESP,6659.69,7.23,3.35
1951,ESP,7267.84,7.94,3.6472
1952,ESP,7851.61,8.64,3.9445
1953,ESP,7773.38,8.59,3.8956
1954,ESP,8264.27,9.18,4.127
1955,ESP,8475.08,9.42,4.1981
1956,ESP,9090.82,10.12,4.4496
1957,ESP,9333.16,10.41,4.5119
1958,ESP,9866.9,10.99,4.7128
1959,ESP,9618.39,11.02,4.6248
1960,ESP,9780.67,11.51,4.7429
1961,ESP,10845.59,12.76,5.2004
1962,ESP,11827.82,13.89,5.5881
1963,ESP,12850.79,15.07,5.9761
1964,ESP,13400.37,15.92,6.1894
1965,ESP,14085.81,16.32,6.2792
1966,ESP,14935.38,17.46,6.5575
1967,ESP,15394.72,17.98,6.6082
1968,ESP,16218.21,19.38,6.9248
1969,ESP,17490.84,21.17,7.3722
1970,ESP,18054.42,21.85,7.4366
1971,ESP,18717.32,22.43,7.4986
1972,ESP,20056.04,24.0,7.8816
1973,ESP,21418.66,25.32,8.1723
1974,ESP,22398.21,26.98,8.4624
1975,ESP,22279.42,28.32,8.5434
1976,ESP,22745.31,29.92,8.7646
1977,ESP,23114.54,31.23,8.923
1978,ESP,23190.7,33.12,9.165
1979,ESP,22994.41,34.33,9.2453
1980,ESP,23043.29,36.44,9.5391
1981,ESP,22871.99,37.88,9.6901
1982,ESP,23032.81,39.14,9.8559
1983,ESP,23330.68,40.66,10.0794
1984,ESP,23650.14,43.32,10.5049
1985,ESP,24110.2,45.05,10.8003
1986,ESP,24819.08,45.64,10.929
1987,ESP,26131.49,46.21,11.1135
1988,ESP,27402.21,47.03,11.3064
1989,ESP,28669.55,47.94,11.4842
1990,ESP,29709.13,47.88,11.4424
1991,ESP,30410.93,48.25,11.4242
1992,ESP,30622.42,49.51,11.5043
1993,ESP,30240.07,50.54,11.4999
1994,ESP,30905.26,51.91,11.6933
1995,ESP,31711.5,52.36,11.7532
1996,ESP,32403.49,52.82,11.8001
1997,ESP,33426.96,52.66,11.7873
1998,ESP,34722.72,52.34,11.7706
1999,ESP,36113.86,52.09,11.7526
2000,ESP,37819.0,52.3,11.8195
2001,ESP,39097.06,52.31,11.8071
2002,ESP,39536.72,52.41,11.7706
2003,ESP,39953.53,52.56,11.7498
2004,ESP,40560.65,52.73,11.7322
2005,ESP,41228.15,52.9,11.7287
2006,ESP,42220.33,53.19,11.7553
2007,ESP,42866.23,53.72,11.7941
2008,ESP,42493.26,53.77,11.665
2009,ESP,40553.03,55.03,11.5819
2010,ESP,40421.3,56.36,11.6969
2011,ESP,40013.31,57.21,11.7283
2012,ESP,38855.96,58.39,11.7418
2013,ESP,38439.72,59.23,11.7754
2014,ESP,39148.6,59.52,11.8417
2015,ESP,40781.16,60.13,12.0375
2016,ESP,41931.33,60.34,12.1315
2017,ESP,43068.35,60.79,12.2576
2018,ESP,43906.57,60.75,12.2875
2019,ESP,44413.64,60.89,12.3187
2020,ESP,39339.95,60.91,11.8379
2021,ESP,41967.34,60.6,11.9854
2022,ESP,44234.87,61.54,12.2957
2023,ESP,44760.25,61.78,12.3697
2024,ESP,45880.91,62.7,12.5656
1890,FIN,3051.3,2.21,1.2597
1891,FIN,2983.37,2.21,1.2465
1892,FIN,2828.1,2.13,1.1944
1893,FIN,2963.96,2.22,1.2325
1894,FIN,3091.5,2.35,1.3034
1895,FIN,3296.68,2.41,1.338
1896,FIN,3469.97,2.51,1.3947
1897,FIN,3589.19,2.61,1.4454
1898,FIN,3686.24,2.73,1.4975
1899,FIN,3551.76,2.69,1.454
1900,FIN,3686.24,2.85,1.5192
1901,FIN,3615.53,2.86,1.5006
1902,FIN,3515.72,2.8,1.4581
1903,FIN,3725.05,2.96,1.5309
1904,FIN,3824.87,3.03,1.564
1905,FIN,3849.82,3.02,1.5563
1906,FIN,3964.89,3.09,1.5877
1907,FIN,4052.22,3.13,1.6049
1908,FIN,4041.13,3.15,1.6029
1909,FIN,4163.13,3.28,1.654
1910,FIN,4211.65,3.32,1.665
1911,FIN,4285.13,3.34,1.6765
1912,FIN,4468.12,3.49,1.7435
1913,FIN,4664.98,3.63,1.8009
1914,FIN,4422.37,3.5,1.714
1915,FIN,4158.97,3.34,1.6183
1916,FIN,4182.54,3.35,1.6227
1917,FIN,3493.54,2.92,1.3932
1918,FIN,3027.73,2.79,1.2939
1919,FIN,3664.05,3.1,1.4719
1920,FIN,4078.56,3.53,1.6636
1921,FIN,4163.13,3.7,1.733
1922,FIN,4547.14,3.97,1.8711
1923,FIN,4832.72,4.16,1.963
1924,FIN,4914.52,4.3,2.008
1925,FIN,5144.65,4.61,2.1246
1926,FIN,5286.05,4.72,2.1667
1927,FIN,5650.66,5.02,2.2925
1928,FIN,5981.99,5.27,2.3885
1929,FIN,6004.17,5.57,2.4485
1930,FIN,5891.88,5.72,2.4567
1931,FIN,5703.34,5.78,2.44
1932,FIN,5635.41,5.7,2.403
1933,FIN,5970.9,5.97,2.5171
1934,FIN,6603.06,6.3,2.6879
1935,FIN,6834.58,6.42,2.7371
1936,FIN,7246.31,6.61,2.8195
1937,FIN,7603.99,6.68,2.8545
1938,FIN,7931.16,6.9,2.9274
1939,FIN,7530.51,7.47,3.0095
1940,FIN,7116.0,7.22,2.8548
1941,FIN,7340.58,7.09,2.8164
1942,FIN,7351.68,7.18,2.8416
1943,FIN,8169.61,7.81,3.112
1944,FIN,8143.27,7.48,3.0139
1945,FIN,7623.39,7.3,2.9136
1946,FIN,8139.11,7.39,2.9932
1947,FIN,8213.97,7.59,3.046
1948,FIN,8743.54,7.76,3.1292
1949,FIN,9155.28,8.33,3.3009
1950,FIN,9397.89,8.67,3.3774
1951,FIN,10100.76,9.39,3.6037
1952,FIN,10328.11,9.69,3.6568
1953,FIN,10279.59,9.73,3.607
1954,FIN,11053.16,10.55,3.8445
1955,FIN,11484.31,11.06,3.9885
1956,FIN,11700.57,11.37,4.0234
1957,FIN,12131.72,11.9,4.1276
1958,FIN,12095.68,11.97,4.079
1959,FIN,12715.36,12.7,4.2531
1960,FIN,13767.58,13.88,4.565
1961,FIN,14710.35,14.67,4.7547
1962,FIN,15046.31,15.22,4.8245
1963,FIN,15431.08,15.69,4.8871
1964,FIN,16149.41,16.31,5.0174
1965,FIN,16949.19,16.98,5.1568
1966,FIN,17286.43,17.56,5.2264
1967,FIN,17565.94,18.43,5.3532
1968,FIN,17890.03,19.25,5.4746
1969,FIN,19617.7,20.99,5.9017
1970,FIN,21185.64,22.29,6.2069
1971,FIN,21595.56,23.31,6.3533
1972,FIN,23098.87,25.06,6.7396
1973,FIN,24484.14,26.44,7.0339
1974,FIN,25105.05,27.25,7.1401
1975,FIN,25261.05,28.73,7.324
1976,FIN,25251.54,29.12,7.2971
1977,FIN,25265.26,29.88,7.3577
1978,FIN,25847.99,30.86,7.5086
1979,FIN,27581.81,32.73,7.9173
1980,FIN,28903.14,33.79,8.1495
1981,FIN,29145.09,33.78,8.1009
1982,FIN,29859.2,34.73,8.2573
1983,FIN,30556.71,36.08,8.4696
1984,FIN,31318.77,37.14,8.6346
1985,FIN,32211.94,38.31,8.8281
1986,FIN,32950.05,39.84,9.0604
1987,FIN,34026.29,40.69,9.2099
1988,FIN,35657.63,42.53,9.5564
1989,FIN,37453.29,44.33,9.8893
1990,FIN,37318.9,45.12,9.8963
1991,FIN,34933.21,45.46,9.6689
1992,FIN,33586.41,47.12,9.753
1993,FIN,33163.23,49.62,10.0519
1994,FIN,34330.05,51.81,10.4641
1995,FIN,35646.5,52.75,10.711
1996,FIN,36829.9,53.8,10.9452
1997,FIN,39070.02,55.49,11.3471
1998,FIN,41091.5,57.71,11.7842
1999,FIN,42795.74,59.06,12.048
2000,FIN,45164.03,61.51,12.5128
2001,FIN,46251.57,62.72,12.6815
2002,FIN,46918.02,63.3,12.7282
2003,FIN,47747.82,64.65,12.9089
2004,FIN,49516.19,66.81,13.276
2005,FIN,50717.5,68.08,13.4672
2006,FIN,52554.04,69.72,13.7567
2007,FIN,55111.21,72.0,14.192
2008,FIN,55285.83,71.16,13.9902
2009,FIN,50578.44,67.98,13.1072
2010,FIN,51941.8,70.44,13.4967
2011,FIN,52937.91,71.4,13.6464
2012,FIN,51884.04,70.4,13.3748
2013,FIN,51140.27,70.63,13.2956
2014,FIN,50676.6,70.85,13.2504
2015,FIN,50745.79,71.0,13.2401
2016,FIN,51910.75,72.47,13.4866
2017,FIN,53500.44,74.69,13.8435
2018,FIN,54060.17,73.76,13.6969
2019,FIN,54736.26,74.13,13.7206
2020,FIN,53285.43,74.4,13.5784
2021,FIN,54605.12,74.76,13.6672
2022,FIN,54869.29,73.47,13.4668
2023,FIN,53962.57,72.59,13.2372
2024,FIN,53745.26,73.09,13.2688
1890,FRA,4831.21,3.28,1.301
1891,FRA,4946.02,3.34,1.3183
1892,FRA,5069.77,3.41,1.3414
1893,FRA,5155.24,3.5,1.3676
1894,FRA,5340.22,3.6,1.4033
1895,FRA,5224.13,3.53,1.3689
1896,FRA,5460.14,3.67,1.4226
1897,FRA,5367.01,3.64,1.4018
1898,FRA,5611.95,3.82,1.4632
1899,FRA,5919.41,4.03,1.5383
1900,FRA,5847.97,3.99,1.5154
1901,FRA,5747.18,3.95,1.4897
1902,FRA,5642.57,3.91,1.464
1903,FRA,5757.39,4.0,1.4911
1904,FRA,5789.28,4.04,1.4976
1905,FRA,5884.96,4.13,1.5242
1906,FRA,5984.47,4.22,1.5489
1907,FRA,6243.44,4.42,1.6128
1908,FRA,6192.41,4.41,1.6006
1909,FRA,6439.91,4.6,1.6638
1910,FRA,6029.12,4.34,1.5605
1911,FRA,6608.3,4.77,1.7032
1912,FRA,7145.39,5.17,1.8365
1913,FRA,7086.7,5.16,1.8175
1914,FRA,6580.24,4.77,1.6717
1915,FRA,6604.48,4.76,1.6546
1916,FRA,7042.05,5.05,1.7513
1917,FRA,6057.19,4.32,1.4978
1918,FRA,4872.03,3.46,1.1963
1919,FRA,5716.57,4.0,1.3995
1920,FRA,6562.38,4.61,1.6162
1921,FRA,6252.37,4.54,1.5791
1922,FRA,7340.57,5.29,1.846
1923,FRA,7633.99,5.61,1.9499
1924,FRA,8497.67,6.37,2.1985
1925,FRA,8472.15,6.47,2.211
1926,FRA,8640.55,6.68,2.2681
1927,FRA,8446.64,6.77,2.2572
1928,FRA,9010.51,7.35,2.4291
1929,FRA,9578.21,7.8,2.5682
1930,FRA,9215.9,7.72,2.5072
1931,FRA,8612.48,7.6,2.4097
1932,FRA,8051.16,7.35,2.2924
1933,FRA,8620.14,7.87,2.4441
1934,FRA,8524.46,7.86,2.4282
1935,FRA,8308.86,7.71,2.373
1936,FRA,8630.34,8.01,2.4607
1937,FRA,9124.05,8.76,2.6604
1938,FRA,9081.95,9.08,2.7231
1939,FRA,9746.61,9.64,2.8973
1940,FRA,8219.56,8.04,2.4217
1941,FRA,6728.22,6.51,1.9672
1942,FRA,6062.29,5.8,1.7762
1943,FRA,5816.07,5.51,1.7056
1944,FRA,4925.61,4.61,1.4493
1945,FRA,5231.79,4.85,1.5559
1946,FRA,7839.39,7.1,2.3326
1947,FRA,8414.74,7.85,2.5603
1948,FRA,8932.69,8.4,2.7294
1949,FRA,10057.89,9.75,3.1192
1950,FRA,10488.06,9.97,3.2046
1951,FRA,10992.33,10.34,3.3149
1952,FRA,11252.14,10.75,3.4124
1953,FRA,11547.67,11.37,3.5634
1954,FRA,12115.09,11.91,3.7241
1955,FRA,12652.15,12.51,3.8964
1956,FRA,13160.2,13.24,4.0893
1957,FRA,13747.26,14.18,4.3297
1958,FRA,13973.82,14.89,4.4815
1959,FRA,14212.97,15.44,4.5935
1960,FRA,15193.68,16.45,4.865
1961,FRA,15761.15,17.49,5.0993
1962,FRA,16505.22,18.6,5.3676
1963,FRA,17257.81,19.6,5.5969
1964,FRA,18185.89,20.54,5.8188
1965,FRA,18895.5,21.76,6.0588
1966,FRA,19692.44,22.69,6.2436
1967,FRA,20476.67,24.22,6.5294
1968,FRA,21246.07,25.81,6.8135
1969,FRA,22560.44,27.75,7.2067
1970,FRA,23752.48,29.41,7.5266
1971,FRA,24775.1,31.14,7.8336
1972,FRA,25667.27,33.18,8.1727
1973,FRA,27036.93,34.78,8.4676
1974,FRA,28045.38,36.77,8.7792
1975,FRA,27653.44,37.85,8.8004
1976,FRA,28737.24,38.0,8.8243
1977,FRA,29625.63,39.8,9.098
1978,FRA,30660.9,41.96,9.445
1979,FRA,31655.94,43.26,9.6491
1980,FRA,32022.01,44.11,9.7248
1981,FRA,32220.78,45.44,9.861
1982,FRA,32815.43,48.18,10.252
1983,FRA,33052.97,49.54,10.4036
1984,FRA,33424.0,51.01,10.5897
1985,FRA,33781.74,52.87,10.8351
1986,FRA,34416.34,53.69,10.9583
1987,FRA,35107.33,54.0,11.0104
1988,FRA,36589.61,55.74,11.335
1989,FRA,37978.97,57.32,11.6149
1990,FRA,38846.2,59.08,11.857
1991,FRA,39136.22,60.14,11.9432
1992,FRA,39539.49,62.5,12.2237
1993,FRA,39233.24,63.59,12.2698
1994,FRA,40023.9,63.87,12.3212
1995,FRA,40803.0,64.74,12.4526
1996,FRA,41230.77,65.42,12.5279
1997,FRA,42127.83,66.6,12.7154
1998,FRA,43426.24,68.1,12.9841
1999,FRA,44676.19,68.93,13.1554
2000,FRA,46212.24,70.86,13.4922
2001,FRA,46752.92,72.07,13.6365
2002,FRA,46914.74,74.11,13.8559
2003,FRA,47041.31,74.62,13.8776
2004,FRA,48043.71,75.45,14.0185
2005,FRA,48591.09,76.28,14.1159
2006,FRA,49571.35,78.28,14.3974
2007,FRA,50522.08,77.98,14.3674
2008,FRA,50440.49,77.54,14.2223
2009,FRA,48772.37,76.8,13.9079
2010,FRA,49512.1,77.85,14.055
2011,FRA,50479.65,78.85,14.2129
2012,FRA,50334.91,79.01,14.1704
2013,FRA,50479.73,80.27,14.295
2014,FRA,50723.19,81.1,14.3792
2015,FRA,51037.78,81.75,14.4482
2016,FRA,51284.15,81.7,14.4227
2017,FRA,52143.56,83.27,14.6482
2018,FRA,52761.0,83.38,14.6688
2019,FRA,53622.23,83.81,14.7424
2020,FRA,49462.86,83.96,14.3497
2021,FRA,52624.28,82.82,14.4455
2022,FRA,53849.46,81.54,14.333
2023,FRA,54484.65,81.54,14.3276
2024,FRA,54988.51,81.56,14.3176
1890,GBR,8487.16,7.82,3.7931
1891,GBR,8407.8,7.83,3.7834
1892,GBR,8125.11,7.64,3.6767
1893,GBR,8042.03,7.67,3.6736
1894,GBR,8494.6,8.05,3.8575
1895,GBR,8674.38,8.21,3.9338
1896,GBR,8940.96,8.38,4.018
1897,GBR,8963.28,8.39,4.0176
1898,GBR,9299.3,8.7,4.1528
1899,GBR,9583.24,8.83,4.2155
1900,GBR,9415.85,8.66,4.1164
1901,GBR,9319.14,8.66,4.0847
1902,GBR,9466.68,8.84,4.1411
1903,GBR,9276.98,8.7,4.0443
1904,GBR,9243.5,8.78,4.047
1905,GBR,9427.01,8.91,4.0963
1906,GBR,9648.95,9.0,4.1401
1907,GBR,9739.46,9.02,4.1458
1908,GBR,9250.94,8.84,4.023
1909,GBR,9369.97,9.01,4.0997
1910,GBR,9569.6,9.04,4.1423
1911,GBR,9763.02,9.12,4.1928
1912,GBR,9862.21,9.14,4.2097
1913,GBR,10182.11,9.38,4.3235
1914,GBR,10081.68,9.27,4.2733
1915,GBR,10711.55,9.61,4.4565
1916,GBR,10789.66,9.58,4.4625
1917,GBR,10743.79,9.51,4.4449
1918,GBR,10700.39,9.41,4.4146
1919,GBR,9429.49,9.29,4.2134
1920,GBR,8700.42,8.81,3.9602
1921,GBR,8421.44,9.51,4.0386
1922,GBR,9164.15,10.33,4.3801
1923,GBR,9407.17,10.64,4.4986
1924,GBR,9725.82,11.05,4.6571
1925,GBR,10165.99,11.35,4.7864
1926,GBR,9755.58,11.03,4.6097
1927,GBR,10504.49,11.25,4.7644
1928,GBR,10587.56,11.36,4.7928
1929,GBR,10876.46,11.59,4.877
1930,GBR,10753.71,11.77,4.888
1931,GBR,10154.83,11.44,4.683
1932,GBR,10174.67,11.48,4.6808
1933,GBR,10428.85,11.59,4.7423
1934,GBR,11083.52,12.0,4.9474
1935,GBR,11461.69,12.17,5.0359
1936,GBR,11927.9,12.26,5.1076
1937,GBR,12288.71,12.23,5.1156
1938,GBR,12384.18,12.91,5.2882
1939,GBR,12376.74,12.27,5.0806
1940,GBR,13549.69,12.79,5.3367
1941,GBR,14787.12,13.48,5.6644
1942,GBR,15097.1,13.42,5.6879
1943,GBR,15305.4,13.66,5.8003
1944,GBR,14634.61,13.33,5.7167
1945,GBR,13945.23,13.51,5.7824
1946,GBR,13330.23,13.83,5.8827
1947,GBR,13052.49,14.03,5.8857
1948,GBR,13332.71,14.63,6.0721
1949,GBR,13748.08,15.22,6.2596
1950,GBR,13714.6,14.9,6.0914
1951,GBR,14077.9,15.06,6.1158
1952,GBR,14014.66,15.27,6.1014
1953,GBR,14518.06,15.76,6.2477
1954,GBR,15058.66,16.14,6.36
1955,GBR,15549.66,16.56,6.4638
1956,GBR,15739.84,16.8,6.4702
1957,GBR,15973.37,17.28,6.5405
1958,GBR,16118.08,17.96,6.6416
1959,GBR,16708.46,19.04,6.9013
1960,GBR,17623.68,19.98,7.1661
1961,GBR,17945.63,20.62,7.2638
1962,GBR,17973.47,21.13,7.2794
1963,GBR,18724.2,22.2,7.5153
1964,GBR,19658.51,23.13,7.7472
1965,GBR,19942.05,23.66,7.7809
1966,GBR,20143.86,24.61,7.8947
1967,GBR,20579.45,25.75,8.1148
1968,GBR,21601.99,27.39,8.4963
1969,GBR,21915.88,28.05,8.5722
1970,GBR,22438.5,29.55,8.8469
1971,GBR,23135.06,31.74,9.2569
1972,GBR,24070.52,32.64,9.4339
1973,GBR,25577.03,34.06,9.7838
1974,GBR,24932.12,33.39,9.4484
1975,GBR,24557.35,33.58,9.3287
1976,GBR,25301.77,34.94,9.5739
1977,GBR,25935.33,35.56,9.6675
1978,GBR,27027.23,36.84,9.9369
1979,GBR,28004.94,37.88,10.1483
1980,GBR,27387.21,37.89,9.9987
1981,GBR,27221.84,39.5,10.1992
1982,GBR,27795.36,41.17,10.5051
1983,GBR,28946.04,43.36,10.9611
1984,GBR,29546.52,43.25,10.9438
1985,GBR,30678.72,44.4,11.196
1986,GBR,31561.84,45.64,11.4275
1987,GBR,33213.25,47.06,11.7722
1988,GBR,34945.0,47.83,11.9906
1989,GBR,35690.75,47.64,11.9109
1990,GBR,35792.52,48.04,11.8519
1991,GBR,35165.9,49.36,11.8817
1992,GBR,35173.47,50.89,12.0302
1993,GBR,35892.77,52.66,12.2961
1994,GBR,37024.89,53.71,12.4881
1995,GBR,37809.08,54.26,12.556
1996,GBR,38705.03,55.18,12.6877
1997,GBR,40489.42,56.89,13.0365
1998,GBR,41688.73,58.29,13.2498
1999,GBR,42763.39,59.47,13.4083
2000,GBR,44544.84,62.02,13.8466
2001,GBR,45434.77,62.86,13.9254
2002,GBR,46014.33,64.07,14.0358
2003,GBR,47279.48,65.84,14.2965
2004,GBR,48126.62,66.74,14.3868
2005,GBR,49090.54,67.73,14.507
2006,GBR,49824.1,68.76,14.5999
2007,GBR,50872.91,70.12,14.7732
2008,GBR,50432.43,69.72,14.5537
2009,GBR,47781.15,68.51,14.0421
2010,GBR,48472.77,69.68,14.2158
2011,GBR,48479.94,70.05,14.2157
2012,GBR,48891.73,69.66,14.1414
2013,GBR,49400.06,69.52,14.1111
2014,GBR,50581.85,69.76,14.1901
2015,GBR,51293.03,70.18,14.2385
2016,GBR,52010.1,70.76,14.3002
2017,GBR,53290.88,72.12,14.498
2018,GBR,53853.9,72.64,14.5109
2019,GBR,54250.58,72.44,14.4203
2020,GBR,48716.91,73.16,13.956
2021,GBR,52689.39,74.11,14.3573
2022,GBR,54894.64,75.02,14.602
2023,GBR,54330.12,74.64,14.4542
2024,GBR,54338.97,74.03,14.3166
1890,GRC,4064.53,3.1,1.1772
1891,GRC,3542.28,2.71,1.0273
1892,GRC,3697.15,2.83,1.075
1893,GRC,3934.86,3.01,1.1469
1894,GRC,4021.3,3.09,1.174
1895,GRC,3870.03,2.97,1.1318
1896,GRC,4248.21,3.27,1.2448
1897,GRC,3608.91,2.78,1.0588
1898,GRC,3898.85,3.01,1.1471
1899,GRC,3978.08,3.08,1.1731
1900,GRC,3551.28,2.76,1.0516
1901,GRC,3403.61,2.65,1.0112
1902,GRC,4363.47,3.41,1.3011
1903,GRC,4262.62,3.34,1.2727
1904,GRC,4498.53,3.54,1.3452
1905,GRC,4610.18,3.64,1.3803
1906,GRC,4556.16,3.6,1.3655
1907,GRC,4619.19,3.66,1.3862
1908,GRC,4592.18,3.65,1.3795
1909,GRC,4684.02,3.74,1.4091
1910,GRC,4667.81,3.74,1.4064
1911,GRC,5818.56,4.67,1.7554
1912,GRC,5645.67,4.55,1.7012
1913,GRC,3378.4,2.73,1.017
1914,GRC,4311.24,3.53,1.3136
1915,GRC,3281.15,2.72,1.0106
1916,GRC,2789.52,2.35,0.8708
1917,GRC,2434.75,2.08,0.7711
1918,GRC,4104.14,3.55,1.32
1919,GRC,3657.53,3.21,1.1917
1920,GRC,4113.15,3.6,1.3431
1921,GRC,5505.21,4.96,1.8504
1922,GRC,5634.87,5.09,1.8993
1923,GRC,5706.9,5.34,1.9797
1924,GRC,5905.0,5.63,2.07
1925,GRC,6142.71,5.82,2.1298
1926,GRC,6257.96,6.01,2.1907
1927,GRC,6373.22,6.21,2.2533
1928,GRC,6412.84,6.35,2.2872
1929,GRC,6722.58,6.74,2.4125
1930,GRC,6481.27,6.58,2.3388
1931,GRC,6126.5,6.32,2.2331
1932,GRC,6571.31,6.87,2.4187
1933,GRC,6875.66,7.22,2.5351
1934,GRC,6940.49,7.32,2.5706
1935,GRC,7118.77,7.57,2.6492
1936,GRC,7046.74,7.55,2.632
1937,GRC,7948.96,8.57,2.9805
1938,GRC,7684.24,8.33,2.8876
1939,GRC,7572.59,8.14,2.8254
1940,GRC,6380.42,6.87,2.3835
1941,GRC,5379.15,5.84,2.0303
1942,GRC,4532.75,4.92,1.7093
1943,GRC,3808.8,4.1,1.4291
1944,GRC,3203.72,3.41,1.1962
1945,GRC,2692.28,2.83,1.0025
1946,GRC,3978.08,4.15,1.4867
1947,GRC,5060.4,5.19,1.8781
1948,GRC,5161.24,5.35,1.9451
1949,GRC,5364.74,5.77,2.0757
1950,GRC,5496.2,5.44,1.971
1951,GRC,5919.4,5.88,2.121
1952,GRC,5892.39,5.88,2.1152
1953,GRC,6628.94,6.65,2.3846
1954,GRC,6769.41,6.82,2.4311
1955,GRC,7216.02,7.3,2.5812
1956,GRC,7767.08,7.89,2.7579
1957,GRC,8206.49,8.4,2.8961
1958,GRC,8505.43,8.76,2.9887
1959,GRC,8726.93,9.09,3.0605
1960,GRC,9031.28,9.49,3.1525
1961,GRC,9953.77,10.55,3.4571
1962,GRC,10046.37,10.87,3.4901
1963,GRC,11023.72,12.19,3.8336
1964,GRC,11890.9,13.43,4.1506
1965,GRC,12947.07,14.86,4.5087
1966,GRC,13635.77,15.99,4.745
1967,GRC,14213.55,17.14,4.976
1968,GRC,15118.61,18.59,5.288
1969,GRC,16554.7,20.58,5.7273
1970,GRC,17830.84,22.68,6.1353
1971,GRC,19146.03,24.38,6.4788
1972,GRC,20954.47,26.7,6.9694
1973,GRC,22547.33,28.56,7.2896
1974,GRC,21017.99,26.68,6.6479
1975,GRC,22147.66,28.33,6.9915
1976,GRC,23352.54,29.89,7.3104
1977,GRC,23675.76,30.51,7.3808
1978,GRC,25062.23,32.56,7.7661
1979,GRC,25565.33,33.24,7.8133
1980,GRC,25485.21,33.0,7.6536
1981,GRC,24866.84,30.87,7.1895
1982,GRC,24432.48,30.86,7.1052
1983,GRC,24029.09,30.42,6.9611
1984,GRC,24390.02,32.17,7.2249
1985,GRC,24907.24,31.9,7.207
1986,GRC,24952.74,32.14,7.2177
1987,GRC,24306.66,32.09,7.1219
1988,GRC,25258.04,33.11,7.338
1989,GRC,26079.92,33.54,7.4542
1990,GRC,25897.6,33.47,7.4073
1991,GRC,26476.72,34.62,7.611
1992,GRC,26467.59,33.91,7.4788
1993,GRC,25901.51,32.78,7.2378
1994,GRC,26300.18,33.36,7.3479
1995,GRC,26781.0,34.05,7.4831
1996,GRC,27031.83,34.71,7.5994
1997,GRC,27867.86,36.08,7.8679
1998,GRC,28666.34,35.77,7.874
1999,GRC,29316.02,36.7,8.0383
2000,GRC,30404.5,38.03,8.2923
2001,GRC,31653.38,39.83,8.6289
2002,GRC,33014.59,40.85,8.8481
2003,GRC,34845.01,42.77,9.2422
2004,GRC,36628.2,44.12,9.5311
2005,GRC,36953.11,43.1,9.3384
2006,GRC,39216.22,45.23,9.7928
2007,GRC,40488.21,46.51,10.0146
2008,GRC,40404.11,46.06,9.8596
2009,GRC,38638.03,44.98,9.5092
2010,GRC,36391.04,44.53,9.24
2011,GRC,32845.33,41.51,8.5221
2012,GRC,30272.32,38.84,7.9442
2013,GRC,29799.79,38.05,7.8082
2014,GRC,30236.72,37.94,7.8447
2015,GRC,30366.94,39.29,8.0689
2016,GRC,30483.86,37.83,7.8911
2017,GRC,30994.16,38.5,8.056
2018,GRC,31698.34,37.31,7.9546
2019,GRC,32454.4,38.19,8.1698
2020,GRC,29533.11,39.32,8.1312
2021,GRC,32264.51,38.06,8.1763
2022,GRC,34243.2,38.63,8.4108
2023,GRC,35077.53,38.75,8.4808
2024,GRC,35866.75,38.97,8.5618
1890,IRL,5185.79,2.6,2.1842
1891,IRL,5260.43,2.65,2.2159
1892,IRL,5345.5,2.69,2.2473
1893,IRL,5409.86,2.74,2.2795
1894,IRL,5464.26,2.79,2.312
1895,IRL,5532.39,2.84,2.3427
1896,IRL,5587.83,2.89,2.3735
1897,IRL,5636.24,2.95,2.4031
1898,IRL,5684.9,3.0,2.4321
1899,IRL,5738.92,3.05,2.4583
1900,IRL,5814.05,3.1,2.4804
1901,IRL,5874.65,3.16,2.4995
1902,IRL,5925.18,3.22,2.5193
1903,IRL,5967.97,3.27,2.5334
1904,IRL,6010.95,3.32,2.5512
1905,IRL,6054.13,3.38,2.5695
1906,IRL,6083.65,3.44,2.587
1907,IRL,6127.08,3.5,2.6058
1908,IRL,6170.72,3.56,2.6301
1909,IRL,6186.25,3.61,2.6501
1910,IRL,6230.02,3.68,2.6836
1911,IRL,6265.4,3.75,2.7171
1912,IRL,6303.72,3.84,2.7633
1913,IRL,6362.56,3.94,2.8136
1914,IRL,6354.08,4.03,2.847
1915,IRL,6390.01,4.11,2.8711
1916,IRL,6366.59,4.21,2.8961
1917,IRL,6328.2,4.31,2.9163
1918,IRL,6275.1,4.41,2.9441
1919,IRL,6136.44,4.53,2.9848
1920,IRL,6084.77,4.66,3.0253
1921,IRL,6061.07,4.7,2.9981
1922,IRL,6215.67,4.85,3.0356
1923,IRL,6161.64,5.01,3.0786
1924,IRL,6146.63,5.18,3.1174
1925,IRL,6155.63,5.37,3.1529
1926,IRL,6154.13,5.58,3.1862
1927,IRL,6347.76,5.82,3.2597
1928,IRL,6548.9,6.07,3.3359
1929,IRL,6756.04,6.36,3.4239
1930,IRL,6931.65,6.59,3.4847
1931,IRL,7110.27,6.84,3.5603
1932,IRL,6903.13,6.72,3.4438
1933,IRL,6699.0,6.56,3.3273
1934,IRL,6895.63,6.76,3.3839
1935,IRL,7096.76,6.91,3.4088
1936,IRL,7302.4,7.03,3.4241
1937,IRL,7074.25,6.71,3.2272
1938,IRL,7302.4,6.81,3.2481
1939,IRL,7302.4,6.72,3.1826
1940,IRL,7302.4,6.7,3.153
1941,IRL,7302.4,6.71,3.1441
1942,IRL,7302.4,6.58,3.0714
1943,IRL,7302.4,6.49,3.0179
1944,IRL,7302.4,6.44,2.9849
1945,IRL,7222.85,6.35,2.9334
1946,IRL,7302.4,6.4,2.9382
1947,IRL,7398.47,6.46,2.9568
1948,IRL,7728.69,6.71,3.0614
1949,IRL,8144.47,7.01,3.168
1950,IRL,8261.55,7.02,3.1389
1951,IRL,8479.19,7.3,3.2029
1952,IRL,8713.35,7.61,3.2657
1953,IRL,8965.52,7.94,3.3364
1954,IRL,9078.09,8.15,3.3573
1955,IRL,9378.3,8.54,3.4398
1956,IRL,9324.26,8.61,3.3893
1957,IRL,9364.79,8.97,3.4371
1958,IRL,9259.72,8.96,3.3821
1959,IRL,9661.99,9.44,3.5265
1960,IRL,10244.38,10.06,3.722
1961,IRL,10774.3,10.61,3.8886
1962,IRL,11074.97,10.83,3.9482
1963,IRL,11533.26,11.26,4.068
1964,IRL,11911.9,11.62,4.1479
1965,IRL,12096.67,11.85,4.1658
1966,IRL,12156.18,11.98,4.1434
1967,IRL,12799.0,12.72,4.3338
1968,IRL,13791.9,13.72,4.611
1969,IRL,14515.48,14.46,4.7886
1970,IRL,14777.72,15.01,4.8666
1971,IRL,15146.72,15.47,4.9447
1972,IRL,15884.36,16.82,5.2584
1973,IRL,16369.11,17.46,5.3971
1974,IRL,16787.87,18.25,5.5476
1975,IRL,17441.57,19.52,5.8427
1976,IRL,17405.46,20.02,5.9086
1977,IRL,18581.39,21.27,6.2469
1978,IRL,19664.35,22.76,6.6142
1979,IRL,19943.7,22.54,6.5387
1980,IRL,20358.35,23.88,6.7517
1981,IRL,20778.69,25.12,6.9501
1982,IRL,21027.2,25.89,7.0225
1983,IRL,20826.23,26.18,6.9596
1984,IRL,21585.29,28.08,7.3163
1985,IRL,22175.9,28.97,7.4674
1986,IRL,22074.69,28.55,7.318
1987,IRL,23097.54,30.0,7.6231
1988,IRL,24385.2,31.42,7.9461
1989,IRL,25957.31,33.17,8.3374
1990,IRL,28187.12,34.66,8.7368
1991,IRL,28568.08,36.06,8.9417
1992,IRL,29282.33,38.03,9.2962
1993,IRL,29910.94,39.0,9.4671
1994,IRL,31526.72,39.99,9.7006
1995,IRL,34648.22,42.46,10.2984
1996,IRL,36950.65,45.23,10.8736
1997,IRL,40595.62,49.86,11.8445
1998,IRL,43561.3,52.97,12.4639
1999,IRL,47627.7,55.28,12.9953
2000,IRL,51428.69,58.32,13.5845
2001,IRL,53322.84,60.44,13.8745
2002,IRL,55491.14,63.59,14.3452
2003,IRL,56231.89,65.41,14.4814
2004,IRL,59010.33,68.17,14.9154
2005,IRL,61007.5,68.81,14.9665
2006,IRL,62403.18,69.94,15.0197
2007,IRL,63769.93,71.66,15.1777
2008,IRL,59611.92,70.5,14.5081
2009,IRL,56036.73,75.29,14.7358
2010,IRL,56722.24,80.02,15.3142
2011,IRL,57398.51,82.78,15.6779
2012,IRL,56931.07,83.05,15.6259
2013,IRL,57894.91,81.55,15.4305
2014,IRL,62887.52,86.37,16.4155
2015,IRL,77650.03,104.49,19.8805
2016,IRL,77661.88,100.52,19.0747
2017,IRL,84295.51,105.94,19.8414
2018,IRL,89489.88,109.92,20.3375
2019,IRL,92482.93,111.77,20.5311
2020,IRL,97780.66,132.17,22.5826
2021,IRL,112396.14,142.9,24.3117
2022,IRL,118330.89,140.95,24.4601
2023,IRL,113236.33,135.07,23.4144
2024,IRL,114257.02,135.73,23.466
1890,ITA,4675.36,3.4,2.2072
1891,ITA,4738.25,3.54,2.2695
1892,ITA,4742.96,3.61,2.2975
1893,ITA,4816.85,3.74,2.3639
1894,ITA,4843.57,3.75,2.3733
1895,ITA,4884.45,3.78,2.3882
1896,ITA,4956.76,3.81,2.4136
1897,ITA,4964.63,3.77,2.3995
1898,ITA,4944.19,3.77,2.4023
1899,ITA,4999.21,3.78,2.4177
1900,ITA,5131.27,3.86,2.4714
1901,ITA,5214.59,3.92,2.5141
1902,ITA,5299.48,4.04,2.5787
1903,ITA,5348.21,4.09,2.6
1904,ITA,5440.96,4.16,2.6413
1905,ITA,5552.58,4.26,2.6895
1906,ITA,5741.23,4.41,2.768
1907,ITA,5841.85,4.46,2.7871
1908,ITA,5966.04,4.47,2.7872
1909,ITA,6014.77,4.55,2.8126
1910,ITA,6019.49,4.61,2.8155
1911,ITA,6083.95,4.67,2.8244
1912,ITA,6091.81,4.67,2.7945
1913,ITA,6377.92,4.78,2.8516
1914,ITA,6028.92,4.5,2.6673
1915,ITA,5725.51,4.37,2.5544
1916,ITA,6197.13,4.68,2.7371
1917,ITA,6217.57,4.59,2.7039
1918,ITA,6061.94,5.01,2.8551
1919,ITA,5818.26,5.49,3.0118
1920,ITA,5956.61,5.52,3.0435
1921,ITA,5753.81,5.43,2.9818
1922,ITA,6175.13,5.75,3.1659
1923,ITA,6678.19,6.27,3.4243
1924,ITA,6797.67,6.29,3.4241
1925,ITA,7200.12,6.52,3.5462
1926,ITA,7193.83,6.5,3.5101
1927,ITA,7002.04,6.36,3.4088
1928,ITA,7377.77,6.98,3.6734
1929,ITA,7685.89,7.18,3.7662
1930,ITA,7280.3,6.96,3.5904
1931,ITA,7134.09,7.07,3.5677
1932,ITA,7234.71,7.38,3.6578
1933,ITA,7096.36,7.34,3.5965
1934,ITA,7020.9,7.29,3.5413
1935,ITA,7341.61,7.47,3.615
1936,ITA,7028.76,7.15,3.4219
1937,ITA,7670.17,7.66,3.6511
1938,ITA,7830.52,7.51,3.6068
1939,ITA,8247.13,7.93,3.798
1940,ITA,8016.03,8.1,3.8099
1941,ITA,7808.52,8.38,3.8599
1942,ITA,7327.46,7.89,3.6246
1943,ITA,6179.84,6.66,3.0576
1944,ITA,4970.91,5.42,2.4806
1945,ITA,4450.56,4.92,2.2564
1946,ITA,5981.76,6.71,3.0883
1947,ITA,7071.21,7.99,3.6464
1948,ITA,7567.99,8.49,3.8598
1949,ITA,8155.95,9.27,4.18
1950,ITA,8775.34,10.08,4.5031
1951,ITA,9366.45,10.78,4.7706
1952,ITA,10015.71,11.45,5.0245
1953,ITA,10674.42,12.12,5.2577
1954,ITA,11149.18,12.54,5.3717
1955,ITA,11716.7,13.23,5.5641
1956,ITA,12175.75,13.74,5.6632
1957,ITA,12825.02,14.44,5.8391
1958,ITA,13431.84,15.12,5.9866
1959,ITA,14166.0,15.99,6.1916
1960,ITA,14824.7,16.73,6.3373
1961,ITA,15937.93,18.13,6.6997
1962,ITA,16820.19,19.76,7.0711
1963,ITA,17640.63,21.38,7.4022
1964,ITA,17992.71,22.11,7.4653
1965,ITA,18442.59,24.08,7.8124
1966,ITA,19417.65,25.7,8.1389
1967,ITA,20679.0,26.89,8.4049
1968,ITA,21899.49,28.75,8.7988
1969,ITA,23090.95,30.74,9.1885
1970,ITA,24466.2,32.97,9.6201
1971,ITA,24780.35,34.49,9.7328
1972,ITA,25392.7,36.01,9.8914
1973,ITA,26842.69,38.14,10.2676
1974,ITA,28039.38,40.17,10.5785
1975,ITA,27293.86,39.64,10.2047
1976,ITA,28931.04,41.85,10.6239
1977,ITA,29488.03,43.5,10.8236
1978,ITA,30455.9,45.18,11.0696
1979,ITA,32047.72,47.32,11.4604
1980,ITA,33094.03,48.24,11.5702
1981,ITA,33307.36,48.57,11.4843
1982,ITA,33425.48,48.4,11.3246
1983,ITA,33803.97,48.69,11.2852
1984,ITA,34886.67,50.56,11.5824
1985,ITA,35852.44,51.65,11.7375
1986,ITA,36875.79,52.42,11.8461
1987,ITA,38049.02,53.54,12.0253
1988,ITA,39625.75,54.97,12.2827
1989,ITA,40937.7,56.82,12.5672
1990,ITA,41743.07,57.59,12.6336
1991,ITA,42341.27,57.68,12.5747
1992,ITA,42678.27,58.49,12.6066
1993,ITA,42288.47,59.58,12.6288
1994,ITA,43189.29,61.89,12.976
1995,ITA,44435.4,63.61,13.264
1996,ITA,44926.95,63.63,13.225
1997,ITA,45767.86,64.84,13.3904
1998,ITA,46580.34,64.82,13.3747
1999,ITA,47353.95,65.25,13.416
2000,ITA,49169.99,67.17,13.7543
2001,ITA,50123.37,67.58,13.7935
2002,ITA,50161.83,67.19,13.6478
2003,ITA,49924.69,66.78,13.489
2004,ITA,50284.76,67.42,13.5444
2005,ITA,50373.26,67.73,13.5271
2006,ITA,51074.96,67.56,13.4866
2007,ITA,51507.6,67.5,13.4476
2008,ITA,50588.88,67.06,13.2602
2009,ITA,47628.08,65.8,12.8035
2010,ITA,48143.05,67.17,13.004
2011,ITA,48310.38,67.64,13.0523
2012,ITA,46672.76,67.17,12.83
2013,ITA,45732.73,67.7,12.8143
2014,ITA,45725.18,67.77,12.8199
2015,ITA,46199.92,67.83,12.8607
2016,ITA,46860.07,67.53,12.8657
2017,ITA,47701.18,67.88,12.9635
2018,ITA,48195.96,67.77,12.9667
2019,ITA,48522.8,68.04,13.0006
2020,ITA,44435.62,70.26,12.9128
2021,ITA,48654.41,69.43,13.1348
2022,ITA,51103.37,69.79,13.3357
2023,ITA,51627.78,68.74,13.1822
2024,ITA,52000.54,67.78,13.0003
1890,JPN,2124.43,1.64,1.6444
1891,JPN,2005.42,1.56,1.5437
1892,JPN,2110.82,1.65,1.6148
1893,JPN,2100.21,1.65,1.6004
1894,JPN,2311.07,1.82,1.7559
1895,JPN,2317.27,1.83,1.7496
1896,JPN,2182.73,1.73,1.637
1897,JPN,2182.81,1.74,1.6218
1898,JPN,2559.13,2.04,1.8732
1899,JPN,2412.09,1.93,1.7406
1900,JPN,2433.51,1.95,1.7411
1901,JPN,2477.37,1.99,1.7579
1902,JPN,2306.88,1.86,1.6225
1903,JPN,2525.91,2.04,1.7637
1904,JPN,2497.4,2.03,1.7317
1905,JPN,2419.76,1.97,1.6749
1906,JPN,2669.3,2.19,1.8336
1907,JPN,2702.82,2.23,1.8423
1908,JPN,2701.32,2.24,1.8244
1909,JPN,2674.14,2.23,1.7866
1910,JPN,2655.55,2.23,1.758
1911,JPN,2750.44,2.32,1.7946
1912,JPN,2773.29,2.35,1.7712
1913,JPN,2785.8,2.37,1.7614
1914,JPN,2702.34,2.31,1.6958
1915,JPN,2879.14,2.47,1.7947
1916,JPN,3242.72,2.77,2.0008
1917,JPN,3370.33,2.86,2.0588
1918,JPN,3407.99,2.87,2.0471
1919,JPN,3689.73,3.11,2.178
1920,JPN,3408.54,2.87,1.9829
1921,JPN,3718.44,3.1,2.1106
1922,JPN,3717.84,3.08,2.0707
1923,JPN,3717.52,3.05,2.0338
1924,JPN,3800.96,3.1,2.2779
1925,JPN,3913.28,3.16,2.2788
1926,JPN,3849.31,3.12,2.1962
1927,JPN,3835.96,3.12,2.1435
1928,JPN,4073.46,3.32,2.2315
1929,JPN,4200.65,3.44,2.2679
1930,JPN,3821.31,3.14,2.0325
1931,JPN,3806.07,3.14,2.0022
1932,JPN,4045.01,3.35,2.1126
1933,JPN,4340.15,3.61,2.256
1934,JPN,4304.49,3.6,2.2242
1935,JPN,4384.28,3.69,2.2539
1936,JPN,4567.94,3.92,2.3478
1937,JPN,4670.38,4.12,2.4175
1938,JPN,4878.88,4.4,2.5286
1939,JPN,5505.74,5.0,2.8257
1940,JPN,5595.84,5.13,2.8391
1941,JPN,5714.86,5.34,2.9096
1942,JPN,5660.19,5.39,2.8926
1943,JPN,5530.8,5.36,2.8472
1944,JPN,5519.87,5.46,2.8619
1945,JPN,4215.07,4.15,2.1431
1946,JPN,3176.34,3.14,1.778
1947,JPN,3107.09,3.08,1.7256
1948,JPN,3274.75,3.31,1.8179
1949,JPN,3285.68,3.37,1.8177
1950,JPN,3509.44,3.65,1.9414
1951,JPN,3884.22,4.04,2.1355
1952,JPN,4268.17,4.44,2.3265
1953,JPN,4520.32,4.7,2.434
1954,JPN,4717.46,4.84,2.4701
1955,JPN,5062.44,5.03,2.5472
1956,JPN,5385.65,5.17,2.5987
1957,JPN,5729.48,5.35,2.6531
1958,JPN,6009.14,5.57,2.7068
1959,JPN,6492.8,5.96,2.8433
1960,JPN,7282.49,6.54,3.0626
1961,JPN,8072.62,7.2,3.2833
1962,JPN,8685.31,7.81,3.4261
1963,JPN,9352.87,8.45,3.5762
1964,JPN,10291.23,9.23,3.7881
1965,JPN,10758.88,9.69,3.8434
1966,JPN,11753.6,10.43,4.0383
1967,JPN,12922.33,11.29,4.2731
1968,JPN,14300.22,12.41,4.5285
1969,JPN,15821.6,13.87,4.8903
1970,JPN,17252.27,15.21,5.1765
1971,JPN,17779.15,15.82,5.1937
1972,JPN,19006.8,17.04,5.4184
1973,JPN,20246.71,18.13,5.6004
1974,JPN,19734.42,18.49,5.4745
1975,JPN,20087.26,19.38,5.5638
1976,JPN,20654.23,19.72,5.5701
1977,JPN,21350.86,20.28,5.6321
1978,JPN,22273.07,21.1,5.764
1979,JPN,23299.87,21.98,5.9057
1980,JPN,23767.67,22.44,5.9206
1981,JPN,24583.59,23.3,6.0441
1982,JPN,25236.85,23.95,6.1171
1983,JPN,25833.49,24.36,6.1482
1984,JPN,26814.17,25.21,6.2875
1985,JPN,28337.17,26.88,6.6037
1986,JPN,28993.07,27.53,6.6756
1987,JPN,30040.97,28.47,6.819
1988,JPN,32055.21,30.13,7.1324
1989,JPN,33650.52,31.68,7.3789
1990,JPN,35408.98,33.34,7.6412
1991,JPN,36441.63,34.54,7.7764
1992,JPN,36602.65,35.18,7.7699
1993,JPN,36556.39,36.11,7.8057
1994,JPN,36819.63,36.55,7.8
1995,JPN,37585.85,37.23,7.8737
1996,JPN,38657.04,38.18,8.0194
1997,JPN,39090.63,38.98,8.0833
1998,JPN,38294.98,39.21,7.9966
1999,JPN,38090.12,40.31,8.0798
2000,JPN,39149.09,41.56,8.2687
2001,JPN,39167.55,42.11,8.2953
2002,JPN,39118.39,42.9,8.3558
2003,JPN,39585.55,43.45,8.4227
2004,JPN,40390.33,44.46,8.5753
2005,JPN,41130.1,45.12,8.6764
2006,JPN,41738.99,45.27,8.6998
2007,JPN,42413.27,45.72,8.7694
2008,JPN,41897.19,45.61,8.6936
2009,JPN,39413.59,44.85,8.4123
2010,JPN,41041.03,46.25,8.6919
2011,JPN,41026.72,46.44,8.7048
2012,JPN,41794.45,47.07,8.8426
2013,JPN,42702.51,48.12,9.0216
2014,JPN,43113.4,48.5,9.0806
2015,JPN,43941.93,49.59,9.2531
2016,JPN,44313.4,49.62,9.2539
2017,JPN,45113.5,50.05,9.3333
2018,JPN,45584.43,50.45,9.3871
2019,JPN,45543.25,50.94,9.4197
2020,JPN,43751.5,50.45,9.2118
2021,JPN,45385.41,51.95,9.4858
2022,JPN,46194.07,52.58,9.5871
2023,JPN,46749.65,52.65,9.6005
2024,JPN,46844.59,52.78,9.5932
1890,MEX,2830.61,2.27,2.1273
1891,MEX,2898.85,2.34,2.0518
1892,MEX,2967.09,2.4,2.0623
1893,MEX,3035.33,2.47,2.0815
1894,MEX,3103.56,2.54,2.1344
1895,MEX,3171.8,2.61,2.1882
1896,MEX,3222.35,2.66,2.2142
1897,MEX,3390.23,2.82,2.2868
1898,MEX,3536.46,2.95,2.3107
1899,MEX,3312.61,2.78,2.1183
1900,MEX,3289.14,2.78,2.0544
1901,MEX,3532.85,3.0,2.1975
1902,MEX,3242.21,2.77,2.0108
1903,MEX,3570.76,3.07,2.1998
1904,MEX,3596.03,3.1,2.2062
1905,MEX,3930.0,3.41,2.4029
1906,MEX,3845.15,3.36,2.3331
1907,MEX,4029.29,3.54,2.4006
1908,MEX,3976.94,3.51,2.3311
1909,MEX,4050.95,3.59,2.3525
1910,MEX,4043.73,3.59,2.3018
1911,MEX,3881.26,3.42,2.1489
1912,MEX,3846.96,3.36,2.0874
1913,MEX,3617.69,3.14,1.9379
1914,MEX,3623.11,3.13,1.9279
1915,MEX,3570.76,3.07,1.9005
1916,MEX,3845.15,3.29,2.0536
1917,MEX,4007.63,3.62,2.2345
1918,MEX,4166.49,3.95,2.4106
1919,MEX,4330.76,4.09,2.4982
1920,MEX,4606.96,4.25,2.6039
1921,MEX,4588.91,4.2,2.5468
1922,MEX,4625.02,4.22,2.5294
1923,MEX,4708.06,4.38,2.6076
1924,MEX,4554.61,4.34,2.5618
1925,MEX,4765.83,4.56,2.6746
1926,MEX,4975.23,4.78,2.785
1927,MEX,4675.56,4.55,2.6282
1928,MEX,4630.43,4.52,2.6008
1929,MEX,4375.89,4.29,2.4537
1930,MEX,4031.09,3.97,2.246
1931,MEX,4094.28,4.06,2.2785
1932,MEX,3411.9,3.42,1.9202
1933,MEX,3738.65,3.78,2.1269
1934,MEX,3928.2,3.99,2.2489
1935,MEX,4150.24,4.23,2.3699
1936,MEX,4412.0,4.51,2.5027
1937,MEX,4480.6,4.6,2.5274
1938,MEX,4475.18,4.6,2.4868
1939,MEX,4639.46,4.84,2.6011
1940,MEX,4621.41,4.94,2.6254
1941,MEX,4942.74,5.46,2.8655
1942,MEX,5085.35,5.81,3.0033
1943,MEX,5134.09,6.05,3.0974
1944,MEX,5412.1,6.52,3.3016
1945,MEX,5431.96,6.74,3.3648
1946,MEX,5639.56,7.1,3.4655
1947,MEX,5677.47,7.11,3.3981
1948,MEX,5755.09,7.34,3.4121
1949,MEX,5913.96,7.96,3.6029
1950,MEX,6336.38,8.78,3.9494
1951,MEX,6630.63,9.35,4.1324
1952,MEX,6690.21,9.6,4.1538
1953,MEX,6502.46,9.49,4.0281
1954,MEX,6951.97,10.34,4.3161
1955,MEX,7329.26,11.1,4.5643
1956,MEX,7605.46,11.71,4.7373
1957,MEX,7948.46,12.45,4.9433
1958,MEX,8125.37,12.95,5.0454
1959,MEX,8118.15,13.18,5.0585
1960,MEX,8526.13,14.1,5.3405
1961,MEX,8587.6,14.33,5.3455
1962,MEX,8699.27,14.64,5.3898
1963,MEX,9060.06,15.38,5.5916
1964,MEX,9716.45,16.62,5.9597
1965,MEX,10034.31,17.26,6.0836
1966,MEX,10332.84,17.85,6.1966
1967,MEX,10613.86,18.41,6.294
1968,MEX,11033.32,19.23,6.4646
1969,MEX,11310.15,19.82,6.5492
1970,MEX,11672.71,20.52,6.6738
1971,MEX,11794.98,20.3,6.5447
1972,MEX,12435.53,20.91,6.7068
1973,MEX,13112.84,21.53,6.8565
1974,MEX,13545.73,21.69,6.8466
1975,MEX,13939.05,21.59,6.7732
1976,MEX,14102.06,21.6,6.6967
1977,MEX,14167.86,21.45,6.5867
1978,MEX,14907.77,22.17,6.781
1979,MEX,15822.61,22.83,6.9622
1980,MEX,16613.54,23.27,7.0601
1981,MEX,17613.22,24.41,7.2919
1982,MEX,17123.22,23.48,6.8918
1983,MEX,16156.67,22.55,6.4958
1984,MEX,16344.53,22.37,6.4531
1985,MEX,16348.92,21.78,6.3025
1986,MEX,15521.49,20.44,5.9034
1987,MEX,15472.41,20.08,5.8099
1988,MEX,15359.2,19.64,5.6942
1989,MEX,15677.88,19.7,5.7287
1990,MEX,16172.07,19.28,5.6799
1991,MEX,16555.9,19.74,5.7879
1992,MEX,16856.5,19.73,5.785
1993,MEX,16908.33,19.8,5.7632
1994,MEX,17373.33,20.39,5.8944
1995,MEX,16098.94,20.11,5.6572
1996,MEX,16813.15,20.38,5.7905
1997,MEX,17819.28,20.26,5.8543
1998,MEX,18679.06,21.67,6.1933
1999,MEX,18956.19,21.28,6.1027
2000,MEX,19623.9,22.49,6.3667
2001,MEX,19343.71,22.69,6.3326
2002,MEX,19055.2,21.61,6.0647
2003,MEX,19046.45,22.23,6.1616
2004,MEX,19451.55,22.41,6.2102
2005,MEX,19681.0,22.11,6.1432
2006,MEX,20385.76,22.6,6.2738
2007,MEX,20544.38,22.81,6.2915
2008,MEX,20777.65,22.99,6.273
2009,MEX,19247.77,21.43,5.7967
2010,MEX,19936.19,22.15,5.975
2011,MEX,20383.23,22.49,6.0513
2012,MEX,20819.02,22.61,6.0767
2013,MEX,20802.41,22.54,6.026
2014,MEX,21081.2,23.02,6.1142
2015,MEX,21409.98,23.03,6.1175
2016,MEX,21490.6,22.86,6.065
2017,MEX,21694.03,22.99,6.0815
2018,MEX,21844.92,22.78,6.0377
2019,MEX,21477.19,22.19,5.8826
2020,MEX,19417.79,21.95,5.6545
2021,MEX,20437.97,21.47,5.6597
2022,MEX,21036.65,21.33,5.6777
2023,MEX,21568.3,21.6,5.7567
2024,MEX,21690.37,21.82,5.7811
1890,NLD,7633.83,7.38,2.6393
1891,NLD,7569.19,7.31,2.6068
1892,NLD,7713.5,7.48,2.6563
1893,NLD,7545.13,7.32,2.5948
1894,NLD,7887.89,7.67,2.7134
1895,NLD,7835.27,7.62,2.6915
1896,NLD,8056.26,7.84,2.7661
1897,NLD,8149.47,7.93,2.7971
1898,NLD,8164.5,7.95,2.8018
1899,NLD,8170.51,7.98,2.8076
1900,NLD,7976.58,7.81,2.7404
1901,NLD,8242.67,8.06,2.8269
1902,NLD,8463.66,8.32,2.909
1903,NLD,8334.37,8.22,2.8664
1904,NLD,8329.86,8.24,2.8652
1905,NLD,8621.51,8.55,2.9635
1906,NLD,8674.12,8.63,2.9822
1907,NLD,8406.53,8.41,2.8961
1908,NLD,8460.65,8.52,2.9255
1909,NLD,8797.39,8.9,3.0495
1910,NLD,9064.98,9.24,3.148
1911,NLD,9257.41,9.45,3.2082
1912,NLD,9388.2,9.6,3.2493
1913,NLD,9702.39,9.96,3.3595
1914,NLD,9269.44,9.98,3.3121
1915,NLD,9407.74,10.41,3.4282
1916,NLD,9479.9,10.51,3.4725
1917,NLD,8690.66,9.88,3.2611
1918,NLD,8032.21,9.34,3.0841
1919,NLD,9876.77,11.68,3.8619
1920,NLD,10112.79,11.92,3.9654
1921,NLD,10617.91,12.91,4.2696
1922,NLD,11020.8,13.64,4.4543
1923,NLD,11106.48,13.78,4.4775
1924,NLD,11730.36,14.38,4.6833
1925,NLD,12055.08,14.71,4.783
1926,NLD,12839.81,15.51,5.0411
1927,NLD,13188.58,15.95,5.1549
1928,NLD,13707.22,16.43,5.2909
1929,NLD,13632.05,16.53,5.2619
1930,NLD,13426.1,16.23,5.1274
1931,NLD,12424.89,15.73,4.8539
1932,NLD,12065.6,16.69,4.981
1933,NLD,11876.18,16.74,4.9594
1934,NLD,11513.88,15.96,4.7464
1935,NLD,11811.54,16.79,4.9474
1936,NLD,12436.92,17.58,5.182
1937,NLD,13018.7,17.78,5.2901
1938,NLD,12579.73,16.92,5.0487
1939,NLD,13284.79,17.14,5.1583
1940,NLD,11577.02,15.28,4.5491
1941,NLD,10856.93,12.9,3.9758
1942,NLD,9840.69,12.1,3.7102
1943,NLD,9540.03,12.82,3.8531
1944,NLD,6346.99,10.03,2.9229
1945,NLD,6435.69,13.69,3.7201
1946,NLD,10679.54,14.86,4.6936
1947,NLD,12095.67,14.73,4.8611
1948,NLD,13155.5,15.8,5.2178
1949,NLD,14090.56,17.13,5.5702
1950,NLD,14368.68,17.82,5.6907
1951,NLD,14454.37,18.02,5.6744
1952,NLD,14579.14,18.39,5.7071
1953,NLD,15678.06,19.39,6.0035
1954,NLD,16551.49,19.89,6.1389
1955,NLD,17555.7,20.73,6.3538
1956,NLD,17969.11,20.97,6.3565
1957,NLD,18245.72,21.25,6.3451
1958,NLD,17928.52,21.3,6.2303
1959,NLD,18540.37,21.95,6.3657
1960,NLD,19857.28,23.35,6.7055
1961,NLD,19654.53,23.42,6.6136
1962,NLD,20702.64,24.93,6.9297
1963,NLD,21165.58,25.68,7.0353
1964,NLD,22612.83,27.36,7.4162
1965,NLD,23480.43,28.39,7.5854
1966,NLD,23808.48,28.77,7.5759
1967,NLD,24783.12,30.38,7.8424
1968,NLD,26108.23,32.13,8.1507
1969,NLD,27466.67,33.66,8.4051
1970,NLD,28676.02,35.79,8.7514
1971,NLD,29520.8,37.61,8.9901
1972,NLD,30186.57,39.11,9.1584
1973,NLD,31346.62,41.27,9.4893
1974,NLD,32343.91,43.95,9.8798
1975,NLD,32047.33,45.34,9.9672
1976,NLD,33411.48,47.75,10.3752
1977,NLD,34000.44,49.44,10.5984
1978,NLD,34637.72,50.89,10.7849
1979,NLD,35035.44,51.44,10.8203
1980,NLD,35338.0,51.44,10.7864
1981,NLD,34912.07,51.42,10.6903
1982,NLD,34307.56,52.01,10.6784
1983,NLD,34774.62,53.91,10.9582
1984,NLD,35722.66,55.44,11.2279
1985,NLD,36506.93,56.47,11.4067
1986,NLD,37443.63,57.45,11.588
1987,NLD,37884.31,58.11,11.6746
1988,NLD,38759.62,58.91,11.8185
1989,NLD,40238.68,60.09,12.0444
1990,NLD,41638.38,60.99,12.23
1991,NLD,42311.79,61.68,12.3238
1992,NLD,42710.75,61.6,12.2877
1993,NLD,42941.7,62.55,12.3782
1994,NLD,43951.2,63.62,12.5602
1995,NLD,45090.45,63.7,12.6124
1996,NLD,46417.4,64.01,12.7025
1997,NLD,48137.04,65.16,12.9335
1998,NLD,50069.25,66.95,13.2652
1999,NLD,52242.73,68.64,13.5926
2000,NLD,54061.62,70.54,13.9033
2001,NLD,54906.48,71.27,13.9771
2002,NLD,54690.62,71.78,13.9417
2003,NLD,54487.79,72.7,13.9717
2004,NLD,55390.28,74.51,14.213
2005,NLD,56382.61,76.04,14.4199
2006,NLD,58285.1,77.1,14.6271
2007,NLD,60414.67,77.69,14.7741
2008,NLD,61459.51,78.3,14.8156
2009,NLD,58902.89,76.59,14.3174
2010,NLD,59373.27,78.17,14.5018
2011,NLD,60145.87,79.03,14.6332
2012,NLD,59337.62,78.75,14.489
2013,NLD,59145.7,79.23,14.5021
2014,NLD,59881.89,80.19,14.6545
2015,NLD,60881.27,81.06,14.8265
2016,NLD,62027.97,81.22,14.8594
2017,NLD,63378.31,81.37,14.9416
2018,NLD,64430.95,81.04,14.9267
2019,NLD,65483.44,80.96,14.9428
2020,NLD,62594.84,80.94,14.675
2021,NLD,66179.17,82.85,15.1144
2022,NLD,68833.36,83.54,15.345
2023,NLD,67746.33,81.7,14.9971
2024,NLD,68032.94,81.9,14.9888
1890,NOR,4108.1,3.19,1.9711
1891,NOR,4097.71,3.25,1.9798
1892,NOR,4076.94,3.23,1.9594
1893,NOR,4183.76,3.32,2.0009
1894,NOR,4354.38,3.47,2.08
1895,NOR,4527.96,3.64,2.1672
1896,NOR,4602.14,3.73,2.2086
1897,NOR,4774.23,3.91,2.2994
1898,NOR,4845.45,4.01,2.3406
1899,NOR,4812.81,4.02,2.3262
1900,NOR,4820.23,3.97,2.2884
1901,NOR,4852.87,4.03,2.3067
1902,NOR,4848.41,4.07,2.3079
1903,NOR,4881.05,4.15,2.3302
1904,NOR,4878.09,4.21,2.344
1905,NOR,4928.53,4.28,2.3666
1906,NOR,5186.68,4.47,2.4664
1907,NOR,5247.5,4.47,2.4636
1908,NOR,5358.77,4.52,2.4796
1909,NOR,5403.28,4.54,2.4742
1910,NOR,5676.27,4.75,2.5749
1911,NOR,5855.78,4.85,2.6166
1912,NOR,6008.59,4.9,2.6326
1913,NOR,6550.11,5.31,2.8247
1914,NOR,6432.9,5.27,2.765
1915,NOR,6538.24,5.31,2.7675
1916,NOR,7125.75,5.7,2.9555
1917,NOR,6358.72,5.21,2.6532
1918,NOR,5968.54,4.95,2.4922
1919,NOR,6831.99,5.5,2.7787
1920,NOR,7030.8,6.33,3.0644
1921,NOR,6263.77,6.03,2.835
1922,NOR,6780.07,6.5,3.0545
1923,NOR,7225.15,6.92,3.2484
1924,NOR,7102.01,6.96,3.2318
1925,NOR,7021.89,6.99,3.2143
1926,NOR,7047.11,7.32,3.305
1927,NOR,7406.15,7.84,3.5084
1928,NOR,7775.56,8.14,3.6389
1929,NOR,8279.99,8.65,3.8339
1930,NOR,8576.71,9.01,3.9478
1931,NOR,7858.65,8.58,3.6799
1932,NOR,8198.39,8.82,3.7759
1933,NOR,8357.14,8.97,3.8298
1934,NOR,8603.41,9.12,3.8979
1935,NOR,8986.18,9.36,4.0004
1936,NOR,9542.54,9.69,4.1412
1937,NOR,9916.4,9.88,4.2024
1938,NOR,10079.6,9.93,4.1848
1939,NOR,10502.43,10.65,4.4005
1940,NOR,9549.95,10.2,4.1016
1941,NOR,9723.53,10.1,4.0607
1942,NOR,9288.84,9.73,3.881
1943,NOR,9033.66,9.61,3.8021
1944,NOR,8484.73,9.22,3.6156
1945,NOR,9411.98,10.43,4.0596
1946,NOR,10251.7,10.84,4.2667
1947,NOR,11502.37,12.08,4.7446
1948,NOR,12164.06,12.79,4.9704
1949,NOR,12361.38,12.91,4.9778
1950,NOR,12840.58,13.16,5.0476
1951,NOR,13408.8,13.92,5.2646
1952,NOR,13748.55,14.47,5.4091
1953,NOR,14153.57,15.09,5.5648
1954,NOR,14721.79,15.91,5.7652
1955,NOR,14901.31,16.33,5.8162
1956,NOR,15548.16,17.27,6.0535
1957,NOR,15870.1,17.87,6.1779
1958,NOR,15730.64,18.15,6.1651
1959,NOR,16255.84,19.02,6.3624
1960,NOR,17036.21,20.03,6.6267
1961,NOR,17961.75,21.09,6.9299
1962,NOR,18319.38,21.65,7.0389
1963,NOR,18869.56,22.48,7.2248
1964,NOR,19665.73,23.42,7.462
1965,NOR,20544.91,25.01,7.8433
1966,NOR,21149.68,25.83,8.0213
1967,NOR,22280.66,27.51,8.4329
1968,NOR,22587.25,28.69,8.6232
1969,NOR,23408.67,30.49,9.0105
1970,NOR,23713.88,31.11,9.1047
1971,NOR,24636.83,32.64,9.428
1972,NOR,25712.31,34.56,9.81
1973,NOR,26582.62,36.01,10.0947
1974,NOR,27790.47,37.83,10.4614
1975,NOR,28789.42,39.12,10.6881
1976,NOR,30605.1,41.67,11.2199
1977,NOR,31567.65,42.86,11.3669
1978,NOR,32974.65,45.16,11.7707
1979,NOR,34291.19,47.12,12.1429
1980,NOR,35729.43,48.07,12.3344
1981,NOR,36203.58,48.52,12.3458
1982,NOR,36159.06,48.96,12.294
1983,NOR,37465.7,51.21,12.6965
1984,NOR,39626.74,54.09,13.279
1985,NOR,41699.48,55.77,13.6373
1986,NOR,43241.58,56.34,13.7651
1987,NOR,43785.66,57.17,13.834
1988,NOR,43413.06,57.17,13.6916
1989,NOR,43673.25,59.57,14.0167
1990,NOR,44381.82,61.59,14.3378
1991,NOR,45425.6,64.06,14.7986
1992,NOR,46781.23,66.06,15.2134
1993,NOR,47835.1,67.58,15.5303
1994,NOR,49956.03,70.09,16.0983
1995,NOR,51768.08,72.28,16.5666
1996,NOR,54067.79,74.53,17.0843
1997,NOR,56511.4,76.34,17.5439
1998,NOR,57711.19,76.49,17.587
1999,NOR,58561.12,77.49,17.723
2000,NOR,60186.45,80.64,18.2681
2001,NOR,61175.23,83.71,18.7151
2002,NOR,61738.61,85.6,18.937
2003,NOR,62046.34,88.49,19.2869
2004,NOR,64352.43,90.56,19.6888
2005,NOR,65819.17,91.84,19.8895
2006,NOR,67141.35,91.58,19.8352
2007,NOR,68729.97,90.4,19.6746
2008,NOR,68438.02,87.98,19.1676
2009,NOR,66483.37,88.22,18.9535
2010,NOR,66327.36,88.87,19.0051
2011,NOR,66377.1,88.5,18.9243
2012,NOR,67354.07,89.38,19.1191
2013,NOR,67392.32,90.14,19.2067
2014,NOR,68040.9,90.9,19.3331
2015,NOR,68722.8,92.28,19.5296
2016,NOR,68998.88,92.99,19.5668
2017,NOR,70290.52,95.11,19.8761
2018,NOR,70602.72,94.64,19.7113
2019,NOR,71158.14,94.59,19.643
2020,NOR,69785.47,95.37,19.5292
2021,NOR,72287.07,97.1,19.9198
2022,NOR,74737.49,97.87,20.1601
2023,NOR,74145.15,97.66,20.0074
2024,NOR,74550.74,98.86,20.1338
1890,NZL,7524.68,6.57,3.4963
1891,NZL,7476.91,6.5,3.4062
1892,NZL,7617.72,6.54,3.3937
1893,NZL,7591.32,6.5,3.3459
1894,NZL,7172.65,6.1,3.1211
1895,NZL,7298.37,6.13,3.1217
1896,NZL,7992.38,6.63,3.3599
1897,NZL,7915.69,6.62,3.3318
1898,NZL,7986.09,6.73,3.324
1899,NZL,8097.99,6.87,3.3576
1900,NZL,8613.47,7.33,3.5485
1901,NZL,8462.59,7.29,3.4866
1902,NZL,8893.83,7.64,3.6361
1903,NZL,9473.43,8.14,3.8468
1904,NZL,9159.11,7.89,3.7002
1905,NZL,9719.85,8.39,3.9147
1906,NZL,10337.16,8.94,4.143
1907,NZL,10701.77,9.28,4.2569
1908,NZL,9689.68,8.44,3.842
1909,NZL,9558.92,8.38,3.8033
1910,NZL,10653.99,9.32,4.2092
1911,NZL,11009.8,9.62,4.3061
1912,NZL,10439.0,9.57,4.1994
1913,NZL,10324.59,9.97,4.2972
1914,NZL,10398.77,10.55,4.4597
1915,NZL,10368.6,10.93,4.5342
1916,NZL,10260.47,11.19,4.552
1917,NZL,10036.68,10.45,4.2729
1918,NZL,9841.8,9.84,4.0512
1919,NZL,10587.36,10.48,4.3447
1920,NZL,11305.25,11.13,4.6116
1921,NZL,10276.82,9.95,4.1441
1922,NZL,9700.99,9.54,3.9612
1923,NZL,10308.25,10.23,4.2235
1924,NZL,10306.99,10.34,4.2404
1925,NZL,10604.96,10.82,4.4075
1926,NZL,9829.23,10.17,4.1153
1927,NZL,9385.42,9.89,3.9765
1928,NZL,10303.22,10.99,4.3903
1929,NZL,10545.87,11.39,4.5016
1930,NZL,9939.87,10.94,4.2739
1931,NZL,8968.01,10.06,3.9001
1932,NZL,8671.3,9.85,3.7983
1933,NZL,9170.43,10.55,4.0471
1934,NZL,9555.15,11.13,4.2342
1935,NZL,9938.61,11.7,4.4162
1936,NZL,11703.8,13.94,5.2146
1937,NZL,12228.08,14.88,5.4848
1938,NZL,12949.74,16.13,5.8564
1939,NZL,12945.97,16.33,5.8703
1940,NZL,12625.37,15.97,5.6919
1941,NZL,12283.4,15.44,5.4467
1942,NZL,13551.97,17.1,5.9855
1943,NZL,13883.89,17.42,6.0305
1944,NZL,13763.19,17.45,5.9874
1945,NZL,13883.89,17.93,6.1048
1946,NZL,14351.58,18.57,6.3246
1947,NZL,15723.25,19.98,6.7944
1948,NZL,13886.4,17.31,5.8908
1949,NZL,15071.99,18.43,6.3262
1950,NZL,16946.56,20.32,7.0071
1951,NZL,15337.27,18.13,6.2401
1952,NZL,15623.93,18.59,6.3548
1953,NZL,15743.37,18.89,6.4128
1954,NZL,17521.13,21.12,7.1111
1955,NZL,17485.93,21.14,7.0636
1956,NZL,18036.6,21.85,7.2296
1957,NZL,18127.13,22.09,7.2357
1958,NZL,18407.49,22.55,7.3201
1959,NZL,19298.89,23.74,7.6409
1960,NZL,18968.23,23.33,7.4492
1961,NZL,19316.94,23.99,7.5838
1962,NZL,19350.6,24.21,7.5747
1963,NZL,20179.23,25.39,7.8666
1964,NZL,20711.86,26.16,8.0424
1965,NZL,21691.02,27.48,8.3789
1966,NZL,22586.91,28.68,8.6693
1967,NZL,21133.85,26.82,8.0233
1968,NZL,21004.22,26.55,7.8681
1969,NZL,22602.55,28.43,8.3731
1970,NZL,22445.2,28.19,8.2578
1971,NZL,22912.03,28.53,8.3327
1972,NZL,23642.55,29.87,8.6389
1973,NZL,24948.42,31.61,9.0676
1974,NZL,25872.18,32.02,9.1602
1975,NZL,24939.78,30.74,8.7028
1976,NZL,24937.15,30.72,8.5964
1977,NZL,23863.65,29.38,8.1361
1978,NZL,23706.53,27.62,7.7159
1979,NZL,23622.93,27.62,7.6706
1980,NZL,23788.93,27.87,7.7106
1981,NZL,24461.65,29.57,8.0821
1982,NZL,25309.72,30.43,8.311
1983,NZL,25656.33,30.44,8.3412
1984,NZL,27568.65,32.88,8.9728
1985,NZL,27894.24,32.44,8.8791
1986,NZL,27974.1,32.42,8.8345
1987,NZL,27938.08,32.47,8.807
1988,NZL,28610.68,34.6,9.2208
1989,NZL,28853.94,36.46,9.5482
1990,NZL,28779.98,36.72,9.5607
1991,NZL,27145.52,36.86,9.4804
1992,NZL,27137.25,36.93,9.4951
1993,NZL,28115.3,36.88,9.5981
1994,NZL,29732.8,38.03,9.9728
1995,NZL,30442.72,37.9,10.0101
1996,NZL,31093.19,38.15,10.0976
1997,NZL,31680.35,39.45,10.3582
1998,NZL,31742.78,38.79,10.1851
1999,NZL,33034.14,39.01,10.2977
2000,NZL,34121.15,40.82,10.6784
2001,NZL,34612.12,40.95,10.6983
2002,NZL,35729.69,41.76,10.9383
2003,NZL,36672.39,42.56,11.1509
2004,NZL,37820.64,42.94,11.2678
2005,NZL,38306.62,42.53,11.1642
2006,NZL,38796.63,43.09,11.2405
2007,NZL,39913.38,44.8,11.5751
2008,NZL,39461.63,43.94,11.2964
2009,NZL,39225.78,45.58,11.5069
2010,NZL,39617.48,45.69,11.513
2011,NZL,39991.73,46.11,11.5677
2012,NZL,40827.24,47.87,11.8951
2013,NZL,41271.4,46.9,11.7143
2014,NZL,41847.66,46.66,11.6919
2015,NZL,42676.94,47.69,11.9163
2016,NZL,43414.87,47.32,11.8923
2017,NZL,44268.41,47.23,11.9136
2018,NZL,45273.74,48.24,12.1257
2019,NZL,45998.9,48.31,12.1428
2020,NZL,44898.18,48.7,12.0607
2021,NZL,47354.04,50.46,12.4553
2022,NZL,48648.61,50.22,12.4092
2023,NZL,48456.74,49.73,12.2827
2024,NZL,47779.77,49.26,12.0768
1890,PRT,1976.48,1.82,1.1337
1891,PRT,2058.08,1.92,1.1771
1892,PRT,2008.2,1.89,1.151
1893,PRT,2005.98,1.9,1.1542
1894,PRT,2019.64,1.94,1.1678
1895,PRT,2032.65,1.97,1.1831
1896,PRT,1961.78,1.93,1.1482
1897,PRT,1961.62,1.95,1.1565
1898,PRT,1993.82,2.01,1.1748
1899,PRT,1948.12,1.98,1.1517
1900,PRT,1934.07,1.98,1.1463
1901,PRT,1966.4,2.03,1.1643
1902,PRT,1989.58,2.06,1.1769
1903,PRT,2006.37,2.09,1.1839
1904,PRT,1979.88,1.99,1.1334
1905,PRT,1978.48,2.08,1.1636
1906,PRT,1917.04,2.03,1.1273
1907,PRT,1912.92,2.05,1.1231
1908,PRT,1865.76,2.01,1.0945
1909,PRT,1757.33,1.91,1.0338
1910,PRT,1779.93,1.95,1.0463
1911,PRT,1851.07,2.06,1.0899
1912,PRT,1946.75,2.18,1.1455
1913,PRT,2181.63,2.46,1.2797
1914,PRT,2272.8,2.57,1.3247
1915,PRT,2185.31,2.48,1.2691
1916,PRT,2280.65,2.6,1.3219
1917,PRT,2262.43,2.6,1.3111
1918,PRT,2656.92,3.16,1.5703
1919,PRT,2395.86,2.89,1.4258
1920,PRT,2652.87,3.24,1.5755
1921,PRT,2602.7,3.19,1.5455
1922,PRT,2702.96,3.35,1.6158
1923,PRT,2722.3,3.42,1.6369
1924,PRT,2869.88,3.65,1.7315
1925,PRT,2956.08,3.79,1.7891
1926,PRT,2765.11,3.58,1.679
1927,PRT,2523.42,3.32,1.5437
1928,PRT,2911.27,3.87,1.7904
1929,PRT,2894.78,3.9,1.787
1930,PRT,2898.0,3.94,1.7901
1931,PRT,2675.21,3.64,1.6509
1932,PRT,2889.68,3.95,1.7854
1933,PRT,2815.66,3.89,1.7541
1934,PRT,2966.93,4.13,1.8513
1935,PRT,3098.41,4.35,1.9413
1936,PRT,2943.62,4.14,1.8361
1937,PRT,3134.38,4.43,1.9477
1938,PRT,3355.5,4.75,2.0745
1939,PRT,3303.38,4.68,2.0319
1940,PRT,3309.94,4.71,2.0301
1941,PRT,3366.25,4.78,2.0517
1942,PRT,3487.54,4.94,2.111
1943,PRT,3460.15,4.87,2.0709
1944,PRT,3668.94,5.15,2.1817
1945,PRT,3809.9,5.31,2.2431
1946,PRT,3933.15,5.45,2.2913
1947,PRT,4067.83,5.61,2.3357
1948,PRT,4210.26,5.77,2.3822
1949,PRT,4227.76,5.77,2.3727
1950,PRT,4397.59,5.98,2.4473
1951,PRT,4665.08,6.43,2.5903
1952,PRT,4898.84,6.83,2.7169
1953,PRT,5191.09,7.33,2.8738
1954,PRT,5465.55,7.91,3.0399
1955,PRT,5784.83,8.45,3.2022
1956,PRT,6170.74,9.04,3.3835
1957,PRT,6377.42,9.43,3.4743
1958,PRT,6804.55,10.16,3.6827
1959,PRT,7348.42,11.13,3.9562
1960,PRT,7443.47,11.34,3.9631
1961,PRT,7855.36,12.12,4.1507
1962,PRT,8388.61,13.04,4.3677
1963,PRT,8824.86,14.03,4.5845
1964,PRT,9362.27,15.11,4.8479
1965,PRT,10055.23,16.23,5.1301
1966,PRT,10488.32,16.92,5.2563
1967,PRT,11286.78,18.56,5.6171
1968,PRT,12272.31,20.6,6.0732
1969,PRT,12557.16,21.21,6.1229
1970,PRT,13781.9,23.51,6.6172
1971,PRT,14783.72,25.03,6.9153
1972,PRT,16004.34,26.82,7.2624
1973,PRT,17786.04,29.65,7.839
1974,PRT,17747.4,27.99,7.3555
1975,PRT,16411.58,25.86,6.7124
1976,PRT,17052.72,27.71,7.0881
1977,PRT,17817.68,28.85,7.3334
1978,PRT,18122.02,28.47,7.2323
1979,PRT,18939.84,29.51,7.466
1980,PRT,19596.1,29.26,7.4178
1981,PRT,19743.37,29.82,7.4695
1982,PRT,20040.88,29.88,7.423
1983,PRT,19919.76,28.94,7.1617
1984,PRT,19478.76,28.01,6.8823
1985,PRT,19981.61,29.24,7.0976
1986,PRT,20809.03,29.81,7.2353
1987,PRT,22087.05,30.42,7.4203
1988,PRT,23882.0,31.96,7.7881
1989,PRT,25257.82,32.55,7.9295
1990,PRT,26564.57,33.65,8.1416
1991,PRT,27289.52,35.13,8.3647
1992,PRT,27818.36,35.74,8.4311
1993,PRT,27405.48,35.77,8.3137
1994,PRT,28015.76,36.51,8.4299
1995,PRT,28752.9,36.19,8.3914
1996,PRT,29648.79,36.82,8.5165
1997,PRT,30815.71,37.56,8.6769
1998,PRT,32134.5,37.98,8.7785
1999,PRT,33201.52,38.83,8.9115
2000,PRT,34227.15,39.24,8.9687
2001,PRT,34647.2,39.66,8.9773
2002,PRT,34723.61,39.96,8.9414
2003,PRT,34271.6,40.12,8.8527
2004,PRT,34801.31,41.0,8.9638
2005,PRT,35008.39,41.46,8.9882
2006,PRT,35513.19,42.23,9.0841
2007,PRT,36331.96,42.9,9.1913
2008,PRT,36395.43,43.17,9.1799
2009,PRT,35225.55,42.99,9.0081
2010,PRT,35821.19,44.3,9.2039
2011,PRT,35202.6,45.03,9.2228
2012,PRT,33914.86,45.59,9.1676
2013,PRT,33765.22,46.21,9.2279
2014,PRT,34193.1,45.65,9.1735
2015,PRT,34863.06,45.53,9.2027
2016,PRT,35648.72,45.49,9.2489
2017,PRT,36888.76,45.76,9.3739
2018,PRT,37995.78,45.74,9.4363
2019,PRT,38964.33,46.49,9.5991
2020,PRT,35662.75,46.49,9.3281
2021,PRT,37562.46,46.97,9.5255
2022,PRT,39951.74,47.32,9.7398
2023,PRT,40764.62,47.87,9.8749
2024,PRT,41230.11,48.67,10.0115
1890,SWE,3515.82,3.03,1.4057
1891,SWE,3707.4,3.25,1.4937
1892,SWE,3660.18,3.21,1.4726
1893,SWE,3747.87,3.31,1.5108
1894,SWE,3765.41,3.35,1.5271
1895,SWE,3948.89,3.48,1.5892
1896,SWE,4051.42,3.68,1.657
1897,SWE,4210.62,3.79,1.7045
1898,SWE,4354.98,3.97,1.7664
1899,SWE,4462.91,4.07,1.801
1900,SWE,4479.1,4.1,1.7978
1901,SWE,4595.12,4.27,1.8467
1902,SWE,4535.76,4.23,1.8148
1903,SWE,4774.56,4.37,1.8741
1904,SWE,4855.5,4.47,1.8955
1905,SWE,4785.35,4.4,1.847
1906,SWE,5167.15,4.8,1.9918
1907,SWE,5511.18,5.25,2.1425
1908,SWE,5341.19,5.15,2.0791
1909,SWE,5369.52,5.19,2.0856
1910,SWE,5468.01,5.33,2.1292
1911,SWE,5604.27,5.4,2.156
1912,SWE,5817.43,5.61,2.222
1913,SWE,6180.34,5.87,2.321
1914,SWE,6311.21,6.03,2.357
1915,SWE,6531.12,6.24,2.4196
1916,SWE,6892.68,6.6,2.5494
1917,SWE,6474.45,6.31,2.4153
1918,SWE,5982.02,5.71,2.1899
1919,SWE,6075.11,5.7,2.1872
1920,SWE,6459.61,6.76,2.5
1921,SWE,6129.08,6.77,2.4581
1922,SWE,6567.54,7.28,2.637
1923,SWE,6776.66,7.48,2.703
1924,SWE,7238.06,8.07,2.8968
1925,SWE,7404.0,8.25,2.9476
1926,SWE,7765.57,8.63,3.0717
1927,SWE,8016.5,8.94,3.1649
1928,SWE,8247.21,9.1,3.2178
1929,SWE,8736.94,9.62,3.3849
1930,SWE,9113.34,9.71,3.431
1931,SWE,8879.95,9.72,3.3788
1932,SWE,8533.22,9.63,3.2984
1933,SWE,8673.53,9.95,3.3765
1934,SWE,9234.77,10.27,3.5069
1935,SWE,9659.74,10.48,3.5852
1936,SWE,9978.13,10.6,3.621
1937,SWE,10225.02,10.77,3.6531
1938,SWE,10539.37,10.94,3.6964
1939,SWE,11292.18,12.05,4.0009
1940,SWE,10440.88,11.45,3.7282
1941,SWE,10133.28,11.37,3.6633
1942,SWE,10195.34,11.22,3.6309
1943,SWE,10494.85,11.48,3.7035
1944,SWE,10775.47,11.92,3.8154
1945,SWE,11064.18,12.26,3.9021
1946,SWE,12142.13,13.46,4.2566
1947,SWE,13098.66,14.46,4.5396
1948,SWE,13251.11,14.82,4.5829
1949,SWE,13662.6,15.46,4.7281
1950,SWE,14492.31,16.56,5.0119
1951,SWE,14944.26,17.13,5.1374
1952,SWE,15045.45,17.52,5.1886
1953,SWE,15365.19,18.23,5.3221
1954,SWE,15918.33,18.74,5.4231
1955,SWE,16270.46,19.21,5.4869
1956,SWE,16766.93,19.9,5.6086
1957,SWE,17402.37,20.75,5.7762
1958,SWE,17382.13,21.05,5.7677
1959,SWE,17823.3,21.71,5.8634
1960,SWE,18684.04,22.29,5.9761
1961,SWE,19640.5,23.35,6.1783
1962,SWE,20363.3,24.36,6.3523
1963,SWE,21329.77,25.62,6.583
1964,SWE,22615.2,27.43,6.9341
1965,SWE,23257.78,28.45,7.0734
1966,SWE,23519.05,29.23,7.1307
1967,SWE,24125.21,31.06,7.3884
1968,SWE,24863.94,32.64,7.5988
1969,SWE,25925.89,34.08,7.8176
1970,SWE,27409.97,35.68,8.0863
1971,SWE,27398.78,36.66,8.1345
1972,SWE,27961.77,38.3,8.332
1973,SWE,29084.88,40.15,8.6005
1974,SWE,29940.93,41.12,8.7157
1975,SWE,30628.42,42.03,8.8208
1976,SWE,30626.69,41.7,8.6838
1977,SWE,30046.9,41.76,8.5618
1978,SWE,30568.39,43.5,8.7827
1979,SWE,31729.76,44.88,9.017
1980,SWE,32120.22,45.02,9.0053
1981,SWE,32020.32,45.11,8.9311
1982,SWE,32398.46,45.33,8.9084
1983,SWE,32991.02,45.8,8.9406
1984,SWE,34380.48,47.31,9.1809
1985,SWE,35087.97,47.74,9.2119
1986,SWE,35980.04,48.83,9.3446
1987,SWE,37079.49,49.76,9.4781
1988,SWE,37872.79,49.74,9.4621
1989,SWE,38651.68,50.41,9.542
1990,SWE,38748.18,50.58,9.499
1991,SWE,38071.91,51.23,9.4681
1992,SWE,37400.38,52.38,9.5198
1993,SWE,36469.91,53.1,9.5077
1994,SWE,37628.96,54.46,9.7806
1995,SWE,38972.23,55.6,10.0296
1996,SWE,39580.57,56.59,10.187
1997,SWE,40772.96,58.91,10.5484
1998,SWE,42480.1,60.43,10.8517
1999,SWE,44236.01,61.32,11.0674
2000,SWE,46212.89,63.33,11.4383
2001,SWE,46707.51,63.78,11.4978
2002,SWE,47610.83,66.14,11.826
2003,SWE,48338.54,68.35,12.1236
2004,SWE,50158.72,70.53,12.5016
2005,SWE,51369.8,72.58,12.8059
2006,SWE,53437.43,74.64,13.1822
2007,SWE,54782.25,74.71,13.2391
2008,SWE,53852.02,73.01,12.9027
2009,SWE,51125.47,72.06,12.5388
2010,SWE,53601.42,74.41,12.9936
2011,SWE,54877.11,74.99,13.1313
2012,SWE,54256.65,74.79,13.0272
2013,SWE,54406.85,75.3,13.0764
2014,SWE,55093.02,75.87,13.183
2015,SWE,56911.05,77.97,13.5495
2016,SWE,57442.47,77.45,13.4972
2017,SWE,57696.22,77.65,13.5152
2018,SWE,58039.44,77.76,13.5135
2019,SWE,58922.86,80.02,13.8086
2020,SWE,57396.26,81.11,13.7779
2021,SWE,60034.07,83.17,14.1566
2022,SWE,60144.69,81.68,13.9397
2023,SWE,59612.95,80.78,13.7407
2024,SWE,59995.75,81.79,13.8211
1890,USA,5722.04,5.85,1.9954
1891,USA,5847.87,6.06,2.04
1892,USA,6288.28,6.44,2.1652
1893,USA,5867.74,6.13,2.0385
1894,USA,5589.58,6.02,1.9734
1895,USA,6147.0,6.37,2.1067
1896,USA,5911.89,6.33,2.069
1897,USA,6358.92,6.65,2.1765
1898,USA,6376.59,6.67,2.1714
1899,USA,6833.55,6.6,2.1905
1900,USA,6900.88,6.6,2.1833
1901,USA,7530.04,7.1,2.3469
1902,USA,7456.09,6.99,2.3001
1903,USA,7676.85,7.18,2.343
1904,USA,7438.43,7.05,2.2696
1905,USA,7831.38,7.31,2.3486
1906,USA,8568.71,7.76,2.5042
1907,USA,8543.32,7.77,2.4905
1908,USA,7706.58,7.05,2.241
1909,USA,8412.45,7.88,2.476
1910,USA,8273.93,7.8,2.4338
1911,USA,8359.02,7.95,2.4553
1912,USA,8565.66,8.04,2.4755
1913,USA,8678.48,8.16,2.4986
1914,USA,7809.95,7.68,2.3087
1915,USA,7868.16,7.89,2.3534
1916,USA,8776.66,8.62,2.5825
1917,USA,8387.52,8.31,2.478
1918,USA,8990.44,8.56,2.579
1919,USA,8971.96,8.86,2.635
1920,USA,8717.08,9.09,2.6582
1921,USA,8306.64,9.47,2.689
1922,USA,8594.13,9.45,2.7064
1923,USA,9505.53,10.09,2.9127
1924,USA,9553.16,10.57,3.0021
1925,USA,9572.95,10.49,2.9749
1926,USA,10000.52,11.08,3.1159
1927,USA,9901.47,11.37,3.1441
1928,USA,9831.64,11.63,3.1669
1929,USA,10263.65,12.28,3.3096
1930,USA,9283.52,12.04,3.1467
1931,USA,8621.51,12.36,3.1145
1932,USA,7461.15,11.99,2.9125
1933,USA,7325.46,12.16,2.9271
1934,USA,8065.29,13.07,3.1788
1935,USA,8723.92,14.16,3.4488
1936,USA,9784.03,15.04,3.7281
1937,USA,10224.34,15.01,3.7621
1938,USA,9807.77,15.04,3.7138
1939,USA,10510.68,15.58,3.883
1940,USA,11342.68,16.17,4.0698
1941,USA,13222.36,17.5,4.499
1942,USA,15549.99,18.62,4.9216
1943,USA,17947.58,19.69,5.341
1944,USA,19142.18,20.53,5.6277
1945,USA,18748.89,20.56,5.6222
1946,USA,16401.05,19.96,5.3015
1947,USA,15905.35,19.56,5.1861
1948,USA,16277.75,20.04,5.3106
1949,USA,15909.44,20.79,5.4028
1950,USA,17008.25,21.35,5.6055
1951,USA,18067.23,22.25,5.8594
1952,USA,18485.81,22.76,5.9754
1953,USA,19034.53,24.08,6.2475
1954,USA,18594.77,24.41,6.2378
1955,USA,19572.7,24.94,6.4011
1956,USA,19638.3,25.47,6.4718
1957,USA,19692.59,26.43,6.6143
1958,USA,19222.6,26.84,6.603
1959,USA,20214.3,27.73,6.8298
1960,USA,20408.66,28.4,6.9338
1961,USA,20588.07,29.0,7.0213
1962,USA,21516.55,30.39,7.3129
1963,USA,22133.26,31.2,7.4701
1964,USA,23085.83,32.02,7.658
1965,USA,24280.6,32.8,7.8505
1966,USA,25584.8,33.84,8.0792
1967,USA,26001.83,34.47,8.1467
1968,USA,27008.67,35.47,8.3331
1969,USA,27581.15,35.93,8.3877
1970,USA,27312.03,37.01,8.4742
1971,USA,27857.79,37.98,8.63
1972,USA,29010.03,38.57,8.768
1973,USA,30356.57,39.6,8.9806
1974,USA,29915.84,39.84,8.9095
1975,USA,29566.45,40.43,8.9204
1976,USA,30858.7,41.38,9.1495
1977,USA,31962.79,41.43,9.2119
1978,USA,33377.49,41.91,9.358
1979,USA,34055.32,42.34,9.4209
1980,USA,33577.15,42.54,9.3515
1981,USA,34087.53,43.56,9.5
1982,USA,33154.36,43.83,9.4133
1983,USA,34361.25,43.97,9.5017
1984,USA,36526.45,45.15,9.816
1985,USA,37712.47,46.13,9.9991
1986,USA,38665.53,47.12,10.1581
1987,USA,39645.48,47.21,10.1841
1988,USA,40927.57,47.67,10.2917
1989,USA,42031.54,48.35,10.4213
1990,USA,42346.03,49.15,10.5178
1991,USA,41741.35,49.9,10.5488
1992,USA,42641.27,51.65,10.8551
1993,USA,43249.11,51.67,10.8796
1994,USA,44449.76,52.13,11.0084
1995,USA,45106.58,52.33,11.0516
1996,USA,46265.7,53.63,11.2913
1997,USA,47748.89,54.41,11.4683
1998,USA,49312.15,55.63,11.7079
1999,USA,51086.41,57.27,12.0096
2000,USA,52591.34,58.85,12.2704
2001,USA,52567.59,60.16,12.3752
2002,USA,52954.75,61.83,12.5662
2003,USA,53934.78,63.7,12.8348
2004,USA,55506.62,65.37,13.1116
2005,USA,56910.34,66.74,13.3272
2006,USA,57942.08,67.35,13.4035
2007,USA,58539.26,68.38,13.5114
2008,USA,58057.87,69.18,13.5236
2009,USA,56065.45,71.45,13.6414
2010,USA,57093.71,73.3,13.9518
2011,USA,57530.76,73.38,13.9814
2012,USA,58393.28,73.67,14.0658
2013,USA,59183.53,74.18,14.1604
2014,USA,60202.3,74.62,14.2607
2015,USA,61492.32,75.26,14.3954
2016,USA,62129.56,75.55,14.4326
2017,USA,63218.18,76.4,14.571
2018,USA,64710.47,77.39,14.7452
2019,USA,66037.48,78.45,14.9058
2020,USA,64414.46,82.11,15.1979
2021,USA,68240.46,83.37,15.5512
2022,USA,69572.24,82.49,15.4565
2023,USA,71025.72,83.83,15.6727
2024,USA,72350.45,85.45,15.9164
