year,entity,fractional_patents,share,sector
1987,US,2.0,1.0,additive
1989,EU,1.0,0.2,additive
1989,EUR,1.0,0.2,additive
1989,US,4.0,0.8,additive
1990,US,2.0,1.0,additive
1991,EUR,1.0,0.111111,additive
1991,RoW_EU,1.0,0.111111,additive
1991,US,8.0,0.888889,additive
1992,US,14.0,1.0,additive
1993,EU,1.0,0.047619,additive
1993,EUR,1.0,0.047619,additive
1993,JP,2.0,0.095238,additive
1993,US,18.0,0.857143,additive
1994,EU,3.0,0.1,additive
1994,EUR,4.0,0.133333,additive
1994,JP,4.0,0.133333,additive
1994,RoW_EU,3.0,0.1,additive
1994,RoW_EUR,2.0,0.066667,additive
1994,US,20.0,0.666667,additive
1995,EU,5.12,0.131833,additive
1995,EUR,7.12,0.18328,additive
1995,RoW_EU,2.0,0.051447,additive
1995,US,31.75,0.81672,additive
1996,EU,4.0,0.064516,additive
1996,EUR,8.0,0.129032,additive
1996,JP,2.0,0.032258,additive
1996,RoW_EU,4.0,0.064516,additive
1996,US,52.0,0.83871,additive
1997,EU,5.13,0.105048,additive
1997,EUR,8.13,0.166439,additive
1997,RoW_EU,4.0,0.081855,additive
1997,RoW_EUR,1.0,0.020464,additive
1997,US,39.73,0.813097,additive
1998,EU,4.25,0.053741,additive
1998,EUR,7.58,0.09589,additive
1998,JP,6.0,0.075869,additive
1998,RoW_EU,4.67,0.059009,additive
1998,RoW_EUR,1.33,0.01686,additive
1998,US,64.17,0.81138,additive
1999,EU,7.0,0.073684,additive
1999,EUR,8.0,0.084211,additive
1999,JP,2.0,0.021053,additive
1999,RoW_EU,2.0,0.021053,additive
1999,RoW_EUR,1.0,0.010526,additive
1999,US,84.0,0.884211,additive
2000,EU,19.0,0.163324,additive
2000,EUR,28.0,0.240688,additive
2000,JP,4.0,0.034384,additive
2000,RoW_EU,14.0,0.120344,additive
2000,RoW_EUR,5.0,0.04298,additive
2000,US,79.33,0.681948,additive
2001,EU,14.83,0.101656,additive
2001,EUR,17.83,0.122216,additive
2001,JP,4.0,0.027413,additive
2001,RoW_EU,13.25,0.090805,additive
2001,RoW_EUR,10.25,0.070246,additive
2001,US,113.83,0.780126,additive
2002,EU,16.48,0.113262,additive
2002,EUR,25.24,0.173521,additive
2002,JP,2.9,0.019934,additive
2002,RoW_EU,15.54,0.106809,additive
2002,RoW_EUR,6.77,0.04655,additive
2002,US,110.57,0.759995,additive
2003,EU,24.23,0.1259,additive
2003,EUR,31.23,0.162267,additive
2003,JP,14.47,0.075163,additive
2003,RoW_EU,13.29,0.069024,additive
2003,RoW_EUR,6.29,0.032656,additive
2003,US,140.49,0.729913,additive
2004,CN,0.29,0.001331,additive
2004,EU,28.75,0.133912,additive
2004,EUR,32.95,0.153475,additive
2004,JP,24.0,0.111788,additive
2004,RoW_EU,24.56,0.114383,additive
2004,RoW_EUR,20.36,0.09482,additive
2004,US,137.1,0.638587,additive
2005,EU,29.26,0.152668,additive
2005,EUR,36.72,0.191582,additive
2005,JP,6.0,0.031308,additive
2005,RoW_EU,15.1,0.078795,additive
2005,RoW_EUR,7.64,0.039881,additive
2005,US,141.28,0.737229,additive
2006,CN,2.0,0.010544,additive
2006,EU,28.0,0.147624,additive
2006,EUR,34.69,0.18287,additive
2006,JP,22.0,0.115981,additive
2006,RoW_EU,8.31,0.043813,additive
2006,RoW_EUR,1.62,0.008567,additive
2006,US,129.37,0.682039,additive
2007,CN,2.0,0.008057,additive
2007,EU,40.87,0.164641,additive
2007,EUR,50.12,0.201907,additive
2007,JP,13.0,0.052374,additive
2007,RoW_EU,17.92,0.072182,additive
2007,RoW_EUR,8.67,0.034916,additive
2007,US,174.43,0.702746,additive
2008,CN,2.0,0.007337,additive
2008,EU,39.74,0.145797,additive
2008,EUR,51.64,0.189452,additive
2008,JP,18.0,0.066033,additive
2008,RoW_EU,25.67,0.094158,additive
2008,RoW_EUR,13.77,0.050503,additive
2008,US,187.18,0.686675,additive
2009,EU,40.16,0.156566,additive
2009,EUR,58.73,0.228965,additive
2009,JP,16.0,0.062374,additive
2009,RoW_EU,23.32,0.090916,additive
2009,RoW_EUR,4.75,0.018517,additive
2009,US,177.03,0.690144,additive
2010,CN,4.0,0.016019,additive
2010,EU,42.08,0.168538,additive
2010,EUR,55.75,0.223271,additive
2010,JP,22.5,0.090109,additive
2010,RoW_EU,20.22,0.080979,additive
2010,RoW_EUR,6.55,0.026246,additive
2010,US,160.89,0.644354,additive
2011,CN,2.0,0.006253,additive
2011,EU,89.33,0.27929,additive
2011,EUR,104.03,0.325248,additive
2011,JP,18.0,0.056275,additive
2011,RoW_EU,36.41,0.113826,additive
2011,RoW_EUR,21.71,0.067869,additive
2011,US,174.12,0.544356,additive
2012,CN,6.0,0.020527,additive
2012,EU,68.32,0.233718,additive
2012,EUR,85.65,0.293017,additive
2012,JP,13.89,0.047516,additive
2012,RoW_EU,33.88,0.115919,additive
2012,RoW_EUR,16.55,0.05662,additive
2012,US,170.21,0.58232,additive
2013,CN,12.0,0.026618,additive
2013,EU,94.13,0.208794,additive
2013,EUR,115.75,0.256749,additive
2013,JP,32.0,0.070981,additive
2013,RoW_EU,41.05,0.091045,additive
2013,RoW_EUR,19.43,0.04309,additive
2013,US,271.65,0.602562,additive
2014,CN,62.67,0.063603,additive
2014,EU,165.2,0.167668,additive
2014,EUR,203.22,0.206252,additive
2014,JP,95.0,0.096419,additive
2014,RoW_EU,104.52,0.106078,additive
2014,RoW_EUR,66.5,0.067493,additive
2014,US,557.9,0.566233,additive
2015,CN,126.27,0.07334,additive
2015,EU,300.64,0.174623,additive
2015,EUR,358.88,0.208448,additive
2015,JP,300.11,0.174316,additive
2015,RoW_EU,171.69,0.099724,additive
2015,RoW_EUR,113.46,0.0659,additive
2015,US,822.95,0.477996,additive
2016,CN,198.24,0.081309,additive
2016,EU,515.42,0.211397,additive
2016,EUR,578.38,0.237224,additive
2016,JP,376.0,0.154216,additive
2016,RoW_EU,242.45,0.099439,additive
2016,RoW_EUR,179.48,0.073613,additive
2016,US,1106.03,0.453638,additive
2017,CN,205.93,0.068405,additive
2017,EU,562.37,0.186807,additive
2017,EUR,655.11,0.217614,additive
2017,JP,372.37,0.123693,additive
2017,RoW_EU,286.21,0.095074,additive
2017,RoW_EUR,193.47,0.064266,additive
2017,US,1583.55,0.526021,additive
2018,CN,274.72,0.074389,additive
2018,EU,651.67,0.176464,additive
2018,EUR,757.12,0.205019,additive
2018,JP,401.32,0.108672,additive
2018,RoW_EU,341.75,0.092541,additive
2018,RoW_EUR,236.3,0.063986,additive
2018,US,2023.48,0.547934,additive
2019,CN,286.33,0.073459,additive
2019,EU,830.34,0.213025,additive
2019,EUR,959.7,0.246214,additive
2019,JP,474.44,0.121718,additive
2019,RoW_EU,356.91,0.091567,additive
2019,RoW_EUR,227.55,0.058378,additive
2019,US,1949.82,0.500231,additive
2020,CN,481.65,0.133758,additive
2020,EU,840.07,0.233293,additive
2020,EUR,964.63,0.267886,additive
2020,JP,379.27,0.105326,additive
2020,RoW_EU,392.41,0.108976,additive
2020,RoW_EUR,267.85,0.074383,additive
2020,US,1507.51,0.418647,additive
2021,CN,408.49,0.129501,additive
2021,EU,670.53,0.212573,additive
2021,EUR,775.7,0.245917,additive
2021,JP,377.53,0.119687,additive
2021,RoW_EU,407.93,0.129325,additive
2021,RoW_EUR,302.76,0.095981,additive
2021,US,1289.85,0.408913,additive
2022,CN,405.73,0.128149,additive
2022,EU,705.4,0.222799,additive
2022,EUR,796.83,0.251676,additive
2022,JP,436.19,0.137768,additive
2022,RoW_EU,373.9,0.118094,additive
2022,RoW_EUR,282.47,0.089217,additive
2022,US,1244.88,0.39319,additive
2023,CN,237.33,0.102941,additive
2023,EU,555.83,0.241087,additive
2023,EUR,633.01,0.274563,additive
2023,JP,283.53,0.12298,additive
2023,RoW_EU,292.37,0.126813,additive
2023,RoW_EUR,215.19,0.093338,additive
2023,US,936.46,0.406178,additive
2024,CN,10.0,0.194175,additive
2024,EU,11.0,0.213592,additive
2024,EUR,12.0,0.23301,additive
2024,RoW_EU,3.5,0.067961,additive
2024,RoW_EUR,2.5,0.048544,additive
2024,US,27.0,0.524272,additive
1985,US,6.0,1.0,ai
1986,JP,2.0,0.166667,ai
1986,US,10.0,0.833333,ai
1987,EU,1.0,0.125,ai
1987,EUR,2.0,0.25,ai
1987,RoW_EU,1.0,0.125,ai
1987,US,6.0,0.75,ai
1988,EUR,2.0,0.095238,ai
1988,RoW_EU,3.0,0.142857,ai
1988,RoW_EUR,1.0,0.047619,ai
1988,US,18.0,0.857143,ai
1989,EU,1.0,0.035714,ai
1989,EUR,2.0,0.071429,ai
1989,JP,10.0,0.357143,ai
1989,RoW_EU,1.0,0.035714,ai
1989,US,16.0,0.571429,ai
1990,EU,5.0,0.072464,ai
1990,EUR,9.0,0.130435,ai
1990,JP,12.0,0.173913,ai
1990,RoW_EU,4.0,0.057971,ai
1990,US,48.0,0.695652,ai
1991,EU,5.0,0.054348,ai
1991,EUR,11.0,0.119565,ai
1991,JP,16.0,0.173913,ai
1991,RoW_EU,7.0,0.076087,ai
1991,RoW_EUR,1.0,0.01087,ai
1991,US,64.0,0.695652,ai
1992,EU,4.0,0.059701,ai
1992,EUR,11.0,0.164179,ai
1992,JP,12.0,0.179104,ai
1992,RoW_EU,9.0,0.134328,ai
1992,RoW_EUR,2.0,0.029851,ai
1992,US,42.0,0.626866,ai
1993,EU,6.5,0.12381,ai
1993,EUR,11.5,0.219048,ai
1993,JP,8.0,0.152381,ai
1993,RoW_EU,7.0,0.133333,ai
1993,RoW_EUR,2.0,0.038095,ai
1993,US,31.0,0.590476,ai
1994,EU,11.83,0.176179,ai
1994,EUR,14.83,0.220844,ai
1994,JP,17.0,0.253102,ai
1994,RoW_EU,3.0,0.044665,ai
1994,US,35.33,0.526055,ai
1995,EU,19.9,0.311842,ai
1995,EUR,20.9,0.327513,ai
1995,JP,2.0,0.031341,ai
1995,RoW_EU,2.29,0.035818,ai
1995,RoW_EUR,1.29,0.020148,ai
1995,US,39.63,0.620998,ai
1996,EU,7.0,0.148936,ai
1996,EUR,12.0,0.255319,ai
1996,JP,6.0,0.12766,ai
1996,RoW_EU,6.0,0.12766,ai
1996,RoW_EUR,1.0,0.021277,ai
1996,US,28.0,0.595745,ai
1997,EU,17.46,0.236857,ai
1997,EUR,19.46,0.263991,ai
1997,JP,2.67,0.036179,ai
1997,RoW_EU,2.83,0.03844,ai
1997,RoW_EUR,0.83,0.011306,ai
1997,US,50.75,0.688525,ai
1998,CN,2.0,0.02087,ai
1998,EU,15.0,0.156522,ai
1998,EUR,27.33,0.285217,ai
1998,JP,8.0,0.083478,ai
1998,RoW_EU,23.17,0.241739,ai
1998,RoW_EUR,10.83,0.113043,ai
1998,US,47.67,0.497391,ai
1999,EU,12.57,0.135907,ai
1999,EUR,15.0,0.162162,ai
1999,JP,16.67,0.18018,ai
1999,RoW_EU,8.93,0.096525,ai
1999,RoW_EUR,6.5,0.07027,ai
1999,US,54.33,0.587387,ai
2000,CN,2.0,0.013834,ai
2000,EU,19.17,0.13258,ai
2000,EUR,32.63,0.225732,ai
2000,JP,28.67,0.198294,ai
2000,RoW_EU,22.27,0.154024,ai
2000,RoW_EUR,8.8,0.060872,ai
2000,US,72.47,0.501268,ai
2001,EU,31.55,0.140691,ai
2001,EUR,40.08,0.178744,ai
2001,JP,33.6,0.149833,ai
2001,RoW_EU,22.2,0.098997,ai
2001,RoW_EUR,13.67,0.060944,ai
2001,US,136.9,0.610479,ai
2002,EU,25.53,0.111305,ai
2002,EUR,37.27,0.162453,ai
2002,JP,23.33,0.101715,ai
2002,RoW_EU,33.07,0.144144,ai
2002,RoW_EUR,21.33,0.092996,ai
2002,US,147.47,0.642836,ai
2003,EU,24.63,0.13075,ai
2003,EUR,38.33,0.203468,ai
2003,JP,33.0,0.175159,ai
2003,RoW_EU,30.97,0.164367,ai
2003,RoW_EUR,17.27,0.091649,ai
2003,US,99.8,0.529724,ai
2004,CN,4.0,0.01953,ai
2004,EU,24.33,0.118805,ai
2004,EUR,34.6,0.168932,ai
2004,JP,32.9,0.160631,ai
2004,RoW_EU,30.85,0.150623,ai
2004,RoW_EUR,20.58,0.100496,ai
2004,US,112.73,0.550411,ai
2005,CN,6.0,0.023281,ai
2005,EU,24.25,0.094094,ai
2005,EUR,38.87,0.150814,ai
2005,JP,48.4,0.187801,ai
2005,RoW_EU,36.46,0.141483,ai
2005,RoW_EUR,21.85,0.084763,ai
2005,US,142.61,0.553341,ai
2006,CN,2.0,0.006593,ai
2006,EU,20.97,0.069122,ai
2006,EUR,33.53,0.110551,ai
2006,JP,37.33,0.123078,ai
2006,RoW_EU,34.7,0.114409,ai
2006,RoW_EUR,22.14,0.07298,ai
2006,US,208.33,0.686798,ai
2007,CN,4.0,0.015544,ai
2007,EU,16.5,0.064118,ai
2007,EUR,21.25,0.082576,ai
2007,JP,26.33,0.102329,ai
2007,RoW_EU,31.49,0.122381,ai
2007,RoW_EUR,26.74,0.103923,ai
2007,US,179.01,0.695628,ai
2008,CN,2.0,0.005701,ai
2008,EU,32.25,0.091922,ai
2008,EUR,43.52,0.124035,ai
2008,JP,53.5,0.152491,ai
2008,RoW_EU,42.91,0.122305,ai
2008,RoW_EUR,31.64,0.090192,ai
2008,US,220.18,0.627581,ai
2009,CN,4.74,0.016585,ai
2009,EU,25.34,0.088624,ai
2009,EUR,35.51,0.124176,ai
2009,JP,48.0,0.167849,ai
2009,RoW_EU,42.68,0.149261,ai
2009,RoW_EUR,32.52,0.11371,ai
2009,US,165.2,0.57768,ai
2010,CN,24.8,0.073099,ai
2010,EU,44.17,0.130183,ai
2010,EUR,58.9,0.17361,ai
2010,JP,34.67,0.102181,ai
2010,RoW_EU,54.57,0.160837,ai
2010,RoW_EUR,39.83,0.11741,ai
2010,US,181.07,0.5337,ai
2011,CN,24.25,0.048435,ai
2011,EU,67.28,0.134388,ai
2011,EUR,77.88,0.15556,ai
2011,JP,74.67,0.149135,ai
2011,RoW_EU,50.05,0.099967,ai
2011,RoW_EUR,39.45,0.078795,ai
2011,US,284.42,0.568075,ai
2012,CN,50.6,0.080006,ai
2012,EU,66.26,0.104767,ai
2012,EUR,84.26,0.133228,ai
2012,JP,88.33,0.139658,ai
2012,RoW_EU,61.15,0.096695,ai
2012,RoW_EUR,43.15,0.068234,ai
2012,US,366.11,0.578874,ai
2013,CN,76.57,0.078259,ai
2013,EU,76.11,0.077789,ai
2013,EUR,112.59,0.115069,ai
2013,JP,128.69,0.131522,ai
2013,RoW_EU,115.45,0.118,ai
2013,RoW_EUR,78.98,0.080719,ai
2013,US,581.61,0.594431,ai
2014,CN,123.43,0.099771,ai
2014,EU,75.8,0.061271,ai
2014,EUR,110.94,0.089671,ai
2014,JP,157.67,0.127442,ai
2014,RoW_EU,118.04,0.095409,ai
2014,RoW_EUR,82.9,0.067008,ai
2014,US,762.22,0.616107,ai
2015,CN,205.33,0.118207,ai
2015,EU,88.67,0.051045,ai
2015,EUR,125.93,0.072495,ai
2015,JP,290.62,0.167304,ai
2015,RoW_EU,171.76,0.09888,ai
2015,RoW_EUR,134.5,0.077431,ai
2015,US,980.69,0.564563,ai
2016,CN,449.98,0.178681,ai
2016,EU,128.23,0.050917,ai
2016,EUR,209.35,0.083128,ai
2016,JP,322.6,0.128099,ai
2016,RoW_EU,257.08,0.102081,ai
2016,RoW_EUR,175.96,0.069869,ai
2016,US,1360.48,0.540222,ai
2017,CN,979.7,0.202736,ai
2017,EU,229.03,0.047394,ai
2017,EUR,338.07,0.069958,ai
2017,JP,705.8,0.146056,ai
2017,RoW_EU,504.58,0.104417,ai
2017,RoW_EUR,395.54,0.081853,ai
2017,US,2413.28,0.499397,ai
2018,CN,1848.51,0.224162,ai
2018,EU,427.13,0.051796,ai
2018,EUR,615.03,0.074582,ai
2018,JP,1437.43,0.174312,ai
2018,RoW_EU,880.11,0.106727,ai
2018,RoW_EUR,692.21,0.083941,ai
2018,US,3653.15,0.443003,ai
2019,CN,3029.61,0.230972,ai
2019,EU,772.46,0.058891,ai
2019,EUR,1035.19,0.078921,ai
2019,JP,2410.33,0.18376,ai
2019,RoW_EU,1511.35,0.115223,ai
2019,RoW_EUR,1248.63,0.095193,ai
2019,US,5393.0,0.411153,ai
2020,CN,4539.73,0.28479,ai
2020,EU,845.69,0.053053,ai
2020,EUR,1173.17,0.073597,ai
2020,JP,2412.06,0.151315,ai
2020,RoW_EU,1957.38,0.122792,ai
2020,RoW_EUR,1629.9,0.102248,ai
2020,US,6185.76,0.38805,ai
2021,CN,5199.57,0.301472,ai
2021,EU,1066.61,0.061842,ai
2021,EUR,1372.33,0.079568,ai
2021,JP,1977.15,0.114635,ai
2021,RoW_EU,2347.19,0.13609,ai
2021,RoW_EUR,2041.47,0.118365,ai
2021,US,6656.77,0.38596,ai
2022,CN,5257.01,0.318975,ai
2022,EU,936.72,0.056836,ai
2022,EUR,1246.51,0.075633,ai
2022,JP,1857.81,0.112725,ai
2022,RoW_EU,2343.76,0.14221,ai
2022,RoW_EUR,2033.97,0.123413,ai
2022,US,6085.64,0.369253,ai
2023,CN,2786.01,0.255558,ai
2023,EU,817.19,0.07496,ai
2023,EUR,1122.2,0.102938,ai
2023,JP,766.71,0.070329,ai
2023,RoW_EU,1856.42,0.170288,ai
2023,RoW_EUR,1551.42,0.14231,ai
2023,US,4675.35,0.428865,ai
2024,CN,29.76,0.172951,ai
2024,EU,13.0,0.075545,ai
2024,EUR,17.17,0.099758,ai
2024,RoW_EU,26.92,0.156416,ai
2024,RoW_EUR,22.75,0.132203,ai
2024,US,102.4,0.595088,ai
1980,EU,1.0,0.111111,batteries
1980,EUR,9.0,1.0,batteries
1980,RoW_EU,8.0,0.888889,batteries
1981,EU,1.0,1.0,batteries
1981,EUR,1.0,1.0,batteries
1982,EU,1.0,0.1,batteries
1982,EUR,3.0,0.3,batteries
1982,JP,2.0,0.2,batteries
1982,RoW_EU,3.0,0.3,batteries
1982,RoW_EUR,1.0,0.1,batteries
1982,US,4.0,0.4,batteries
1983,EU,2.0,0.125,batteries
1983,EUR,3.0,0.1875,batteries
1983,RoW_EU,2.0,0.125,batteries
1983,RoW_EUR,1.0,0.0625,batteries
1983,US,12.0,0.75,batteries
1984,EU,1.0,0.043478,batteries
1984,EUR,1.0,0.043478,batteries
1984,JP,8.0,0.347826,batteries
1984,US,14.0,0.608696,batteries
1985,EU,4.0,0.307692,batteries
1985,EUR,5.0,0.384615,batteries
1985,JP,4.0,0.307692,batteries
1985,RoW_EU,1.0,0.076923,batteries
1985,US,4.0,0.307692,batteries
1986,EU,4.0,0.190476,batteries
1986,EUR,5.0,0.238095,batteries
1986,RoW_EU,1.0,0.047619,batteries
1986,US,16.0,0.761905,batteries
1987,CN,0.67,0.036364,batteries
1987,EU,1.0,0.054545,batteries
1987,EUR,3.67,0.2,batteries
1987,JP,4.0,0.218182,batteries
1987,RoW_EU,2.67,0.145455,batteries
1987,US,10.0,0.545455,batteries
1988,EU,3.0,0.115385,batteries
1988,EUR,10.0,0.384615,batteries
1988,RoW_EU,11.0,0.423077,batteries
1988,RoW_EUR,4.0,0.153846,batteries
1988,US,12.0,0.461538,batteries
1989,EU,6.17,0.125424,batteries
1989,EUR,10.17,0.20678,batteries
1989,JP,6.0,0.122034,batteries
1989,RoW_EU,4.67,0.094915,batteries
1989,RoW_EUR,0.67,0.013559,batteries
1989,US,32.33,0.657627,batteries
1990,EU,5.33,0.088154,batteries
1990,EUR,9.83,0.162534,batteries
1990,JP,2.0,0.033058,batteries
1990,RoW_EU,10.17,0.168044,batteries
1990,RoW_EUR,5.67,0.093664,batteries
1990,US,43.0,0.710744,batteries
1991,EU,3.0,0.046875,batteries
1991,EUR,20.0,0.3125,batteries
1991,JP,4.0,0.0625,batteries
1991,RoW_EU,23.0,0.359375,batteries
1991,RoW_EUR,6.0,0.09375,batteries
1991,US,34.0,0.53125,batteries
1992,EU,11.67,0.128205,batteries
1992,EUR,19.67,0.216117,batteries
1992,JP,21.0,0.230769,batteries
1992,RoW_EU,17.33,0.190476,batteries
1992,RoW_EUR,9.33,0.102564,batteries
1992,US,41.0,0.450549,batteries
1993,EU,14.27,0.115989,batteries
1993,EUR,18.27,0.148509,batteries
1993,JP,22.0,0.178862,batteries
1993,RoW_EU,8.73,0.071003,batteries
1993,RoW_EUR,4.73,0.038482,batteries
1993,US,78.0,0.634146,batteries
1994,EU,11.5,0.073016,batteries
1994,EUR,14.5,0.092063,batteries
1994,JP,15.67,0.099471,batteries
1994,RoW_EU,17.0,0.107937,batteries
1994,RoW_EUR,14.0,0.088889,batteries
1994,US,113.33,0.719577,batteries
1995,EU,20.03,0.120361,batteries
1995,EUR,25.2,0.151409,batteries
1995,JP,30.0,0.180283,batteries
1995,RoW_EU,13.57,0.081528,batteries
1995,RoW_EUR,8.4,0.050479,batteries
1995,US,102.81,0.617828,batteries
1996,CN,2.0,0.007053,batteries
1996,EU,21.92,0.077285,batteries
1996,EUR,24.92,0.087864,batteries
1996,JP,57.0,0.200999,batteries
1996,RoW_EU,14.5,0.051131,batteries
1996,RoW_EUR,11.5,0.040552,batteries
1996,US,188.17,0.663532,batteries
1997,CN,2.0,0.006061,batteries
1997,EU,33.4,0.10122,batteries
1997,EUR,39.18,0.118746,batteries
1997,JP,112.0,0.33942,batteries
1997,RoW_EU,18.62,0.056444,batteries
1997,RoW_EUR,12.84,0.038917,batteries
1997,US,163.95,0.496856,batteries
1998,EU,29.38,0.060436,batteries
1998,EUR,37.38,0.07689,batteries
1998,JP,170.76,0.351213,batteries
1998,RoW_EU,36.42,0.074916,batteries
1998,RoW_EUR,28.42,0.058462,batteries
1998,US,249.63,0.513435,batteries
1999,CN,4.0,0.008057,batteries
1999,EU,40.8,0.082178,batteries
1999,EUR,56.23,0.113263,batteries
1999,JP,170.7,0.343818,batteries
1999,RoW_EU,48.72,0.098123,batteries
1999,RoW_EUR,33.28,0.067038,batteries
1999,US,232.27,0.467824,batteries
2000,CN,6.0,0.010932,batteries
2000,EU,56.67,0.103248,batteries
2000,EUR,70.08,0.127694,batteries
2000,JP,208.5,0.379893,batteries
2000,RoW_EU,44.49,0.081069,batteries
2000,RoW_EUR,31.08,0.056624,batteries
2000,US,233.18,0.424858,batteries
2001,CN,12.0,0.019541,batteries
2001,EU,43.84,0.071395,batteries
2001,EUR,62.4,0.10162,batteries
2001,JP,227.6,0.370624,batteries
2001,RoW_EU,60.06,0.097796,batteries
2001,RoW_EUR,41.5,0.067571,batteries
2001,US,270.6,0.440645,batteries
2002,CN,4.0,0.006422,batteries
2002,EU,51.74,0.083072,batteries
2002,EUR,62.4,0.100185,batteries
2002,JP,285.57,0.458491,batteries
2002,RoW_EU,53.41,0.085748,batteries
2002,RoW_EUR,42.75,0.068636,batteries
2002,US,228.13,0.366266,batteries
2003,CN,13.07,0.020322,batteries
2003,EU,61.26,0.095273,batteries
2003,EUR,73.76,0.114714,batteries
2003,JP,273.93,0.426046,batteries
2003,RoW_EU,56.11,0.087267,batteries
2003,RoW_EUR,43.61,0.067825,batteries
2003,US,238.6,0.371092,batteries
2004,CN,24.0,0.034301,batteries
2004,EU,54.27,0.077567,batteries
2004,EUR,69.17,0.098862,batteries
2004,JP,320.26,0.457716,batteries
2004,RoW_EU,92.78,0.132597,batteries
2004,RoW_EUR,77.88,0.111302,batteries
2004,US,208.38,0.297819,batteries
2005,CN,34.0,0.038687,batteries
2005,EU,78.64,0.089479,batteries
2005,EUR,90.07,0.102483,batteries
2005,JP,416.01,0.473361,batteries
2005,RoW_EU,94.05,0.10702,batteries
2005,RoW_EUR,82.62,0.094016,batteries
2005,US,256.14,0.291452,batteries
2006,CN,83.26,0.073084,batteries
2006,EU,77.63,0.068143,batteries
2006,EUR,87.55,0.076857,batteries
2006,JP,513.92,0.451129,batteries
2006,RoW_EU,172.68,0.151577,batteries
2006,RoW_EUR,162.75,0.142864,batteries
2006,US,291.71,0.256066,batteries
2007,CN,31.15,0.025433,batteries
2007,EU,111.17,0.090771,batteries
2007,EUR,134.92,0.110163,batteries
2007,JP,598.09,0.488328,batteries
2007,RoW_EU,184.65,0.15076,batteries
2007,RoW_EUR,160.9,0.131369,batteries
2007,US,299.71,0.244708,batteries
2008,CN,77.44,0.052474,batteries
2008,EU,164.91,0.11174,batteries
2008,EUR,185.01,0.125359,batteries
2008,JP,733.8,0.497198,batteries
2008,RoW_EU,147.22,0.099749,batteries
2008,RoW_EUR,127.12,0.08613,batteries
2008,US,352.5,0.238839,batteries
2009,CN,90.25,0.049906,batteries
2009,EU,202.22,0.111823,batteries
2009,EUR,228.05,0.126109,batteries
2009,JP,928.0,0.513161,batteries
2009,RoW_EU,158.38,0.087579,batteries
2009,RoW_EUR,132.55,0.073294,batteries
2009,US,429.55,0.23753,batteries
2010,CN,166.69,0.059836,batteries
2010,EU,323.92,0.11628,batteries
2010,EUR,348.86,0.125233,batteries
2010,JP,1444.9,0.518684,batteries
2010,RoW_EU,215.87,0.077491,batteries
2010,RoW_EUR,190.93,0.068538,batteries
2010,US,634.33,0.22771,batteries
2011,CN,255.67,0.0616,batteries
2011,EU,405.75,0.097761,batteries
2011,EUR,439.14,0.105806,batteries
2011,JP,2529.53,0.609456,batteries
2011,RoW_EU,311.78,0.07512,batteries
2011,RoW_EUR,278.39,0.067075,batteries
2011,US,647.73,0.156063,batteries
2012,CN,237.87,0.052422,batteries
2012,EU,490.65,0.108129,batteries
2012,EUR,512.9,0.113035,batteries
2012,JP,2818.58,0.621162,batteries
2012,RoW_EU,359.76,0.079285,batteries
2012,RoW_EUR,337.51,0.07438,batteries
2012,US,630.73,0.139001,batteries
2013,CN,297.74,0.062289,batteries
2013,EU,455.64,0.095321,batteries
2013,EUR,504.16,0.105471,batteries
2013,JP,2783.38,0.58229,batteries
2013,RoW_EU,499.31,0.104457,batteries
2013,RoW_EUR,450.79,0.094307,batteries
2013,US,743.98,0.155643,batteries
2014,CN,344.23,0.075872,batteries
2014,EU,396.41,0.087373,batteries
2014,EUR,431.2,0.09504,batteries
2014,JP,2325.01,0.512453,batteries
2014,RoW_EU,557.53,0.122885,batteries
2014,RoW_EUR,522.74,0.115218,batteries
2014,US,913.83,0.201417,batteries
2015,CN,477.98,0.107901,batteries
2015,EU,424.74,0.095882,batteries
2015,EUR,478.99,0.10813,batteries
2015,JP,2288.23,0.516554,batteries
2015,RoW_EU,437.2,0.098694,batteries
2015,RoW_EUR,382.94,0.086447,batteries
2015,US,801.65,0.180968,batteries
2016,CN,744.08,0.152422,batteries
2016,EU,390.64,0.080021,batteries
2016,EUR,453.09,0.092815,batteries
2016,JP,2271.9,0.465395,batteries
2016,RoW_EU,554.02,0.113491,batteries
2016,RoW_EUR,491.57,0.100697,batteries
2016,US,921.03,0.188671,batteries
2017,CN,1014.5,0.181676,batteries
2017,EU,392.56,0.070299,batteries
2017,EUR,439.64,0.078729,batteries
2017,JP,2390.01,0.427998,batteries
2017,RoW_EU,796.52,0.142639,batteries
2017,RoW_EUR,749.44,0.134209,batteries
2017,US,990.56,0.177388,batteries
2018,CN,961.66,0.153872,batteries
2018,EU,489.97,0.078399,batteries
2018,EUR,558.01,0.089285,batteries
2018,JP,2757.44,0.441208,batteries
2018,RoW_EU,1017.35,0.162783,batteries
2018,RoW_EUR,949.31,0.151896,batteries
2018,US,1023.33,0.163739,batteries
2019,CN,1483.29,0.216282,batteries
2019,EU,561.46,0.081868,batteries
2019,EUR,627.09,0.091438,batteries
2019,JP,2859.67,0.416975,batteries
2019,RoW_EU,980.19,0.142924,batteries
2019,RoW_EUR,914.55,0.133353,batteries
2019,US,973.53,0.141952,batteries
2020,CN,2548.33,0.309865,batteries
2020,EU,519.6,0.063181,batteries
2020,EUR,657.89,0.079997,batteries
2020,JP,2858.85,0.347623,batteries
2020,RoW_EU,1227.93,0.149311,batteries
2020,RoW_EUR,1089.64,0.132495,batteries
2020,US,1069.28,0.130019,batteries
2021,CN,3363.8,0.352805,batteries
2021,EU,530.65,0.055656,batteries
2021,EUR,655.83,0.068786,batteries
2021,JP,3019.69,0.316714,batteries
2021,RoW_EU,1603.02,0.16813,batteries
2021,RoW_EUR,1477.84,0.155,batteries
2021,US,1017.27,0.106695,batteries
2022,CN,5492.89,0.44218,batteries
2022,EU,750.15,0.060388,batteries
2022,EUR,887.27,0.071425,batteries
2022,JP,3129.52,0.251928,batteries
2022,RoW_EU,1855.73,0.149387,batteries
2022,RoW_EUR,1718.61,0.138349,batteries
2022,US,1194.01,0.096118,batteries
2023,CN,3011.52,0.321648,batteries
2023,EU,767.4,0.081963,batteries
2023,EUR,891.95,0.095266,batteries
2023,JP,2521.19,0.269279,batteries
2023,RoW_EU,1889.5,0.20181,batteries
2023,RoW_EUR,1764.95,0.188507,batteries
2023,US,1173.15,0.1253,batteries
2024,CN,44.0,0.359184,batteries
2024,EU,8.0,0.065306,batteries
2024,EUR,9.5,0.077551,batteries
2024,JP,14.0,0.114286,batteries
2024,RoW_EU,24.5,0.2,batteries
2024,RoW_EUR,23.0,0.187755,batteries
2024,US,32.0,0.261224,batteries
1980,EU,16.0,0.13913,biotech
1980,EUR,21.0,0.182609,biotech
1980,JP,14.0,0.121739,biotech
1980,RoW_EU,9.0,0.078261,biotech
1980,RoW_EUR,4.0,0.034783,biotech
1980,US,76.0,0.66087,biotech
1981,EU,24.17,0.190039,biotech
1981,EUR,31.0,0.243775,biotech
1981,JP,18.0,0.141547,biotech
1981,RoW_EU,10.67,0.083879,biotech
1981,RoW_EUR,3.83,0.030144,biotech
1981,US,74.33,0.584535,biotech
1982,EU,41.33,0.186452,biotech
1982,EUR,44.42,0.200361,biotech
1982,JP,26.7,0.120442,biotech
1982,RoW_EU,8.58,0.038719,biotech
1982,RoW_EUR,5.5,0.02481,biotech
1982,US,145.07,0.654387,biotech
1983,EU,26.5,0.090187,biotech
1983,EUR,44.75,0.152297,biotech
1983,JP,19.0,0.064663,biotech
1983,RoW_EU,25.67,0.087351,biotech
1983,RoW_EUR,7.42,0.025241,biotech
1983,US,222.67,0.757799,biotech
1984,EU,42.08,0.138774,biotech
1984,EUR,57.58,0.189887,biotech
1984,JP,24.0,0.079143,biotech
1984,RoW_EU,30.67,0.101127,biotech
1984,RoW_EUR,15.17,0.050014,biotech
1984,US,206.5,0.680956,biotech
1985,EU,86.19,0.13769,biotech
1985,EUR,150.03,0.239668,biotech
1985,JP,50.5,0.080674,biotech
1985,RoW_EU,94.62,0.151154,biotech
1985,RoW_EUR,30.78,0.049177,biotech
1985,US,394.67,0.630482,biotech
1986,EU,118.88,0.15659,biotech
1986,EUR,171.42,0.225786,biotech
1986,JP,43.07,0.056726,biotech
1986,RoW_EU,87.92,0.115802,biotech
1986,RoW_EUR,35.38,0.046606,biotech
1986,US,509.33,0.670882,biotech
1987,EU,92.57,0.099357,biotech
1987,EUR,155.35,0.166745,biotech
1987,JP,69.5,0.074598,biotech
1987,RoW_EU,118.77,0.127483,biotech
1987,RoW_EUR,55.99,0.060095,biotech
1987,US,650.82,0.698562,biotech
1988,EU,163.89,0.10878,biotech
1988,EUR,260.95,0.173204,biotech
1988,JP,134.97,0.089584,biotech
1988,RoW_EU,154.18,0.102337,biotech
1988,RoW_EUR,57.12,0.037913,biotech
1988,US,1053.56,0.699299,biotech
1989,CN,1.4,0.000665,biotech
1989,EU,231.42,0.109871,biotech
1989,EUR,351.32,0.16679,biotech
1989,JP,140.75,0.066823,biotech
1989,RoW_EU,189.74,0.090081,biotech
1989,RoW_EUR,69.85,0.033162,biotech
1989,US,1543.02,0.73256,biotech
1990,CN,0.57,0.000191,biotech
1990,EU,372.0,0.124564,biotech
1990,EUR,549.86,0.18412,biotech
1990,JP,172.1,0.057625,biotech
1990,RoW_EU,295.14,0.098827,biotech
1990,RoW_EUR,117.28,0.039271,biotech
1990,US,2146.63,0.718792,biotech
1991,CN,2.86,0.000784,biotech
1991,EU,492.92,0.135252,biotech
1991,EUR,703.13,0.19293,biotech
1991,JP,237.24,0.065096,biotech
1991,RoW_EU,356.39,0.097789,biotech
1991,RoW_EUR,146.18,0.040111,biotech
1991,US,2555.07,0.701078,biotech
1992,CN,1.06,0.000246,biotech
1992,EU,514.04,0.11974,biotech
1992,EUR,779.17,0.181498,biotech
1992,JP,281.61,0.065598,biotech
1992,RoW_EU,427.97,0.099691,biotech
1992,RoW_EUR,162.85,0.037933,biotech
1992,US,3068.3,0.714725,biotech
1993,CN,1.5,0.0003,biotech
1993,EU,648.39,0.129735,biotech
1993,EUR,956.74,0.191432,biotech
1993,JP,311.99,0.062426,biotech
1993,RoW_EU,521.14,0.104274,biotech
1993,RoW_EUR,212.79,0.042577,biotech
1993,US,3514.77,0.703265,biotech
1994,CN,10.54,0.001789,biotech
1994,EU,715.26,0.121429,biotech
1994,EUR,1032.67,0.175313,biotech
1994,JP,432.77,0.07347,biotech
1994,RoW_EU,590.3,0.100214,biotech
1994,RoW_EUR,272.9,0.04633,biotech
1994,US,4141.53,0.703098,biotech
1995,CN,11.64,0.001808,biotech
1995,EU,858.8,0.133426,biotech
1995,EUR,1220.48,0.189618,biotech
1995,JP,476.06,0.073962,biotech
1995,RoW_EU,663.63,0.103104,biotech
1995,RoW_EUR,301.95,0.046912,biotech
1995,US,4426.4,0.6877,biotech
1996,CN,19.9,0.002494,biotech
1996,EU,1011.98,0.126824,biotech
1996,EUR,1401.92,0.175692,biotech
1996,JP,654.2,0.081986,biotech
1996,RoW_EU,803.87,0.100743,biotech
1996,RoW_EUR,413.93,0.051875,biotech
1996,US,5489.46,0.687953,biotech
1997,CN,53.1,0.00581,biotech
1997,EU,1189.86,0.130182,biotech
1997,EUR,1641.18,0.17956,biotech
1997,JP,790.75,0.086515,biotech
1997,RoW_EU,939.36,0.102775,biotech
1997,RoW_EUR,488.04,0.053396,biotech
1997,US,6166.92,0.674718,biotech
1998,CN,111.4,0.01009,biotech
1998,EU,1440.8,0.130504,biotech
1998,EUR,2003.3,0.181455,biotech
1998,JP,872.91,0.079066,biotech
1998,RoW_EU,1190.98,0.107876,biotech
1998,RoW_EUR,628.47,0.056926,biotech
1998,US,7424.13,0.672463,biotech
1999,CN,53.83,0.004098,biotech
1999,EU,1695.95,0.129092,biotech
1999,EUR,2376.26,0.180875,biotech
1999,JP,1059.87,0.080675,biotech
1999,RoW_EU,1453.43,0.110632,biotech
1999,RoW_EUR,773.12,0.058848,biotech
1999,US,8874.46,0.675504,biotech
2000,CN,584.25,0.036314,biotech
2000,EU,2101.73,0.130633,biotech
2000,EUR,2895.27,0.179956,biotech
2000,JP,1449.4,0.090088,biotech
2000,RoW_EU,1742.29,0.108293,biotech
2000,RoW_EUR,948.75,0.05897,biotech
2000,US,10211.08,0.634672,biotech
2001,CN,1864.62,0.089837,biotech
2001,EU,2524.62,0.121636,biotech
2001,EUR,3307.99,0.159378,biotech
2001,JP,1839.88,0.088645,biotech
2001,RoW_EU,1846.38,0.088958,biotech
2001,RoW_EUR,1063.01,0.051216,biotech
2001,US,12680.07,0.610924,biotech
2002,CN,183.89,0.009777,biotech
2002,EU,2625.55,0.13959,biotech
2002,EUR,3474.62,0.184732,biotech
2002,JP,2089.1,0.111069,biotech
2002,RoW_EU,2190.98,0.116486,biotech
2002,RoW_EUR,1341.91,0.071344,biotech
2002,US,11719.51,0.623079,biotech
2003,CN,270.89,0.014861,biotech
2003,EU,2545.22,0.139626,biotech
2003,EUR,3375.97,0.185199,biotech
2003,JP,2446.92,0.134233,biotech
2003,RoW_EU,2075.7,0.113869,biotech
2003,RoW_EUR,1244.96,0.068296,biotech
2003,US,10890.16,0.597412,biotech
2004,CN,224.45,0.013084,biotech
2004,EU,2351.27,0.137065,biotech
2004,EUR,3067.27,0.178803,biotech
2004,JP,2597.47,0.151416,biotech
2004,RoW_EU,1922.95,0.112096,biotech
2004,RoW_EUR,1206.95,0.070358,biotech
2004,US,10058.32,0.586339,biotech
2005,CN,218.26,0.013706,biotech
2005,EU,2365.28,0.148524,biotech
2005,EUR,2982.54,0.187285,biotech
2005,JP,2616.89,0.164324,biotech
2005,RoW_EU,1654.14,0.10387,biotech
2005,RoW_EUR,1036.88,0.065109,biotech
2005,US,9070.6,0.569576,biotech
2006,CN,253.02,0.014916,biotech
2006,EU,2186.19,0.128878,biotech
2006,EUR,2867.75,0.169056,biotech
2006,JP,2913.6,0.17176,biotech
2006,RoW_EU,2057.15,0.121271,biotech
2006,RoW_EUR,1375.59,0.081092,biotech
2006,US,9553.29,0.563176,biotech
2007,CN,367.59,0.021673,biotech
2007,EU,2307.95,0.136076,biotech
2007,EUR,2901.92,0.171096,biotech
2007,JP,2375.7,0.140071,biotech
2007,RoW_EU,2066.06,0.121814,biotech
2007,RoW_EUR,1472.09,0.086794,biotech
2007,US,9843.47,0.580367,biotech
2008,CN,384.13,0.022538,biotech
2008,EU,2770.17,0.162535,biotech
2008,EUR,3578.18,0.209944,biotech
2008,JP,2342.06,0.137417,biotech
2008,RoW_EU,2364.93,0.138759,biotech
2008,RoW_EUR,1556.92,0.09135,biotech
2008,US,9182.2,0.538751,biotech
2009,CN,424.12,0.026563,biotech
2009,EU,2511.09,0.157273,biotech
2009,EUR,3123.74,0.195645,biotech
2009,JP,2236.51,0.140076,biotech
2009,RoW_EU,2068.37,0.129546,biotech
2009,RoW_EUR,1455.72,0.091174,biotech
2009,US,8726.29,0.546542,biotech
2010,CN,654.43,0.041707,biotech
2010,EU,2447.53,0.155982,biotech
2010,EUR,3052.88,0.194561,biotech
2010,JP,2305.26,0.146915,biotech
2010,RoW_EU,2089.86,0.133188,biotech
2010,RoW_EUR,1484.51,0.094608,biotech
2010,US,8194.02,0.522208,biotech
2011,CN,911.6,0.054221,biotech
2011,EU,2416.79,0.143747,biotech
2011,EUR,3022.89,0.179797,biotech
2011,JP,2543.36,0.151275,biotech
2011,RoW_EU,2262.4,0.134564,biotech
2011,RoW_EUR,1656.3,0.098514,biotech
2011,US,8678.67,0.516193,biotech
2012,CN,986.58,0.058422,biotech
2012,EU,2484.08,0.147099,biotech
2012,EUR,3062.32,0.18134,biotech
2012,JP,2428.12,0.143785,biotech
2012,RoW_EU,2258.61,0.133747,biotech
2012,RoW_EUR,1680.37,0.099506,biotech
2012,US,8729.74,0.516946,biotech
2013,CN,1019.86,0.061482,biotech
2013,EU,2305.31,0.138974,biotech
2013,EUR,2913.04,0.175611,biotech
2013,JP,2365.85,0.142624,biotech
2013,RoW_EU,2226.18,0.134204,biotech
2013,RoW_EUR,1618.44,0.097567,biotech
2013,US,8670.85,0.522717,biotech
2014,CN,1210.8,0.06669,biotech
2014,EU,2275.34,0.125325,biotech
2014,EUR,2933.37,0.161568,biotech
2014,JP,2532.83,0.139507,biotech
2014,RoW_EU,2349.05,0.129385,biotech
2014,RoW_EUR,1691.02,0.093141,biotech
2014,US,9787.54,0.539093,biotech
2015,CN,1389.19,0.076204,biotech
2015,EU,2399.86,0.131644,biotech
2015,EUR,3143.21,0.172421,biotech
2015,JP,2640.65,0.144853,biotech
2015,RoW_EU,2473.14,0.135664,biotech
2015,RoW_EUR,1729.79,0.094888,biotech
2015,US,9327.04,0.511635,biotech
2016,CN,1829.03,0.08997,biotech
2016,EU,2401.7,0.11814,biotech
2016,EUR,3150.8,0.154988,biotech
2016,JP,2840.58,0.139729,biotech
2016,RoW_EU,2693.55,0.132496,biotech
2016,RoW_EUR,1944.44,0.095647,biotech
2016,US,10564.42,0.519665,biotech
2017,CN,2643.11,0.120233,biotech
2017,EU,2321.47,0.105602,biotech
2017,EUR,3053.53,0.138903,biotech
2017,JP,3206.49,0.14586,biotech
2017,RoW_EU,2736.34,0.124474,biotech
2017,RoW_EUR,2004.28,0.091173,biotech
2017,US,11075.86,0.503831,biotech
2018,CN,3181.32,0.136228,biotech
2018,EU,2418.3,0.103554,biotech
2018,EUR,3177.17,0.13605,biotech
2018,JP,3077.04,0.131762,biotech
2018,RoW_EU,2991.18,0.128086,biotech
2018,RoW_EUR,2232.32,0.09559,biotech
2018,US,11685.14,0.50037,biotech
2019,CN,3514.33,0.139303,biotech
2019,EU,2363.14,0.093672,biotech
2019,EUR,3212.28,0.12733,biotech
2019,JP,3444.22,0.136524,biotech
2019,RoW_EU,3269.81,0.129611,biotech
2019,RoW_EUR,2420.67,0.095952,biotech
2019,US,12636.44,0.500891,biotech
2020,CN,4735.52,0.175592,biotech
2020,EU,2428.9,0.090063,biotech
2020,EUR,3305.06,0.122551,biotech
2020,JP,3280.51,0.12164,biotech
2020,RoW_EU,3400.75,0.126099,biotech
2020,RoW_EUR,2524.59,0.093611,biotech
2020,US,13123.23,0.486606,biotech
2021,CN,5725.67,0.184829,biotech
2021,EU,2852.76,0.092089,biotech
2021,EUR,3848.99,0.124249,biotech
2021,JP,3102.05,0.100137,biotech
2021,RoW_EU,4217.69,0.136151,biotech
2021,RoW_EUR,3221.46,0.103991,biotech
2021,US,15079.97,0.486794,biotech
2022,CN,6476.59,0.205689,biotech
2022,EU,2719.95,0.086383,biotech
2022,EUR,3634.09,0.115414,biotech
2022,JP,3251.07,0.10325,biotech
2022,RoW_EU,4048.39,0.128572,biotech
2022,RoW_EUR,3134.26,0.099541,biotech
2022,US,14991.26,0.476105,biotech
2023,CN,4754.36,0.167846,biotech
2023,EU,2564.95,0.090552,biotech
2023,EUR,3522.2,0.124346,biotech
2023,JP,2920.18,0.103093,biotech
2023,RoW_EU,3576.77,0.126273,biotech
2023,RoW_EUR,2619.52,0.092478,biotech
2023,US,14509.47,0.512237,biotech
2024,CN,103.72,0.164379,biotech
2024,EU,36.84,0.058382,biotech
2024,EUR,66.19,0.104896,biotech
2024,JP,31.0,0.049129,biotech
2024,RoW_EU,80.17,0.127048,biotech
2024,RoW_EUR,50.82,0.080534,biotech
2024,US,379.27,0.601062,biotech
1980,EU,70.17,0.230938,green
1980,EUR,98.17,0.323094,green
1980,JP,14.0,0.046078,green
1980,RoW_EU,38.0,0.125069,green
1980,RoW_EUR,10.0,0.032913,green
1980,US,181.67,0.597916,green
1981,EU,65.5,0.202473,green
1981,EUR,79.5,0.24575,green
1981,JP,30.0,0.092736,green
1981,RoW_EU,35.0,0.108192,green
1981,RoW_EUR,21.0,0.064915,green
1981,US,193.0,0.5966,green
1982,EU,108.67,0.299495,green
1982,EUR,137.33,0.378503,green
1982,JP,50.0,0.137804,green
1982,RoW_EU,38.17,0.105191,green
1982,RoW_EUR,9.5,0.026183,green
1982,US,166.0,0.45751,green
1983,EU,78.16,0.226223,green
1983,EUR,98.82,0.286042,green
1983,JP,44.0,0.127355,green
1983,RoW_EU,31.67,0.091657,green
1983,RoW_EUR,11.0,0.031839,green
1983,US,191.67,0.554765,green
1984,EU,97.83,0.239396,green
1984,EUR,121.72,0.297838,green
1984,JP,86.0,0.21044,green
1984,RoW_EU,40.83,0.099918,green
1984,RoW_EUR,16.95,0.041476,green
1984,US,184.0,0.450245,green
1985,EU,111.36,0.273229,green
1985,EUR,149.61,0.367086,green
1985,JP,58.0,0.142311,green
1985,RoW_EU,58.37,0.143216,green
1985,RoW_EUR,20.12,0.049359,green
1985,US,179.83,0.441244,green
1986,EU,172.0,0.328349,green
1986,EUR,210.75,0.402323,green
1986,JP,50.0,0.09545,green
1986,RoW_EU,74.33,0.141903,green
1986,RoW_EUR,35.58,0.067929,green
1986,US,227.5,0.434298,green
1987,CN,0.67,0.001176,green
1987,EU,131.58,0.23206,green
1987,EUR,170.67,0.300987,green
1987,JP,101.33,0.178711,green
1987,RoW_EU,76.73,0.135314,green
1987,RoW_EUR,37.64,0.066387,green
1987,US,256.71,0.45274,green
1988,CN,2.0,0.002323,green
1988,EU,187.3,0.217559,green
1988,EUR,234.72,0.272636,green
1988,JP,158.37,0.183951,green
1988,RoW_EU,103.62,0.120356,green
1988,RoW_EUR,56.2,0.065279,green
1988,US,409.63,0.475811,green
1989,CN,1.0,0.001002,green
1989,EU,205.63,0.206077,green
1989,EUR,286.44,0.28707,green
1989,JP,146.0,0.14632,green
1989,RoW_EU,140.75,0.141058,green
1989,RoW_EUR,59.93,0.060065,green
1989,US,504.44,0.505543,green
1990,EU,298.27,0.195458,green
1990,EUR,401.6,0.263169,green
1990,JP,170.67,0.111837,green
1990,RoW_EU,202.09,0.132426,green
1990,RoW_EUR,98.76,0.064716,green
1990,US,855.0,0.560278,green
1991,CN,4.0,0.0023,green
1991,EU,382.13,0.219751,green
1991,EUR,529.16,0.304299,green
1991,JP,140.29,0.080673,green
1991,RoW_EU,262.99,0.151236,green
1991,RoW_EUR,115.97,0.066688,green
1991,US,949.53,0.54604,green
1992,EU,457.94,0.211719,green
1992,EUR,630.05,0.291294,green
1992,JP,191.33,0.08846,green
1992,RoW_EU,333.86,0.154353,green
1992,RoW_EUR,161.74,0.074778,green
1992,US,1179.82,0.545468,green
1993,CN,2.0,0.000782,green
1993,EU,532.02,0.208022,green
1993,EUR,696.18,0.272207,green
1993,JP,217.27,0.084952,green
1993,RoW_EU,349.33,0.13659,green
1993,RoW_EUR,185.18,0.072405,green
1993,US,1456.9,0.569654,green
1994,CN,16.0,0.005316,green
1994,EU,678.37,0.225377,green
1994,EUR,854.51,0.283896,green
1994,JP,249.9,0.083025,green
1994,RoW_EU,404.19,0.134286,green
1994,RoW_EUR,228.05,0.075767,green
1994,US,1661.48,0.551996,green
1995,CN,13.33,0.003926,green
1995,EU,762.82,0.224618,green
1995,EUR,960.87,0.282938,green
1995,JP,255.26,0.075162,green
1995,RoW_EU,439.95,0.129548,green
1995,RoW_EUR,241.9,0.071229,green
1995,US,1924.7,0.566745,green
1996,CN,25.0,0.006149,green
1996,EU,893.68,0.219803,green
1996,EUR,1118.15,0.275012,green
1996,JP,491.83,0.120968,green
1996,RoW_EU,516.68,0.127079,green
1996,RoW_EUR,292.21,0.071869,green
1996,US,2138.64,0.526002,green
1997,CN,27.4,0.005675,green
1997,EU,1074.13,0.222459,green
1997,EUR,1319.27,0.273228,green
1997,JP,732.37,0.151678,green
1997,RoW_EU,543.96,0.112658,green
1997,RoW_EUR,298.82,0.061888,green
1997,US,2450.58,0.50753,green
1998,CN,29.72,0.005509,green
1998,EU,1173.74,0.217575,green
1998,EUR,1424.94,0.264141,green
1998,JP,756.61,0.140252,green
1998,RoW_EU,609.36,0.112957,green
1998,RoW_EUR,358.15,0.066391,green
1998,US,2825.2,0.523707,green
1999,CN,27.07,0.004291,green
1999,EU,1406.77,0.223048,green
1999,EUR,1709.72,0.27108,green
1999,JP,983.94,0.156007,green
1999,RoW_EU,794.95,0.126042,green
1999,RoW_EUR,492.0,0.078009,green
1999,US,3094.32,0.490613,green
2000,CN,74.81,0.009441,green
2000,EU,1727.47,0.218015,green
2000,EUR,2116.93,0.267166,green
2000,JP,1376.44,0.173713,green
2000,RoW_EU,1006.17,0.126983,green
2000,RoW_EUR,616.71,0.077831,green
2000,US,3738.76,0.471849,green
2001,CN,78.1,0.008337,green
2001,EU,1896.41,0.202445,green
2001,EUR,2319.76,0.247638,green
2001,JP,1697.98,0.181262,green
2001,RoW_EU,1116.82,0.119222,green
2001,RoW_EUR,693.47,0.074029,green
2001,US,4578.24,0.488734,green
2002,CN,153.77,0.014943,green
2002,EU,2035.36,0.197801,green
2002,EUR,2491.95,0.242173,green
2002,JP,2052.23,0.19944,green
2002,RoW_EU,1274.58,0.123866,green
2002,RoW_EUR,817.99,0.079494,green
2002,US,4774.02,0.46395,green
2003,CN,144.18,0.012603,green
2003,EU,2127.23,0.185949,green
2003,EUR,2597.79,0.227083,green
2003,JP,2440.59,0.213341,green
2003,RoW_EU,1451.67,0.126896,green
2003,RoW_EUR,981.11,0.085762,green
2003,US,5276.19,0.461211,green
2004,CN,194.34,0.015597,green
2004,EU,2203.58,0.176853,green
2004,EUR,2661.58,0.21361,green
2004,JP,3167.03,0.254176,green
2004,RoW_EU,1548.44,0.124273,green
2004,RoW_EUR,1090.44,0.087515,green
2004,US,5346.62,0.429102,green
2005,CN,301.57,0.021069,green
2005,EU,2480.96,0.173326,green
2005,EUR,2964.67,0.207119,green
2005,JP,4098.94,0.286362,green
2005,RoW_EU,1702.66,0.118952,green
2005,RoW_EUR,1218.95,0.085159,green
2005,US,5729.69,0.400291,green
2006,CN,467.5,0.027396,green
2006,EU,2941.96,0.172406,green
2006,EUR,3488.51,0.204435,green
2006,JP,4772.13,0.279658,green
2006,RoW_EU,2040.63,0.119586,green
2006,RoW_EUR,1494.08,0.087557,green
2006,US,6841.92,0.400953,green
2007,CN,727.39,0.03798,green
2007,EU,3525.6,0.184084,green
2007,EUR,4232.5,0.220994,green
2007,JP,5230.6,0.273108,green
2007,RoW_EU,2426.87,0.126715,green
2007,RoW_EUR,1719.97,0.089806,green
2007,US,7241.66,0.378112,green
2008,CN,763.22,0.033963,green
2008,EU,4507.6,0.200583,green
2008,EUR,5404.7,0.240503,green
2008,JP,6096.51,0.271288,green
2008,RoW_EU,2847.82,0.126725,green
2008,RoW_EUR,1950.72,0.086805,green
2008,US,8257.29,0.367441,green
2009,CN,1097.55,0.045896,green
2009,EU,4785.98,0.200135,green
2009,EUR,5648.82,0.236216,green
2009,JP,6538.71,0.273429,green
2009,RoW_EU,2889.72,0.120839,green
2009,RoW_EUR,2026.89,0.084758,green
2009,US,8601.8,0.359701,green
2010,CN,2005.7,0.067821,green
2010,EU,5443.72,0.184075,green
2010,EUR,6370.28,0.215406,green
2010,JP,8788.88,0.297189,green
2010,RoW_EU,3551.74,0.120099,green
2010,RoW_EUR,2625.17,0.088768,green
2010,US,9783.38,0.330817,green
2011,CN,2650.6,0.0743,green
2011,EU,5913.08,0.165752,green
2011,EUR,6924.67,0.194108,green
2011,JP,12826.0,0.35953,green
2011,RoW_EU,3997.46,0.112054,green
2011,RoW_EUR,2985.87,0.083698,green
2011,US,10287.17,0.288363,green
2012,CN,2907.41,0.078481,green
2012,EU,6156.23,0.166178,green
2012,EUR,7167.2,0.193468,green
2012,JP,13510.75,0.364702,green
2012,RoW_EU,4257.44,0.114923,green
2012,RoW_EUR,3246.47,0.087634,green
2012,US,10214.13,0.275715,green
2013,CN,3369.17,0.086771,green
2013,EU,6114.29,0.157471,green
2013,EUR,7157.51,0.184338,green
2013,JP,12510.51,0.322202,green
2013,RoW_EU,4468.12,0.115074,green
2013,RoW_EUR,3424.9,0.088207,green
2013,US,12366.04,0.318481,green
2014,CN,3750.28,0.100417,green
2014,EU,5698.32,0.152577,green
2014,EUR,6739.77,0.180463,green
2014,JP,11599.65,0.31059,green
2014,RoW_EU,4375.98,0.117171,green
2014,RoW_EUR,3334.54,0.089285,green
2014,US,11922.9,0.319245,green
2015,CN,3884.58,0.111219,green
2015,EU,5598.84,0.1603,green
2015,EUR,6586.62,0.18858,green
2015,JP,10766.38,0.30825,green
2015,RoW_EU,4346.91,0.124456,green
2015,RoW_EUR,3359.13,0.096175,green
2015,US,10330.67,0.295776,green
2016,CN,5423.15,0.149671,green
2016,EU,5545.43,0.153046,green
2016,EUR,6537.5,0.180426,green
2016,JP,10338.46,0.285327,green
2016,RoW_EU,4559.16,0.125826,green
2016,RoW_EUR,3567.09,0.098447,green
2016,US,10367.51,0.286129,green
2017,CN,7537.18,0.192793,green
2017,EU,5590.73,0.143005,green
2017,EUR,6573.52,0.168144,green
2017,JP,10337.07,0.264411,green
2017,RoW_EU,4931.46,0.126142,green
2017,RoW_EUR,3948.66,0.101003,green
2017,US,10698.2,0.273649,green
2018,CN,9285.29,0.222891,green
2018,EU,5841.6,0.140226,green
2018,EUR,6833.67,0.16404,green
2018,JP,10825.16,0.259855,green
2018,RoW_EU,5288.26,0.126943,green
2018,RoW_EUR,4296.18,0.103129,green
2018,US,10418.14,0.250085,green
2019,CN,10969.64,0.249867,green
2019,EU,6329.43,0.144172,green
2019,EUR,7325.92,0.16687,green
2019,JP,11666.73,0.265746,green
2019,RoW_EU,5382.18,0.122596,green
2019,RoW_EUR,4385.7,0.099898,green
2019,US,9553.88,0.217619,green
2020,CN,15753.97,0.329895,green
2020,EU,6415.56,0.134345,green
2020,EUR,7481.65,0.156669,green
2020,JP,10734.7,0.224789,green
2020,RoW_EU,5673.12,0.118798,green
2020,RoW_EUR,4607.03,0.096473,green
2020,US,9177.14,0.192173,green
2021,CN,20356.92,0.368818,green
2021,EU,6729.99,0.121931,green
2021,EUR,7938.31,0.143823,green
2021,JP,11296.9,0.204672,green
2021,RoW_EU,6738.99,0.122094,green
2021,RoW_EUR,5530.67,0.100202,green
2021,US,10072.26,0.182485,green
2022,CN,26246.96,0.485242,green
2022,EU,4136.21,0.076468,green
2022,EUR,4979.09,0.092051,green
2022,JP,10965.66,0.202728,green
2022,RoW_EU,5882.48,0.108752,green
2022,RoW_EUR,5039.59,0.09317,green
2022,US,6859.19,0.12681,green
2023,CN,16667.33,0.494751,green
2023,EU,2506.74,0.07441,green
2023,EUR,3064.34,0.090962,green
2023,JP,6412.22,0.19034,green
2023,RoW_EU,3999.23,0.118713,green
2023,RoW_EUR,3441.62,0.102161,green
2023,US,4102.81,0.121787,green
2024,CN,286.0,0.59889,green
2024,EU,23.95,0.050152,green
2024,EUR,30.7,0.064286,green
2024,JP,46.0,0.096325,green
2024,RoW_EU,49.17,0.102956,green
2024,RoW_EUR,42.42,0.088821,green
2024,US,72.43,0.151677,green
1980,EU,54.3,0.083064,ict
1980,EUR,74.8,0.114423,ict
1980,JP,86.0,0.131555,ict
1980,RoW_EU,35.75,0.054687,ict
1980,RoW_EUR,15.25,0.023328,ict
1980,US,477.67,0.730694,ict
1981,EU,65.75,0.088403,ict
1981,EUR,99.25,0.133445,ict
1981,JP,104.0,0.139832,ict
1981,RoW_EU,47.5,0.063866,ict
1981,RoW_EUR,14.0,0.018824,ict
1981,US,526.5,0.707899,ict
1982,EU,93.6,0.104445,ict
1982,EUR,138.3,0.154324,ict
1982,JP,110.0,0.122745,ict
1982,RoW_EU,75.7,0.084471,ict
1982,RoW_EUR,31.0,0.034592,ict
1982,US,616.87,0.688339,ict
1983,EU,93.17,0.078966,ict
1983,EUR,145.0,0.122899,ict
1983,JP,175.33,0.148609,ict
1983,RoW_EU,69.0,0.058483,ict
1983,RoW_EUR,17.17,0.01455,ict
1983,US,842.33,0.713943,ict
1984,EU,86.83,0.071029,ict
1984,EUR,140.83,0.115201,ict
1984,JP,208.0,0.170143,ict
1984,RoW_EU,77.67,0.063531,ict
1984,RoW_EUR,23.67,0.019359,ict
1984,US,850.0,0.695297,ict
1985,EU,175.2,0.109285,ict
1985,EUR,258.5,0.161243,ict
1985,JP,257.33,0.160516,ict
1985,RoW_EU,117.63,0.073374,ict
1985,RoW_EUR,34.33,0.021416,ict
1985,US,1053.0,0.656825,ict
1986,EU,226.0,0.126055,ict
1986,EUR,372.75,0.207908,ict
1986,JP,239.15,0.133391,ict
1986,RoW_EU,203.08,0.113274,ict
1986,RoW_EUR,56.33,0.031421,ict
1986,US,1124.61,0.627279,ict
1987,CN,0.92,0.000452,ict
1987,EU,247.43,0.122099,ict
1987,EUR,405.42,0.200058,ict
1987,JP,296.42,0.14627,ict
1987,RoW_EU,221.4,0.109252,ict
1987,RoW_EUR,63.42,0.031294,ict
1987,US,1260.33,0.621926,ict
1988,EU,326.39,0.116258,ict
1988,EUR,498.55,0.177584,ict
1988,JP,442.5,0.157618,ict
1988,RoW_EU,243.86,0.086862,ict
1988,RoW_EUR,71.69,0.025536,ict
1988,US,1794.68,0.639262,ict
1989,EU,362.79,0.127896,ict
1989,EUR,559.77,0.197335,ict
1989,JP,416.43,0.146804,ict
1989,RoW_EU,290.74,0.102494,ict
1989,RoW_EUR,93.77,0.033056,ict
1989,US,1766.68,0.622806,ict
1990,EU,599.92,0.144125,ict
1990,EUR,910.45,0.218727,ict
1990,JP,524.07,0.125902,ict
1990,RoW_EU,458.75,0.110209,ict
1990,RoW_EUR,148.22,0.035608,ict
1990,US,2579.77,0.619764,ict
1991,EU,662.3,0.137286,ict
1991,EUR,1038.22,0.215209,ict
1991,JP,635.67,0.131765,ict
1991,RoW_EU,514.0,0.106545,ict
1991,RoW_EUR,138.08,0.028623,ict
1991,US,3012.27,0.624403,ict
1992,CN,2.0,0.000389,ict
1992,EU,747.61,0.145328,ict
1992,EUR,1044.31,0.203004,ict
1992,JP,551.1,0.107128,ict
1992,RoW_EU,493.36,0.095905,ict
1992,RoW_EUR,196.66,0.038229,ict
1992,US,3350.23,0.65125,ict
1993,CN,1.0,0.000176,ict
1993,EU,930.87,0.163558,ict
1993,EUR,1286.87,0.226108,ict
1993,JP,436.1,0.076624,ict
1993,RoW_EU,576.26,0.101251,ict
1993,RoW_EUR,220.27,0.038702,ict
1993,US,3747.16,0.658391,ict
1994,CN,15.0,0.002033,ict
1994,EU,1046.46,0.14185,ict
1994,EUR,1472.98,0.199667,ict
1994,JP,680.11,0.09219,ict
1994,RoW_EU,751.61,0.101883,ict
1994,RoW_EUR,325.08,0.044066,ict
1994,US,4884.03,0.662044,ict
1995,CN,16.67,0.001703,ict
1995,EU,1693.82,0.1731,ict
1995,EUR,2273.37,0.232327,ict
1995,JP,943.85,0.096456,ict
1995,RoW_EU,1002.46,0.102447,ict
1995,RoW_EUR,422.91,0.04322,ict
1995,US,6128.41,0.626294,ict
1996,CN,20.5,0.00156,ict
1996,EU,2210.2,0.168141,ict
1996,EUR,2882.47,0.219283,ict
1996,JP,1460.76,0.111127,ict
1996,RoW_EU,1216.34,0.092532,ict
1996,RoW_EUR,544.07,0.04139,ict
1996,US,8237.17,0.62664,ict
1997,CN,25.9,0.001559,ict
1997,EU,3131.13,0.188529,ict
1997,EUR,3852.95,0.23199,ict
1997,JP,1877.91,0.113071,ict
1997,RoW_EU,1419.59,0.085475,ict
1997,RoW_EUR,697.77,0.042013,ict
1997,US,10153.69,0.611365,ict
1998,CN,34.31,0.001605,ict
1998,EU,4221.48,0.19746,ict
1998,EUR,5047.72,0.236107,ict
1998,JP,2634.36,0.123222,ict
1998,RoW_EU,1798.02,0.084102,ict
1998,RoW_EUR,971.78,0.045455,ict
1998,US,12690.76,0.59361,ict
1999,CN,82.03,0.003096,ict
1999,EU,5016.75,0.189337,ict
1999,EUR,6028.81,0.227533,ict
1999,JP,3568.25,0.134669,ict
1999,RoW_EU,2324.99,0.087747,ict
1999,RoW_EUR,1312.94,0.049551,ict
1999,US,15504.38,0.58515,ict
2000,CN,193.96,0.004982,ict
2000,EU,6595.79,0.169411,ict
2000,EUR,7956.96,0.204372,ict
2000,JP,5206.87,0.133737,ict
2000,RoW_EU,3762.1,0.096629,ict
2000,RoW_EUR,2400.93,0.061667,ict
2000,US,23174.92,0.595242,ict
2001,CN,297.03,0.006116,ict
2001,EU,7657.08,0.157661,ict
2001,EUR,9592.32,0.197509,ict
2001,JP,6985.28,0.143829,ict
2001,RoW_EU,5204.42,0.107161,ict
2001,RoW_EUR,3269.18,0.067313,ict
2001,US,28422.78,0.585233,ict
2002,CN,484.92,0.010229,ict
2002,EU,8225.61,0.173516,ict
2002,EUR,10067.94,0.21238,ict
2002,JP,8082.33,0.170494,ict
2002,RoW_EU,4995.36,0.105375,ict
2002,RoW_EUR,3153.03,0.066512,ict
2002,US,25617.15,0.540385,ict
2003,CN,698.4,0.015179,ict
2003,EU,7488.32,0.162751,ict
2003,EUR,9245.37,0.200939,ict
2003,JP,9666.19,0.210085,ict
2003,RoW_EU,4770.53,0.103683,ict
2003,RoW_EUR,3013.48,0.065495,ict
2003,US,23387.47,0.508303,ict
2004,CN,1161.19,0.023166,ict
2004,EU,7248.34,0.144608,ict
2004,EUR,8912.54,0.17781,ict
2004,JP,11847.64,0.236366,ict
2004,RoW_EU,5256.6,0.104872,ict
2004,RoW_EUR,3592.39,0.07167,ict
2004,US,24610.33,0.490988,ict
2005,CN,1848.49,0.033127,ict
2005,EU,7472.57,0.133917,ict
2005,EUR,9204.67,0.164957,ict
2005,JP,14361.81,0.257379,ict
2005,RoW_EU,5704.65,0.102234,ict
2005,RoW_EUR,3972.56,0.071193,ict
2005,US,26412.7,0.473344,ict
2006,CN,4085.43,0.060613,ict
2006,EU,8217.92,0.121924,ict
2006,EUR,10003.94,0.148422,ict
2006,JP,16478.39,0.24448,ict
2006,RoW_EU,7050.31,0.104601,ict
2006,RoW_EUR,5264.29,0.078103,ict
2006,US,31569.81,0.468382,ict
2007,CN,5461.3,0.075027,ict
2007,EU,8231.22,0.113081,ict
2007,EUR,10142.96,0.139344,ict
2007,JP,17729.88,0.243573,ict
2007,RoW_EU,7771.36,0.106763,ict
2007,RoW_EUR,5859.63,0.0805,ict
2007,US,33597.07,0.461556,ict
2008,CN,6521.69,0.09389,ict
2008,EU,8302.86,0.119533,ict
2008,EUR,10057.11,0.144788,ict
2008,JP,16219.0,0.233498,ict
2008,RoW_EU,8102.85,0.116653,ict
2008,RoW_EUR,6348.6,0.091398,ict
2008,US,30314.51,0.436426,ict
2009,CN,9150.84,0.137845,ict
2009,EU,7437.63,0.112038,ict
2009,EUR,9167.13,0.138091,ict
2009,JP,17038.2,0.256658,ict
2009,RoW_EU,7618.92,0.114769,ict
2009,RoW_EUR,5889.42,0.088716,ict
2009,US,25139.32,0.37869,ict
2010,CN,13590.39,0.187721,ict
2010,EU,7219.45,0.09972,ict
2010,EUR,8742.8,0.120762,ict
2010,JP,19278.83,0.266294,ict
2010,RoW_EU,8077.44,0.111572,ict
2010,RoW_EUR,6554.09,0.09053,ict
2010,US,24230.75,0.334693,ict
2011,CN,18186.04,0.207476,ict
2011,EU,7481.98,0.085358,ict
2011,EUR,9043.58,0.103174,ict
2011,JP,24559.99,0.280193,ict
2011,RoW_EU,9043.97,0.103178,ict
2011,RoW_EUR,7482.37,0.085363,ict
2011,US,28381.86,0.323795,ict
2012,CN,19447.95,0.215566,ict
2012,EU,7840.58,0.086907,ict
2012,EUR,9440.08,0.104636,ict
2012,JP,24507.79,0.271651,ict
2012,RoW_EU,9579.15,0.106178,ict
2012,RoW_EUR,7979.65,0.088449,ict
2012,US,28842.48,0.319698,ict
2013,CN,22879.07,0.22702,ict
2013,EU,7935.87,0.078744,ict
2013,EUR,9677.17,0.096023,ict
2013,JP,24887.78,0.246951,ict
2013,RoW_EU,10531.21,0.104497,ict
2013,RoW_EUR,8789.91,0.087219,ict
2013,US,34546.2,0.342788,ict
2014,CN,26401.29,0.253243,ict
2014,EU,7961.45,0.076367,ict
2014,EUR,9869.1,0.094665,ict
2014,JP,22969.9,0.220329,ict
2014,RoW_EU,10795.11,0.103548,ict
2014,RoW_EUR,8887.46,0.085249,ict
2014,US,36124.92,0.346513,ict
2015,CN,30107.75,0.275425,ict
2015,EU,8164.42,0.074688,ict
2015,EUR,9933.68,0.090873,ict
2015,JP,24031.17,0.219837,ict
2015,RoW_EU,11339.41,0.103733,ict
2015,RoW_EUR,9570.15,0.087548,ict
2015,US,35670.96,0.326317,ict
2016,CN,40529.66,0.333174,ict
2016,EU,8296.9,0.068205,ict
2016,EUR,10071.99,0.082797,ict
2016,JP,24876.43,0.204497,ict
2016,RoW_EU,11955.0,0.098276,ict
2016,RoW_EUR,10179.91,0.083684,ict
2016,US,35989.05,0.295848,ict
2017,CN,43784.41,0.340785,ict
2017,EU,8659.38,0.067398,ict
2017,EUR,10541.98,0.082051,ict
2017,JP,27435.04,0.213534,ict
2017,RoW_EU,12121.94,0.094348,ict
2017,RoW_EUR,10239.35,0.079695,ict
2017,US,36480.14,0.283934,ict
2018,CN,47920.92,0.359935,ict
2018,EU,8985.21,0.067488,ict
2018,EUR,10979.02,0.082464,ict
2018,JP,28268.59,0.212326,ict
2018,RoW_EU,12707.82,0.095449,ict
2018,RoW_EUR,10714.01,0.080473,ict
2018,US,35255.06,0.264802,ict
2019,CN,54503.49,0.366011,ict
2019,EU,9431.82,0.063338,ict
2019,EUR,11440.58,0.076828,ict
2019,JP,32484.68,0.218146,ict
2019,RoW_EU,14456.81,0.097083,ict
2019,RoW_EUR,12448.05,0.083593,ict
2019,US,38035.48,0.255422,ict
2020,CN,61445.83,0.383922,ict
2020,EU,9581.57,0.059867,ict
2020,EUR,11494.49,0.071819,ict
2020,JP,31762.4,0.198456,ict
2020,RoW_EU,15233.27,0.09518,ict
2020,RoW_EUR,13320.35,0.083227,ict
2020,US,42024.65,0.262576,ict
2021,CN,60799.78,0.388333,ict
2021,EU,9571.49,0.061134,ict
2021,EUR,11547.72,0.073756,ict
2021,JP,30756.86,0.196446,ict
2021,RoW_EU,15432.71,0.09857,ict
2021,RoW_EUR,13456.47,0.085948,ict
2021,US,40005.29,0.255517,ict
2022,CN,59727.56,0.388899,ict
2022,EU,9014.05,0.058692,ict
2022,EUR,11023.89,0.071779,ict
2022,JP,30273.73,0.197119,ict
2022,RoW_EU,15867.15,0.103315,ict
2022,RoW_EUR,13857.32,0.090228,ict
2022,US,38698.59,0.251975,ict
2023,CN,35917.65,0.340294,ict
2023,EU,6888.99,0.065268,ict
2023,EUR,8658.73,0.082035,ict
2023,JP,17613.43,0.166874,ict
2023,RoW_EU,12092.57,0.114568,ict
2023,RoW_EUR,10322.83,0.097801,ict
2023,US,33036.36,0.312995,ict
2024,CN,400.41,0.270273,ict
2024,EU,112.15,0.075699,ict
2024,EUR,140.42,0.094779,ict
2024,JP,56.4,0.038069,ict
2024,RoW_EU,253.23,0.170928,ict
2024,RoW_EUR,224.97,0.151849,ict
2024,US,659.32,0.44503,ict
1986,JP,2.0,1.0,nanotech
1990,EU,1.0,1.0,nanotech
1990,EUR,1.0,1.0,nanotech
1991,EU,0.5,0.142857,nanotech
1991,EUR,0.5,0.142857,nanotech
1991,US,3.0,0.857143,nanotech
1992,JP,2.0,0.5,nanotech
1992,US,2.0,0.5,nanotech
1993,US,26.0,1.0,nanotech
1994,EU,1.5,0.063025,nanotech
1994,EUR,2.2,0.092437,nanotech
1994,JP,0.67,0.028011,nanotech
1994,RoW_EU,0.7,0.029412,nanotech
1994,US,20.93,0.879552,nanotech
1995,EU,3.25,0.134021,nanotech
1995,EUR,3.75,0.154639,nanotech
1995,JP,1.0,0.041237,nanotech
1995,RoW_EU,0.5,0.020619,nanotech
1995,US,19.5,0.804124,nanotech
1996,EU,3.6,0.092545,nanotech
1996,EUR,3.6,0.092545,nanotech
1996,RoW_EU,2.83,0.072836,nanotech
1996,RoW_EUR,2.83,0.072836,nanotech
1996,US,32.47,0.834619,nanotech
1997,EU,5.23,0.08812,nanotech
1997,EUR,11.38,0.191579,nanotech
1997,JP,4.0,0.067368,nanotech
1997,RoW_EU,11.39,0.19188,nanotech
1997,RoW_EUR,5.25,0.088421,nanotech
1997,US,38.75,0.652632,nanotech
1998,EU,9.15,0.207586,nanotech
1998,EUR,10.29,0.233521,nanotech
1998,JP,4.0,0.090772,nanotech
1998,RoW_EU,4.79,0.108602,nanotech
1998,RoW_EUR,3.64,0.082667,nanotech
1998,US,26.13,0.593041,nanotech
1999,EU,2.0,0.039604,nanotech
1999,EUR,2.67,0.052805,nanotech
1999,JP,14.0,0.277228,nanotech
1999,RoW_EU,5.5,0.108911,nanotech
1999,RoW_EUR,4.83,0.09571,nanotech
1999,US,29.0,0.574257,nanotech
2000,EU,6.8,0.090667,nanotech
2000,EUR,11.33,0.151111,nanotech
2000,JP,13.5,0.18,nanotech
2000,RoW_EU,8.2,0.109333,nanotech
2000,RoW_EUR,3.67,0.048889,nanotech
2000,US,46.5,0.62,nanotech
2001,EU,17.62,0.112781,nanotech
2001,EUR,23.66,0.151392,nanotech
2001,JP,42.5,0.271982,nanotech
2001,RoW_EU,15.78,0.101007,nanotech
2001,RoW_EUR,9.75,0.062396,nanotech
2001,US,80.35,0.514229,nanotech
2002,CN,3.07,0.017234,nanotech
2002,EU,18.67,0.104901,nanotech
2002,EUR,21.99,0.123561,nanotech
2002,JP,35.27,0.198187,nanotech
2002,RoW_EU,17.39,0.09771,nanotech
2002,RoW_EUR,14.07,0.07905,nanotech
2002,US,103.56,0.581968,nanotech
2003,EU,15.22,0.08112,nanotech
2003,EUR,15.38,0.082008,nanotech
2003,JP,71.63,0.381875,nanotech
2003,RoW_EU,15.2,0.081031,nanotech
2003,RoW_EUR,15.03,0.080142,nanotech
2003,US,85.53,0.455975,nanotech
2004,CN,2.0,0.011842,nanotech
2004,EU,10.0,0.059211,nanotech
2004,EUR,12.0,0.071053,nanotech
2004,JP,85.89,0.508553,nanotech
2004,RoW_EU,25.0,0.148026,nanotech
2004,RoW_EUR,23.0,0.136184,nanotech
2004,US,46.0,0.272368,nanotech
2005,CN,6.33,0.02327,nanotech
2005,EU,24.63,0.090484,nanotech
2005,EUR,26.83,0.098568,nanotech
2005,JP,158.01,0.580558,nanotech
2005,RoW_EU,23.2,0.08524,nanotech
2005,RoW_EUR,21.0,0.077157,nanotech
2005,US,60.0,0.220448,nanotech
2006,EU,16.58,0.050224,nanotech
2006,EUR,26.33,0.079752,nanotech
2006,JP,146.27,0.442996,nanotech
2006,RoW_EU,51.25,0.155214,nanotech
2006,RoW_EUR,41.5,0.125686,nanotech
2006,US,116.08,0.351566,nanotech
2007,CN,5.0,0.013116,nanotech
2007,EU,22.08,0.057928,nanotech
2007,EUR,23.08,0.060551,nanotech
2007,JP,146.29,0.38375,nanotech
2007,RoW_EU,44.27,0.116118,nanotech
2007,RoW_EUR,43.27,0.113495,nanotech
2007,US,163.58,0.429089,nanotech
2008,CN,9.47,0.018017,nanotech
2008,EU,41.85,0.079642,nanotech
2008,EUR,43.02,0.081881,nanotech
2008,JP,172.27,0.327867,nanotech
2008,RoW_EU,76.74,0.146052,nanotech
2008,RoW_EUR,75.56,0.143813,nanotech
2008,US,225.1,0.428422,nanotech
2009,CN,1.5,0.003017,nanotech
2009,EU,30.58,0.061504,nanotech
2009,EUR,31.98,0.064319,nanotech
2009,JP,90.48,0.181964,nanotech
2009,RoW_EU,93.16,0.187344,nanotech
2009,RoW_EUR,91.76,0.184528,nanotech
2009,US,281.53,0.566171,nanotech
2010,CN,16.83,0.025726,nanotech
2010,EU,50.53,0.077219,nanotech
2010,EUR,61.73,0.094336,nanotech
2010,JP,82.0,0.12532,nanotech
2010,RoW_EU,170.48,0.260549,nanotech
2010,RoW_EUR,159.28,0.243432,nanotech
2010,US,334.48,0.511186,nanotech
2011,CN,34.52,0.034373,nanotech
2011,EU,119.69,0.119196,nanotech
2011,EUR,143.58,0.14298,nanotech
2011,JP,154.0,0.153361,nanotech
2011,RoW_EU,208.8,0.207938,nanotech
2011,RoW_EUR,184.92,0.184154,nanotech
2011,US,487.15,0.485132,nanotech
2012,CN,38.87,0.038808,nanotech
2012,EU,141.32,0.141112,nanotech
2012,EUR,175.99,0.175724,nanotech
2012,JP,180.3,0.180033,nanotech
2012,RoW_EU,215.06,0.214733,nanotech
2012,RoW_EUR,180.39,0.180121,nanotech
2012,US,425.95,0.425313,nanotech
2013,CN,29.77,0.031129,nanotech
2013,EU,126.2,0.13197,nanotech
2013,EUR,158.96,0.166225,nanotech
2013,JP,169.0,0.176722,nanotech
2013,RoW_EU,229.49,0.239979,nanotech
2013,RoW_EUR,196.73,0.205723,nanotech
2013,US,401.84,0.4202,nanotech
2014,CN,41.22,0.047936,nanotech
2014,EU,109.06,0.126817,nanotech
2014,EUR,144.85,0.168436,nanotech
2014,JP,154.8,0.180013,nanotech
2014,RoW_EU,237.0,0.275606,nanotech
2014,RoW_EUR,201.21,0.233987,nanotech
2014,US,317.86,0.369628,nanotech
2015,CN,77.4,0.095071,nanotech
2015,EU,88.48,0.108678,nanotech
2015,EUR,111.17,0.136557,nanotech
2015,JP,169.0,0.207585,nanotech
2015,RoW_EU,166.08,0.203999,nanotech
2015,RoW_EUR,143.38,0.17612,nanotech
2015,US,313.17,0.384667,nanotech
2016,CN,84.33,0.087986,nanotech
2016,EU,76.79,0.080117,nanotech
2016,EUR,101.58,0.105976,nanotech
2016,JP,162.62,0.169666,nanotech
2016,RoW_EU,170.72,0.178119,nanotech
2016,RoW_EUR,145.94,0.15226,nanotech
2016,US,464.01,0.484112,nanotech
2017,CN,89.33,0.090807,nanotech
2017,EU,97.98,0.099594,nanotech
2017,EUR,120.36,0.122347,nanotech
2017,JP,186.76,0.189844,nanotech
2017,RoW_EU,166.66,0.169406,nanotech
2017,RoW_EUR,144.27,0.146654,nanotech
2017,US,443.04,0.450348,nanotech
2018,CN,140.18,0.147794,nanotech
2018,EU,82.83,0.087323,nanotech
2018,EUR,104.74,0.11043,nanotech
2018,JP,196.61,0.207287,nanotech
2018,RoW_EU,149.34,0.157445,nanotech
2018,RoW_EUR,127.42,0.134338,nanotech
2018,US,379.55,0.400152,nanotech
2019,CN,172.33,0.164217,nanotech
2019,EU,81.78,0.077931,nanotech
2019,EUR,101.67,0.096884,nanotech
2019,JP,189.27,0.180353,nanotech
2019,RoW_EU,169.49,0.161503,nanotech
2019,RoW_EUR,149.6,0.142551,nanotech
2019,US,436.56,0.415996,nanotech
2020,CN,259.77,0.206644,nanotech
2020,EU,88.32,0.070261,nanotech
2020,EUR,107.07,0.085177,nanotech
2020,JP,246.67,0.196223,nanotech
2020,RoW_EU,201.89,0.160599,nanotech
2020,RoW_EUR,183.14,0.145684,nanotech
2020,US,460.43,0.366273,nanotech
2021,CN,275.4,0.232399,nanotech
2021,EU,114.92,0.096981,nanotech
2021,EUR,137.86,0.116333,nanotech
2021,JP,183.48,0.154833,nanotech
2021,RoW_EU,180.12,0.152,nanotech
2021,RoW_EUR,157.19,0.132648,nanotech
2021,US,431.1,0.363788,nanotech
2022,CN,232.17,0.207969,nanotech
2022,EU,80.25,0.071886,nanotech
2022,EUR,87.94,0.078775,nanotech
2022,JP,140.5,0.125854,nanotech
2022,RoW_EU,197.37,0.176797,nanotech
2022,RoW_EUR,189.68,0.169908,nanotech
2022,US,466.08,0.417495,nanotech
2023,CN,125.67,0.152718,nanotech
2023,EU,58.27,0.070805,nanotech
2023,EUR,75.67,0.091949,nanotech
2023,JP,85.0,0.103291,nanotech
2023,RoW_EU,125.31,0.152279,nanotech
2023,RoW_EUR,107.91,0.131134,nanotech
2023,US,428.67,0.520908,nanotech
2024,EU,2.0,0.111111,nanotech
2024,EUR,3.0,0.166667,nanotech
2024,JP,2.0,0.111111,nanotech
2024,RoW_EU,2.0,0.111111,nanotech
2024,RoW_EUR,1.0,0.055556,nanotech
2024,US,12.0,0.666667,nanotech
1980,EU,16.25,0.165394,pharma
1980,EUR,20.25,0.206107,pharma
1980,JP,14.0,0.142494,pharma
1980,RoW_EU,7.0,0.071247,pharma
1980,RoW_EUR,3.0,0.030534,pharma
1980,US,61.0,0.620865,pharma
1981,EU,23.0,0.139676,pharma
1981,EUR,33.0,0.200405,pharma
1981,JP,34.0,0.206478,pharma
1981,RoW_EU,17.33,0.105263,pharma
1981,RoW_EUR,7.33,0.044534,pharma
1981,US,90.33,0.548583,pharma
1982,EU,38.72,0.159103,pharma
1982,EUR,43.72,0.179648,pharma
1982,JP,36.7,0.150794,pharma
1982,RoW_EU,7.5,0.030816,pharma
1982,RoW_EUR,2.5,0.010272,pharma
1982,US,160.46,0.659286,pharma
1983,EU,36.83,0.122099,pharma
1983,EUR,50.83,0.168508,pharma
1983,JP,33.0,0.109392,pharma
1983,RoW_EU,17.5,0.058011,pharma
1983,RoW_EUR,3.5,0.011602,pharma
1983,US,214.33,0.710497,pharma
1984,EU,61.03,0.177974,pharma
1984,EUR,77.53,0.226089,pharma
1984,JP,30.4,0.088647,pharma
1984,RoW_EU,32.83,0.095743,pharma
1984,RoW_EUR,16.33,0.047628,pharma
1984,US,218.67,0.637636,pharma
1985,EU,112.41,0.168497,pharma
1985,EUR,173.74,0.260439,pharma
1985,JP,69.17,0.10368,pharma
1985,RoW_EU,94.1,0.14105,pharma
1985,RoW_EUR,32.76,0.049109,pharma
1985,US,391.44,0.586772,pharma
1986,EU,103.75,0.141832,pharma
1986,EUR,146.45,0.200205,pharma
1986,JP,69.07,0.094418,pharma
1986,RoW_EU,71.75,0.098086,pharma
1986,RoW_EUR,29.05,0.039713,pharma
1986,US,486.93,0.665664,pharma
1987,EU,118.68,0.124828,pharma
1987,EUR,166.38,0.174997,pharma
1987,JP,97.33,0.102372,pharma
1987,RoW_EU,94.54,0.099432,pharma
1987,RoW_EUR,46.84,0.049263,pharma
1987,US,640.22,0.673368,pharma
1988,EU,207.97,0.143386,pharma
1988,EUR,275.3,0.18981,pharma
1988,JP,143.83,0.099166,pharma
1988,RoW_EU,123.67,0.085264,pharma
1988,RoW_EUR,56.34,0.038841,pharma
1988,US,974.95,0.672183,pharma
1989,CN,2.2,0.001107,pharma
1989,EU,258.15,0.129851,pharma
1989,EUR,368.18,0.185198,pharma
1989,JP,120.99,0.060857,pharma
1989,RoW_EU,171.65,0.086342,pharma
1989,RoW_EUR,61.62,0.030994,pharma
1989,US,1435.05,0.721844,pharma
1990,CN,1.57,0.000536,pharma
1990,EU,416.42,0.142128,pharma
1990,EUR,594.05,0.202756,pharma
1990,JP,225.49,0.076961,pharma
1990,RoW_EU,282.19,0.096313,pharma
1990,RoW_EUR,104.55,0.035685,pharma
1990,US,2004.22,0.684062,pharma
1991,CN,5.26,0.001224,pharma
1991,EU,592.83,0.138074,pharma
1991,EUR,909.03,0.211718,pharma
1991,JP,370.5,0.086291,pharma
1991,RoW_EU,441.73,0.10288,pharma
1991,RoW_EUR,125.53,0.029236,pharma
1991,US,2883.28,0.67153,pharma
1992,EU,739.91,0.152461,pharma
1992,EUR,1045.34,0.215394,pharma
1992,JP,427.18,0.088022,pharma
1992,RoW_EU,470.05,0.096855,pharma
1992,RoW_EUR,164.63,0.033922,pharma
1992,US,3215.99,0.662661,pharma
1993,CN,2.74,0.000448,pharma
1993,EU,863.29,0.141264,pharma
1993,EUR,1325.5,0.216897,pharma
1993,JP,508.46,0.083201,pharma
1993,RoW_EU,705.45,0.115436,pharma
1993,RoW_EUR,243.24,0.039802,pharma
1993,US,4031.27,0.659651,pharma
1994,CN,20.73,0.002937,pharma
1994,EU,1026.32,0.145382,pharma
1994,EUR,1464.53,0.207454,pharma
1994,JP,578.65,0.081968,pharma
1994,RoW_EU,710.38,0.100627,pharma
1994,RoW_EUR,272.18,0.038554,pharma
1994,US,4723.43,0.669087,pharma
1995,CN,12.94,0.00165,pharma
1995,EU,1168.52,0.149041,pharma
1995,EUR,1668.09,0.212761,pharma
1995,JP,695.76,0.088742,pharma
1995,RoW_EU,862.21,0.109973,pharma
1995,RoW_EUR,362.64,0.046253,pharma
1995,US,5100.8,0.650594,pharma
1996,CN,20.07,0.002194,pharma
1996,EU,1372.16,0.15002,pharma
1996,EUR,1885.69,0.206165,pharma
1996,JP,829.99,0.090744,pharma
1996,RoW_EU,947.35,0.103575,pharma
1996,RoW_EUR,433.82,0.04743,pharma
1996,US,5976.93,0.653467,pharma
1997,CN,57.3,0.005238,pharma
1997,EU,1622.4,0.148283,pharma
1997,EUR,2262.34,0.206772,pharma
1997,JP,1065.72,0.097404,pharma
1997,RoW_EU,1163.0,0.106295,pharma
1997,RoW_EUR,523.06,0.047806,pharma
1997,US,7032.8,0.64278,pharma
1998,CN,102.17,0.007998,pharma
1998,EU,1943.06,0.152114,pharma
1998,EUR,2662.38,0.208426,pharma
1998,JP,1299.32,0.101718,pharma
1998,RoW_EU,1363.51,0.106743,pharma
1998,RoW_EUR,644.19,0.050431,pharma
1998,US,8065.69,0.631427,pharma
1999,CN,58.0,0.003952,pharma
1999,EU,2227.77,0.151808,pharma
1999,EUR,3105.09,0.211593,pharma
1999,JP,1404.44,0.095704,pharma
1999,RoW_EU,1687.52,0.114994,pharma
1999,RoW_EUR,810.2,0.05521,pharma
1999,US,9297.15,0.633542,pharma
2000,CN,556.4,0.030506,pharma
2000,EU,2681.76,0.147033,pharma
2000,EUR,3758.12,0.206047,pharma
2000,JP,2067.87,0.113376,pharma
2000,RoW_EU,2061.47,0.113025,pharma
2000,RoW_EUR,985.11,0.054011,pharma
2000,US,10871.61,0.59606,pharma
2001,CN,1320.96,0.060653,pharma
2001,EU,3212.81,0.14752,pharma
2001,EUR,4380.14,0.201119,pharma
2001,JP,2484.03,0.114057,pharma
2001,RoW_EU,2332.88,0.107117,pharma
2001,RoW_EUR,1165.55,0.053518,pharma
2001,US,12428.13,0.570652,pharma
2002,CN,247.83,0.011722,pharma
2002,EU,3441.88,0.162793,pharma
2002,EUR,4623.73,0.218692,pharma
2002,JP,2717.28,0.128521,pharma
2002,RoW_EU,2599.02,0.122928,pharma
2002,RoW_EUR,1417.16,0.067028,pharma
2002,US,12136.67,0.574036,pharma
2003,CN,338.86,0.015768,pharma
2003,EU,3348.95,0.155838,pharma
2003,EUR,4532.04,0.210891,pharma
2003,JP,2940.01,0.136809,pharma
2003,RoW_EU,2736.16,0.127323,pharma
2003,RoW_EUR,1553.06,0.072269,pharma
2003,US,12125.95,0.564262,pharma
2004,CN,286.5,0.013564,pharma
2004,EU,3004.88,0.142264,pharma
2004,EUR,4071.17,0.192747,pharma
2004,JP,3009.85,0.1425,pharma
2004,RoW_EU,2601.2,0.123152,pharma
2004,RoW_EUR,1534.92,0.07267,pharma
2004,US,12219.38,0.578519,pharma
2005,CN,368.12,0.018196,pharma
2005,EU,2920.6,0.144364,pharma
2005,EUR,3859.47,0.190772,pharma
2005,JP,2981.91,0.147395,pharma
2005,RoW_EU,2413.49,0.119298,pharma
2005,RoW_EUR,1474.62,0.07289,pharma
2005,US,11546.65,0.570747,pharma
2006,CN,515.72,0.021943,pharma
2006,EU,3527.24,0.150076,pharma
2006,EUR,4721.92,0.200907,pharma
2006,JP,3514.06,0.149515,pharma
2006,RoW_EU,3192.32,0.135826,pharma
2006,RoW_EUR,1997.65,0.084995,pharma
2006,US,12753.71,0.54264,pharma
2007,CN,653.96,0.028071,pharma
2007,EU,3472.04,0.149033,pharma
2007,EUR,4636.84,0.199031,pharma
2007,JP,3011.36,0.129259,pharma
2007,RoW_EU,3137.75,0.134684,pharma
2007,RoW_EUR,1972.95,0.084687,pharma
2007,US,13021.97,0.558953,pharma
2008,CN,690.4,0.032579,pharma
2008,EU,3689.24,0.174088,pharma
2008,EUR,4959.2,0.234015,pharma
2008,JP,2823.14,0.133219,pharma
2008,RoW_EU,3257.88,0.153733,pharma
2008,RoW_EUR,1987.92,0.093806,pharma
2008,US,10731.15,0.506382,pharma
2009,CN,715.48,0.035811,pharma
2009,EU,3294.98,0.16492,pharma
2009,EUR,4287.99,0.214622,pharma
2009,JP,2645.91,0.132433,pharma
2009,RoW_EU,2880.31,0.144165,pharma
2009,RoW_EUR,1887.3,0.094463,pharma
2009,US,10442.6,0.522671,pharma
2010,CN,987.99,0.05122,pharma
2010,EU,3063.02,0.158793,pharma
2010,EUR,3951.25,0.204841,pharma
2010,JP,2829.88,0.146706,pharma
2010,RoW_EU,2921.99,0.151482,pharma
2010,RoW_EUR,2033.76,0.105434,pharma
2010,US,9486.5,0.491799,pharma
2011,CN,1214.0,0.062067,pharma
2011,EU,3043.54,0.155604,pharma
2011,EUR,3900.49,0.199416,pharma
2011,JP,2514.68,0.128565,pharma
2011,RoW_EU,3136.94,0.160379,pharma
2011,RoW_EUR,2280.0,0.116567,pharma
2011,US,9650.43,0.493386,pharma
2012,CN,1437.19,0.075418,pharma
2012,EU,3013.74,0.15815,pharma
2012,EUR,3865.57,0.202851,pharma
2012,JP,2453.59,0.128756,pharma
2012,RoW_EU,3047.89,0.159943,pharma
2012,RoW_EUR,2196.06,0.115241,pharma
2012,US,9103.77,0.477733,pharma
2013,CN,1386.31,0.072644,pharma
2013,EU,2738.86,0.143519,pharma
2013,EUR,3514.18,0.184147,pharma
2013,JP,2515.88,0.131835,pharma
2013,RoW_EU,3107.86,0.162855,pharma
2013,RoW_EUR,2332.54,0.122227,pharma
2013,US,9334.71,0.489148,pharma
2014,CN,1695.61,0.081275,pharma
2014,EU,2733.93,0.131045,pharma
2014,EUR,3570.0,0.17112,pharma
2014,JP,2444.42,0.117168,pharma
2014,RoW_EU,3151.64,0.151067,pharma
2014,RoW_EUR,2315.58,0.110993,pharma
2014,US,10836.88,0.519443,pharma
2015,CN,2035.36,0.09902,pharma
2015,EU,2729.98,0.132814,pharma
2015,EUR,3533.86,0.171923,pharma
2015,JP,2572.24,0.12514,pharma
2015,RoW_EU,3110.31,0.151317,pharma
2015,RoW_EUR,2306.43,0.112208,pharma
2015,US,10107.03,0.491709,pharma
2016,CN,2553.86,0.110994,pharma
2016,EU,2675.73,0.116291,pharma
2016,EUR,3582.82,0.155715,pharma
2016,JP,2561.75,0.111337,pharma
2016,RoW_EU,3615.28,0.157125,pharma
2016,RoW_EUR,2708.19,0.117702,pharma
2016,US,11602.27,0.504252,pharma
2017,CN,3411.63,0.138828,pharma
2017,EU,2658.33,0.108174,pharma
2017,EUR,3565.62,0.145095,pharma
2017,JP,2823.67,0.114903,pharma
2017,RoW_EU,3670.5,0.149362,pharma
2017,RoW_EUR,2763.2,0.112442,pharma
2017,US,12010.32,0.488732,pharma
2018,CN,3759.28,0.143668,pharma
2018,EU,2803.49,0.107141,pharma
2018,EUR,3734.19,0.142709,pharma
2018,JP,3125.57,0.119449,pharma
2018,RoW_EU,4059.44,0.155139,pharma
2018,RoW_EUR,3128.74,0.119571,pharma
2018,US,12418.67,0.474603,pharma
2019,CN,4304.0,0.152077,pharma
2019,EU,2819.6,0.099627,pharma
2019,EUR,3870.27,0.136751,pharma
2019,JP,3338.8,0.117973,pharma
2019,RoW_EU,4303.2,0.152049,pharma
2019,RoW_EUR,3252.54,0.114924,pharma
2019,US,13535.91,0.478275,pharma
2020,CN,5942.19,0.192444,pharma
2020,EU,3049.24,0.098753,pharma
2020,EUR,4107.71,0.133032,pharma
2020,JP,3097.03,0.1003,pharma
2020,RoW_EU,4555.97,0.14755,pharma
2020,RoW_EUR,3497.5,0.11327,pharma
2020,US,14233.1,0.460953,pharma
2021,CN,7146.1,0.203509,pharma
2021,EU,3296.42,0.093877,pharma
2021,EUR,4536.92,0.129204,pharma
2021,JP,3173.91,0.090388,pharma
2021,RoW_EU,5256.73,0.149703,pharma
2021,RoW_EUR,4016.24,0.114376,pharma
2021,US,16241.23,0.462524,pharma
2022,CN,8045.61,0.225532,pharma
2022,EU,3111.41,0.087218,pharma
2022,EUR,4185.82,0.117335,pharma
2022,JP,3128.06,0.087685,pharma
2022,RoW_EU,4987.97,0.139821,pharma
2022,RoW_EUR,3913.56,0.109703,pharma
2022,US,16400.91,0.459745,pharma
2023,CN,6879.4,0.210354,pharma
2023,EU,2945.8,0.090075,pharma
2023,EUR,4009.39,0.122597,pharma
2023,JP,2768.61,0.084657,pharma
2023,RoW_EU,4132.36,0.126357,pharma
2023,RoW_EUR,3068.76,0.093835,pharma
2023,US,15977.69,0.488557,pharma
2024,CN,194.5,0.251357,pharma
2024,EU,44.38,0.05735,pharma
2024,EUR,70.0,0.090469,pharma
2024,JP,19.0,0.024554,pharma
2024,RoW_EU,89.82,0.11608,pharma
2024,RoW_EUR,64.2,0.082962,pharma
2024,US,426.1,0.550658,pharma
1980,JP,2.0,0.5,robotics
1980,US,2.0,0.5,robotics
1981,EU,5.0,0.111111,robotics
1981,EUR,7.0,0.155556,robotics
1981,JP,36.0,0.8,robotics
1981,RoW_EU,2.0,0.044444,robotics
1981,US,2.0,0.044444,robotics
1982,EU,3.0,0.083333,robotics
1982,EUR,6.0,0.166667,robotics
1982,JP,18.0,0.5,robotics
1982,RoW_EU,3.0,0.083333,robotics
1982,US,12.0,0.333333,robotics
1983,EU,3.0,0.1,robotics
1983,EUR,4.0,0.133333,robotics
1983,JP,20.0,0.666667,robotics
1983,RoW_EU,1.0,0.033333,robotics
1983,US,6.0,0.2,robotics
1984,EU,4.5,0.098901,robotics
1984,EUR,6.5,0.142857,robotics
1984,JP,28.0,0.615385,robotics
1984,RoW_EU,2.0,0.043956,robotics
1984,US,11.0,0.241758,robotics
1985,EU,6.0,0.090909,robotics
1985,EUR,10.0,0.151515,robotics
1985,JP,44.0,0.666667,robotics
1985,RoW_EU,4.0,0.060606,robotics
1985,US,12.0,0.181818,robotics
1986,EU,10.0,0.15873,robotics
1986,EUR,16.0,0.253968,robotics
1986,JP,42.0,0.666667,robotics
1986,RoW_EU,9.0,0.142857,robotics
1986,RoW_EUR,3.0,0.047619,robotics
1986,US,2.0,0.031746,robotics
1987,EU,9.25,0.093434,robotics
1987,EUR,11.25,0.113636,robotics
1987,JP,48.0,0.484848,robotics
1987,RoW_EU,3.75,0.037879,robotics
1987,RoW_EUR,1.75,0.017677,robotics
1987,US,38.0,0.383838,robotics
1988,EU,14.25,0.135714,robotics
1988,EUR,19.25,0.183333,robotics
1988,JP,66.0,0.628571,robotics
1988,RoW_EU,6.75,0.064286,robotics
1988,RoW_EUR,1.75,0.016667,robotics
1988,US,18.0,0.171429,robotics
1989,EU,12.0,0.111111,robotics
1989,EUR,22.0,0.203704,robotics
1989,JP,52.67,0.487654,robotics
1989,RoW_EU,14.0,0.12963,robotics
1989,RoW_EUR,4.0,0.037037,robotics
1989,US,29.33,0.271605,robotics
1990,EU,18.0,0.176471,robotics
1990,EUR,21.0,0.205882,robotics
1990,JP,56.0,0.54902,robotics
1990,RoW_EU,4.0,0.039216,robotics
1990,RoW_EUR,1.0,0.009804,robotics
1990,US,24.0,0.235294,robotics
1991,EU,15.0,0.135135,robotics
1991,EUR,15.0,0.135135,robotics
1991,JP,56.0,0.504505,robotics
1991,RoW_EU,2.0,0.018018,robotics
1991,RoW_EUR,2.0,0.018018,robotics
1991,US,38.0,0.342342,robotics
1992,EU,15.0,0.130435,robotics
1992,EUR,19.0,0.165217,robotics
1992,JP,65.0,0.565217,robotics
1992,RoW_EU,7.0,0.06087,robotics
1992,RoW_EUR,3.0,0.026087,robotics
1992,US,28.0,0.243478,robotics
1993,EU,12.0,0.129032,robotics
1993,EUR,16.0,0.172043,robotics
1993,JP,48.0,0.516129,robotics
1993,RoW_EU,5.0,0.053763,robotics
1993,RoW_EUR,1.0,0.010753,robotics
1993,US,28.0,0.301075,robotics
1994,EU,24.0,0.230843,robotics
1994,EUR,25.0,0.240462,robotics
1994,JP,27.33,0.262905,robotics
1994,RoW_EU,7.03,0.06765,robotics
1994,RoW_EUR,6.03,0.058031,robotics
1994,US,45.6,0.438602,robotics
1995,EU,16.67,0.17301,robotics
1995,EUR,24.67,0.256055,robotics
1995,JP,24.0,0.249135,robotics
1995,RoW_EU,13.0,0.134948,robotics
1995,RoW_EUR,5.0,0.051903,robotics
1995,US,42.67,0.442907,robotics
1996,EU,28.5,0.162857,robotics
1996,EUR,32.0,0.182857,robotics
1996,JP,58.0,0.331429,robotics
1996,RoW_EU,10.5,0.06,robotics
1996,RoW_EUR,7.0,0.04,robotics
1996,US,78.0,0.445714,robotics
1997,EU,34.5,0.209726,robotics
1997,EUR,41.5,0.25228,robotics
1997,JP,66.0,0.401216,robotics
1997,RoW_EU,9.0,0.054711,robotics
1997,RoW_EUR,2.0,0.012158,robotics
1997,US,55.0,0.334347,robotics
1998,CN,2.0,0.009479,robotics
1998,EU,38.33,0.181675,robotics
1998,EUR,45.0,0.21327,robotics
1998,JP,70.0,0.331754,robotics
1998,RoW_EU,19.67,0.093207,robotics
1998,RoW_EUR,13.0,0.061611,robotics
1998,US,81.0,0.383886,robotics
1999,EU,53.5,0.289189,robotics
1999,EUR,56.5,0.305405,robotics
1999,JP,44.0,0.237838,robotics
1999,RoW_EU,7.5,0.040541,robotics
1999,RoW_EUR,4.5,0.024324,robotics
1999,US,80.0,0.432432,robotics
2000,EU,65.6,0.295762,robotics
2000,EUR,75.2,0.339044,robotics
2000,JP,66.0,0.297565,robotics
2000,RoW_EU,16.6,0.074842,robotics
2000,RoW_EUR,7.0,0.03156,robotics
2000,US,73.6,0.33183,robotics
2001,EU,65.8,0.2518,robotics
2001,EUR,74.19,0.283918,robotics
2001,JP,98.6,0.37733,robotics
2001,RoW_EU,12.89,0.049339,robotics
2001,RoW_EUR,4.5,0.017221,robotics
2001,US,84.02,0.321531,robotics
2002,CN,3.49,0.011764,robotics
2002,EU,59.46,0.200659,robotics
2002,EUR,80.02,0.270068,robotics
2002,JP,110.93,0.374383,robotics
2002,RoW_EU,28.9,0.097533,robotics
2002,RoW_EUR,8.33,0.028124,robotics
2002,US,93.53,0.315661,robotics
2003,CN,2.0,0.006513,robotics
2003,EU,65.83,0.214371,robotics
2003,EUR,72.83,0.237165,robotics
2003,JP,128.0,0.416802,robotics
2003,RoW_EU,19.07,0.062086,robotics
2003,RoW_EUR,12.07,0.039292,robotics
2003,US,92.2,0.300228,robotics
2004,CN,10.0,0.032483,robotics
2004,EU,69.94,0.22719,robotics
2004,EUR,81.11,0.263463,robotics
2004,JP,143.22,0.465223,robotics
2004,RoW_EU,23.0,0.074712,robotics
2004,RoW_EUR,11.83,0.038439,robotics
2004,US,61.69,0.200391,robotics
2005,CN,2.0,0.006051,robotics
2005,EU,93.25,0.282148,robotics
2005,EUR,108.0,0.326778,robotics
2005,JP,151.0,0.456884,robotics
2005,RoW_EU,25.75,0.077912,robotics
2005,RoW_EUR,11.0,0.033283,robotics
2005,US,58.5,0.177005,robotics
2006,CN,0.2,0.000667,robotics
2006,EU,101.4,0.338225,robotics
2006,EUR,117.9,0.393262,robotics
2006,JP,115.3,0.38459,robotics
2006,RoW_EU,28.5,0.095063,robotics
2006,RoW_EUR,12.0,0.040027,robotics
2006,US,54.4,0.181454,robotics
2007,CN,5.87,0.014629,robotics
2007,EU,114.5,0.285524,robotics
2007,EUR,128.02,0.319251,robotics
2007,JP,154.0,0.384024,robotics
2007,RoW_EU,42.48,0.105939,robotics
2007,RoW_EUR,28.96,0.072212,robotics
2007,US,84.17,0.209883,robotics
2008,CN,15.83,0.032756,robotics
2008,EU,122.33,0.253086,robotics
2008,EUR,140.43,0.290532,robotics
2008,JP,184.29,0.381254,robotics
2008,RoW_EU,68.3,0.141301,robotics
2008,RoW_EUR,50.2,0.103855,robotics
2008,US,92.61,0.191603,robotics
2009,CN,9.0,0.021388,robotics
2009,EU,116.35,0.276504,robotics
2009,EUR,128.05,0.304309,robotics
2009,JP,130.8,0.310845,robotics
2009,RoW_EU,56.86,0.13513,robotics
2009,RoW_EUR,45.16,0.107325,robotics
2009,US,107.78,0.256133,robotics
2010,CN,35.0,0.064849,robotics
2010,EU,113.55,0.210382,robotics
2010,EUR,126.3,0.234006,robotics
2010,JP,206.0,0.381684,robotics
2010,RoW_EU,70.74,0.131071,robotics
2010,RoW_EUR,57.99,0.107448,robotics
2010,US,114.43,0.212012,robotics
2011,CN,34.5,0.052702,robotics
2011,EU,121.26,0.185232,robotics
2011,EUR,130.51,0.199362,robotics
2011,JP,253.0,0.38648,robotics
2011,RoW_EU,78.78,0.120349,robotics
2011,RoW_EUR,69.53,0.106218,robotics
2011,US,167.08,0.255237,robotics
2012,CN,46.57,0.066707,robotics
2012,EU,105.22,0.150716,robotics
2012,EUR,114.56,0.164085,robotics
2012,JP,285.5,0.40894,robotics
2012,RoW_EU,90.63,0.129816,robotics
2012,RoW_EUR,81.3,0.116448,robotics
2012,US,170.22,0.24382,robotics
2013,CN,51.0,0.067126,robotics
2013,EU,119.67,0.157505,robotics
2013,EUR,129.08,0.169899,robotics
2013,JP,265.6,0.349581,robotics
2013,RoW_EU,85.07,0.111964,robotics
2013,RoW_EUR,75.65,0.09957,robotics
2013,US,238.43,0.313823,robotics
2014,CN,53.08,0.058557,robotics
2014,EU,158.08,0.17438,robotics
2014,EUR,168.58,0.185963,robotics
2014,JP,358.0,0.394914,robotics
2014,RoW_EU,93.89,0.103574,robotics
2014,RoW_EUR,83.39,0.091992,robotics
2014,US,243.47,0.268574,robotics
2015,CN,67.0,0.058668,robotics
2015,EU,210.49,0.184318,robotics
2015,EUR,226.26,0.198125,robotics
2015,JP,530.76,0.464761,robotics
2015,RoW_EU,100.22,0.087756,robotics
2015,RoW_EUR,84.45,0.073948,robotics
2015,US,233.54,0.204497,robotics
2016,CN,259.87,0.154004,robotics
2016,EU,276.88,0.164089,robotics
2016,EUR,319.65,0.189433,robotics
2016,JP,651.5,0.386097,robotics
2016,RoW_EU,178.72,0.105912,robotics
2016,RoW_EUR,135.95,0.080568,robotics
2016,US,320.43,0.189898,robotics
2017,CN,512.28,0.21722,robotics
2017,EU,303.36,0.128633,robotics
2017,EUR,356.33,0.151096,robotics
2017,JP,886.78,0.376019,robotics
2017,RoW_EU,246.31,0.104443,robotics
2017,RoW_EUR,193.33,0.081979,robotics
2017,US,409.61,0.173685,robotics
2018,CN,510.14,0.204737,robotics
2018,EU,308.61,0.123857,robotics
2018,EUR,344.71,0.138346,robotics
2018,JP,950.67,0.381538,robotics
2018,RoW_EU,256.54,0.102957,robotics
2018,RoW_EUR,220.43,0.088468,robotics
2018,US,465.72,0.186912,robotics
2019,CN,609.57,0.195205,robotics
2019,EU,337.57,0.108103,robotics
2019,EUR,387.91,0.124223,robotics
2019,JP,1071.27,0.343059,robotics
2019,RoW_EU,440.14,0.140948,robotics
2019,RoW_EUR,389.8,0.124829,robotics
2019,US,664.15,0.212685,robotics
2020,CN,795.0,0.246978,robotics
2020,EU,365.64,0.113591,robotics
2020,EUR,413.5,0.128459,robotics
2020,JP,972.44,0.302102,robotics
2020,RoW_EU,405.34,0.125924,robotics
2020,RoW_EUR,357.48,0.111056,robotics
2020,US,680.49,0.211405,robotics
2021,CN,751.64,0.213066,robotics
2021,EU,342.64,0.097127,robotics
2021,EUR,410.32,0.116311,robotics
2021,JP,1375.18,0.38982,robotics
2021,RoW_EU,418.16,0.118536,robotics
2021,RoW_EUR,350.49,0.099352,robotics
2021,US,640.11,0.18145,robotics
2022,CN,614.53,0.189501,robotics
2022,EU,355.94,0.109759,robotics
2022,EUR,416.49,0.128432,robotics
2022,JP,1174.89,0.362296,robotics
2022,RoW_EU,462.73,0.14269,robotics
2022,RoW_EUR,402.17,0.124017,robotics
2022,US,634.81,0.195754,robotics
2023,CN,365.33,0.16078,robotics
2023,EU,324.2,0.142678,robotics
2023,EUR,378.27,0.166473,robotics
2023,JP,582.06,0.25616,robotics
2023,RoW_EU,397.65,0.175002,robotics
2023,RoW_EUR,343.58,0.151207,robotics
2023,US,603.01,0.26538,robotics
2024,CN,2.0,0.055556,robotics
2024,EU,1.0,0.027778,robotics
2024,EUR,3.0,0.083333,robotics
2024,JP,2.0,0.055556,robotics
2024,RoW_EU,9.0,0.25,robotics
2024,RoW_EUR,7.0,0.194444,robotics
2024,US,22.0,0.611111,robotics
1980,JP,10.0,0.15625,semiconductors
1980,US,54.0,0.84375,semiconductors
1981,EU,1.25,0.024155,semiconductors
1981,EUR,2.25,0.043478,semiconductors
1981,JP,8.0,0.154589,semiconductors
1981,RoW_EU,1.0,0.019324,semiconductors
1981,US,41.5,0.801932,semiconductors
1982,EU,4.0,0.057971,semiconductors
1982,EUR,7.0,0.101449,semiconductors
1982,JP,4.0,0.057971,semiconductors
1982,RoW_EU,3.0,0.043478,semiconductors
1982,US,58.0,0.84058,semiconductors
1983,EU,4.0,0.038835,semiconductors
1983,EUR,9.0,0.087379,semiconductors
1983,JP,12.0,0.116505,semiconductors
1983,RoW_EU,5.0,0.048544,semiconductors
1983,US,82.0,0.796117,semiconductors
1984,EU,4.0,0.033333,semiconductors
1984,EUR,4.0,0.033333,semiconductors
1984,JP,22.0,0.183333,semiconductors
1984,US,94.0,0.783333,semiconductors
1985,EU,14.0,0.07279,semiconductors
1985,EUR,17.33,0.090121,semiconductors
1985,JP,12.0,0.062392,semiconductors
1985,RoW_EU,3.67,0.019064,semiconductors
1985,RoW_EUR,0.33,0.001733,semiconductors
1985,US,162.67,0.845754,semiconductors
1986,EU,12.75,0.083607,semiconductors
1986,EUR,24.0,0.157377,semiconductors
1986,JP,16.0,0.104918,semiconductors
1986,RoW_EU,12.75,0.083607,semiconductors
1986,RoW_EUR,1.5,0.009836,semiconductors
1986,US,111.0,0.727869,semiconductors
1987,EU,14.0,0.072917,semiconductors
1987,EUR,20.0,0.104167,semiconductors
1987,JP,12.0,0.0625,semiconductors
1987,RoW_EU,6.0,0.03125,semiconductors
1987,US,160.0,0.833333,semiconductors
1988,EU,25.5,0.099157,semiconductors
1988,EUR,39.0,0.151653,semiconductors
1988,JP,34.67,0.134802,semiconductors
1988,RoW_EU,15.33,0.059624,semiconductors
1988,RoW_EUR,1.83,0.007129,semiconductors
1988,US,181.67,0.706416,semiconductors
1989,EU,18.0,0.081633,semiconductors
1989,EUR,30.5,0.138322,semiconductors
1989,JP,32.0,0.145125,semiconductors
1989,RoW_EU,15.5,0.070295,semiconductors
1989,RoW_EUR,3.0,0.013605,semiconductors
1989,US,155.0,0.702948,semiconductors
1990,EU,31.1,0.084339,semiconductors
1990,EUR,44.25,0.12,semiconductors
1990,JP,70.0,0.189831,semiconductors
1990,RoW_EU,18.15,0.04922,semiconductors
1990,RoW_EUR,5.0,0.013559,semiconductors
1990,US,249.5,0.67661,semiconductors
1991,EU,39.68,0.109891,semiconductors
1991,EUR,53.68,0.148659,semiconductors
1991,JP,69.0,0.191074,semiconductors
1991,RoW_EU,23.0,0.063691,semiconductors
1991,RoW_EUR,9.0,0.024923,semiconductors
1991,US,229.43,0.635344,semiconductors
1992,EU,59.33,0.135387,semiconductors
1992,EUR,66.33,0.15136,semiconductors
1992,JP,81.07,0.184978,semiconductors
1992,RoW_EU,13.08,0.029854,semiconductors
1992,RoW_EUR,6.08,0.013881,semiconductors
1992,US,284.77,0.649781,semiconductors
1993,EU,68.37,0.143031,semiconductors
1993,EUR,88.37,0.184869,semiconductors
1993,JP,53.2,0.111287,semiconductors
1993,RoW_EU,26.17,0.054737,semiconductors
1993,RoW_EUR,6.17,0.0129,semiconductors
1993,US,330.3,0.690944,semiconductors
1994,EU,45.46,0.078174,semiconductors
1994,EUR,59.62,0.102537,semiconductors
1994,JP,96.0,0.16509,semiconductors
1994,RoW_EU,27.04,0.046503,semiconductors
1994,RoW_EUR,12.87,0.022141,semiconductors
1994,US,413.0,0.710232,semiconductors
1995,EU,115.87,0.143612,semiconductors
1995,EUR,136.87,0.169641,semiconductors
1995,JP,114.31,0.14168,semiconductors
1995,RoW_EU,39.31,0.048727,semiconductors
1995,RoW_EUR,18.31,0.022699,semiconductors
1995,US,537.33,0.665981,semiconductors
1996,EU,159.0,0.134493,semiconductors
1996,EUR,180.46,0.152643,semiconductors
1996,JP,235.8,0.199453,semiconductors
1996,RoW_EU,43.16,0.036511,semiconductors
1996,RoW_EUR,21.71,0.018361,semiconductors
1996,US,744.27,0.629542,semiconductors
1997,CN,0.67,0.000468,semiconductors
1997,EU,252.8,0.177541,semiconductors
1997,EUR,272.47,0.191352,semiconductors
1997,JP,323.8,0.227407,semiconductors
1997,RoW_EU,41.3,0.029005,semiconductors
1997,RoW_EUR,21.63,0.015193,semiconductors
1997,US,805.33,0.565579,semiconductors
1998,CN,1.18,0.000566,semiconductors
1998,EU,316.47,0.151442,semiconductors
1998,EUR,331.22,0.1585,semiconductors
1998,JP,478.6,0.229024,semiconductors
1998,RoW_EU,46.79,0.022391,semiconductors
1998,RoW_EUR,32.04,0.015333,semiconductors
1998,US,1246.69,0.596578,semiconductors
1999,CN,2.0,0.000758,semiconductors
1999,EU,362.42,0.137288,semiconductors
1999,EUR,397.02,0.150395,semiconductors
1999,JP,681.93,0.258318,semiconductors
1999,RoW_EU,100.99,0.038257,semiconductors
1999,RoW_EUR,66.39,0.025149,semiconductors
1999,US,1492.53,0.565379,semiconductors
2000,CN,1.5,0.000463,semiconductors
2000,EU,528.81,0.163081,semiconductors
2000,EUR,567.51,0.175016,semiconductors
2000,JP,800.35,0.24682,semiconductors
2000,RoW_EU,111.7,0.034447,semiconductors
2000,RoW_EUR,73.0,0.022512,semiconductors
2000,US,1800.28,0.555189,semiconductors
2001,CN,4.67,0.001103,semiconductors
2001,EU,520.57,0.123075,semiconductors
2001,EUR,566.25,0.133876,semiconductors
2001,JP,1001.98,0.236892,semiconductors
2001,RoW_EU,170.75,0.040369,semiconductors
2001,RoW_EUR,125.07,0.029568,semiconductors
2001,US,2531.72,0.59856,semiconductors
2002,CN,15.4,0.003231,semiconductors
2002,EU,535.12,0.112285,semiconductors
2002,EUR,613.38,0.128706,semiconductors
2002,JP,1304.07,0.273637,semiconductors
2002,RoW_EU,227.05,0.047642,semiconductors
2002,RoW_EUR,148.79,0.03122,semiconductors
2002,US,2684.07,0.563205,semiconductors
2003,CN,9.73,0.002107,semiconductors
2003,EU,560.54,0.121329,semiconductors
2003,EUR,641.44,0.13884,semiconductors
2003,JP,1474.03,0.319056,semiconductors
2003,RoW_EU,256.5,0.055519,semiconductors
2003,RoW_EUR,175.6,0.038008,semiconductors
2003,US,2319.18,0.50199,semiconductors
2004,CN,22.4,0.003945,semiconductors
2004,EU,560.14,0.098638,semiconductors
2004,EUR,616.37,0.108539,semiconductors
2004,JP,2101.22,0.370015,semiconductors
2004,RoW_EU,280.38,0.049374,semiconductors
2004,RoW_EUR,224.15,0.039472,semiconductors
2004,US,2714.6,0.478029,semiconductors
2005,CN,51.13,0.008123,semiconductors
2005,EU,605.55,0.096193,semiconductors
2005,EUR,698.07,0.11089,semiconductors
2005,JP,2601.74,0.413293,semiconductors
2005,RoW_EU,345.82,0.054935,semiconductors
2005,RoW_EUR,253.3,0.040238,semiconductors
2005,US,2690.91,0.427456,semiconductors
2006,CN,86.07,0.012597,semiconductors
2006,EU,607.48,0.088911,semiconductors
2006,EUR,699.59,0.102393,semiconductors
2006,JP,2790.09,0.408363,semiconductors
2006,RoW_EU,436.75,0.063924,semiconductors
2006,RoW_EUR,344.64,0.050442,semiconductors
2006,US,2912.0,0.426205,semiconductors
2007,CN,120.75,0.016792,semiconductors
2007,EU,539.94,0.075085,semiconductors
2007,EUR,633.77,0.088134,semiconductors
2007,JP,2974.56,0.413652,semiconductors
2007,RoW_EU,490.86,0.06826,semiconductors
2007,RoW_EUR,397.02,0.055211,semiconductors
2007,US,3064.86,0.42621,semiconductors
2008,CN,153.8,0.022183,semiconductors
2008,EU,643.68,0.092839,semiconductors
2008,EUR,769.4,0.110972,semiconductors
2008,JP,2946.23,0.424938,semiconductors
2008,RoW_EU,515.01,0.07428,semiconductors
2008,RoW_EUR,389.29,0.056147,semiconductors
2008,US,2674.6,0.38576,semiconductors
2009,CN,132.0,0.019256,semiconductors
2009,EU,710.03,0.103578,semiconductors
2009,EUR,819.97,0.119617,semiconductors
2009,JP,3060.5,0.446463,semiconductors
2009,RoW_EU,487.32,0.07109,semiconductors
2009,RoW_EUR,377.37,0.055051,semiconductors
2009,US,2465.14,0.359613,semiconductors
2010,CN,326.07,0.042837,semiconductors
2010,EU,637.73,0.083781,semiconductors
2010,EUR,717.74,0.094294,semiconductors
2010,JP,3715.2,0.488084,semiconductors
2010,RoW_EU,515.43,0.067714,semiconductors
2010,RoW_EUR,435.41,0.057202,semiconductors
2010,US,2417.37,0.317583,semiconductors
2011,CN,668.97,0.070668,semiconductors
2011,EU,707.02,0.074687,semiconductors
2011,EUR,784.21,0.082842,semiconductors
2011,JP,4620.47,0.48809,semiconductors
2011,RoW_EU,489.55,0.051715,semiconductors
2011,RoW_EUR,412.36,0.043561,semiconductors
2011,US,2980.41,0.314841,semiconductors
2012,CN,769.15,0.087657,semiconductors
2012,EU,637.12,0.07261,semiconductors
2012,EUR,726.19,0.082761,semiconductors
2012,JP,4248.58,0.484195,semiconductors
2012,RoW_EU,596.12,0.067938,semiconductors
2012,RoW_EUR,507.05,0.057786,semiconductors
2012,US,2523.55,0.2876,semiconductors
2013,CN,771.42,0.083786,semiconductors
2013,EU,720.93,0.078302,semiconductors
2013,EUR,812.15,0.08821,semiconductors
2013,JP,4675.43,0.507811,semiconductors
2013,RoW_EU,593.66,0.064479,semiconductors
2013,RoW_EUR,502.44,0.054571,semiconductors
2013,US,2445.59,0.265622,semiconductors
2014,CN,1009.43,0.109345,semiconductors
2014,EU,701.05,0.07594,semiconductors
2014,EUR,780.99,0.084599,semiconductors
2014,JP,4220.23,0.457149,semiconductors
2014,RoW_EU,539.33,0.058422,semiconductors
2014,RoW_EUR,459.39,0.049762,semiconductors
2014,US,2761.59,0.299144,semiconductors
2015,CN,1112.38,0.115992,semiconductors
2015,EU,608.29,0.063428,semiconductors
2015,EUR,700.21,0.073013,semiconductors
2015,JP,4574.85,0.477035,semiconductors
2015,RoW_EU,569.75,0.05941,semiconductors
2015,RoW_EUR,477.84,0.049826,semiconductors
2015,US,2724.9,0.284135,semiconductors
2016,CN,1404.0,0.144308,semiconductors
2016,EU,594.2,0.061074,semiconductors
2016,EUR,663.91,0.06824,semiconductors
2016,JP,4126.65,0.424154,semiconductors
2016,RoW_EU,614.47,0.063157,semiconductors
2016,RoW_EUR,544.75,0.055992,semiconductors
2016,US,2989.83,0.307307,semiconductors
2017,CN,1562.65,0.14321,semiconductors
2017,EU,693.69,0.063574,semiconductors
2017,EUR,785.29,0.071969,semiconductors
2017,JP,4803.71,0.440241,semiconductors
2017,RoW_EU,711.55,0.065211,semiconductors
2017,RoW_EUR,619.96,0.056817,semiconductors
2017,US,3139.95,0.287763,semiconductors
2018,CN,1913.76,0.174476,semiconductors
2018,EU,607.1,0.055349,semiconductors
2018,EUR,683.11,0.062278,semiconductors
2018,JP,4894.72,0.446247,semiconductors
2018,RoW_EU,657.92,0.059982,semiconductors
2018,RoW_EUR,581.92,0.053053,semiconductors
2018,US,2895.13,0.263946,semiconductors
2019,CN,2186.07,0.18317,semiconductors
2019,EU,586.54,0.049146,semiconductors
2019,EUR,666.46,0.055842,semiconductors
2019,JP,5176.14,0.433705,semiconductors
2019,RoW_EU,850.95,0.071301,semiconductors
2019,RoW_EUR,771.03,0.064604,semiconductors
2019,US,3134.99,0.262679,semiconductors
2020,CN,2187.17,0.187168,semiconductors
2020,EU,569.95,0.048774,semiconductors
2020,EUR,657.59,0.056274,semiconductors
2020,JP,5153.82,0.441041,semiconductors
2020,RoW_EU,898.22,0.076866,semiconductors
2020,RoW_EUR,810.57,0.069365,semiconductors
2020,US,2876.42,0.246152,semiconductors
2021,CN,3744.57,0.281028,semiconductors
2021,EU,515.88,0.038716,semiconductors
2021,EUR,620.65,0.046579,semiconductors
2021,JP,5262.66,0.394959,semiconductors
2021,RoW_EU,848.3,0.063665,semiconductors
2021,RoW_EUR,743.53,0.055801,semiconductors
2021,US,2953.15,0.221632,semiconductors
2022,CN,2947.89,0.224722,semiconductors
2022,EU,543.19,0.041408,semiconductors
2022,EUR,646.82,0.049308,semiconductors
2022,JP,5661.16,0.431559,semiconductors
2022,RoW_EU,804.69,0.061342,semiconductors
2022,RoW_EUR,701.05,0.053442,semiconductors
2022,US,3161.0,0.240968,semiconductors
2023,CN,1498.25,0.152953,semiconductors
2023,EU,460.87,0.04705,semiconductors
2023,EUR,527.92,0.053894,semiconductors
2023,JP,4617.48,0.47139,semiconductors
2023,RoW_EU,623.82,0.063685,semiconductors
2023,RoW_EUR,556.78,0.05684,semiconductors
2023,US,2595.04,0.264923,semiconductors
2024,CN,4.0,0.046392,semiconductors
2024,EU,4.67,0.054124,semiconductors
2024,EUR,7.67,0.088918,semiconductors
2024,JP,18.0,0.208763,semiconductors
2024,RoW_EU,13.11,0.152062,semiconductors
2024,RoW_EUR,10.11,0.117268,semiconductors
2024,US,46.44,0.53866,semiconductors
