year,sector,nouveaute_count,influence_count,rupture_count,total_patents,nouveaute_share,influence_share,rupture_share
1983,A,114.16666666666666,35.55833333333334,14.733333333333334,5314.31536638359,0.5596405228758169,0.05236867943053511,0.05917001338688086
1983,B,22.733333333333334,229.90073260073262,38.0495670995671,8978.557964917623,0.11143790849673203,0.3385872350526254,0.15280950642396426
1983,C,3.833333333333333,48.71117216117216,2.083333333333333,8301.780893991134,0.018790849673202614,0.07173957608420052,0.008366800535475232
1983,D,1.3333333333333333,30.15,4.5,1111.0681945505476,0.0065359477124183,0.04440353460972017,0.018072289156626505
1983,E,3.6666666666666665,31.95238095238095,5.0,1957.109989184908,0.017973856209150325,0.0470579984571148,0.020080321285140562
1983,F,8.1,121.16309523809524,10.157575757575758,4360.54852500765,0.039705882352941174,0.17844343923136266,0.040793476938055254
1983,G,37.5,94.91428571428571,95.97619047619047,5144.276280241497,0.18382352941176472,0.1397853986955607,0.38544654809715045
1983,H,12.666666666666666,86.65,78.5,5293.342785723049,0.06209150326797385,0.12761413843888073,0.3152610441767068
1984,A,96.66147186147185,47.58095238095238,35.766666666666666,6166.746282210155,0.42210249721166754,0.054192428679900206,0.15155367231638417
1984,B,4.549242424242424,231.84639804639804,8.553846153846154,10828.551442997687,0.019865687442106657,0.2640619567726629,0.03624511082138201
1984,C,19.075,53.91556776556776,9.716666666666667,9781.667377687309,0.08329694323144106,0.0614072525803733,0.04117231638418079
1984,D,2.833333333333333,17.6,0.0,1326.1871166758938,0.012372634643377001,0.020045558086560365,0.0
1984,E,3.0,65.94285714285714,5.0,2578.353462645026,0.013100436681222708,0.07510575984380084,0.0211864406779661
1984,F,2.5,151.67983405483406,0.6666666666666666,5258.402504427607,0.01091703056768559,0.1727560752332962,0.002824858757062147
1984,G,73.76666666666665,128.8769230769231,95.24615384615385,6283.087866099043,0.32212518195050943,0.1467846504292974,0.40358539765319423
1984,H,26.614285714285714,180.5574675324675,81.05,6378.00394725728,0.11621958827199003,0.2056463183741088,0.3434322033898305
1985,A,130.21103896103895,60.13484848484849,42.58333333333333,7014.916199716397,0.5711010480747323,0.0709137364208119,0.2008647798742138
1985,B,12.257142857142858,226.99491341991342,8.666666666666666,11230.260060516111,0.053759398496240604,0.2676826809197092,0.040880503144654086
1985,C,10.575757575757574,69.46428571428572,4.333333333333333,10034.914096069899,0.046384901648059536,0.08191543126684638,0.020440251572327043
1985,D,0.0,27.666666666666668,0.0,1175.6007552515136,0.0,0.03262578616352201,0.0
1985,E,2.75,31.57142857142857,0.0,2571.790234619182,0.01206140350877193,0.037230458221024255,0.0
1985,F,5.3,118.91904761904762,0.0,5504.437620000229,0.02324561403508772,0.14023472596585804,0.0
1985,G,48.46161616161616,149.25595238095238,100.3,6437.525577870701,0.21255094807726388,0.17600937780772685,0.4731132075471698
1985,H,18.444444444444443,163.99285714285713,56.116666666666674,6150.555455955966,0.08089668615984405,0.19338780323450133,0.26470125786163523
1986,A,152.69444444444446,52.71666666666667,36.08333333333333,7590.500023342759,0.5918389319552111,0.06581356637536413,0.20501893939393936
1986,B,17.633333333333333,248.106105006105,7.8,12638.272568136905,0.06834625322997416,0.30974544944582394,0.04431818181818182
1986,C,11.972222222222221,41.92857142857143,2.6,10315.50140621876,0.04640396210163652,0.052345282682361334,0.014772727272727272
1986,D,1.2000000000000002,16.0,2.0,1395.171834563785,0.004651162790697675,0.019975031210986267,0.011363636363636364
1986,E,0.0,34.411904761904765,0.0,2670.8480367943603,0.0,0.042961179478033414,0.0
1986,F,1.0,131.8145299145299,2.25,6090.920104716904,0.003875968992248062,0.16456245931901362,0.01278409090909091
1986,G,65.0,124.85555555555555,76.51666666666667,7183.166178849829,0.25193798449612403,0.15587460119295324,0.4347537878787879
1986,H,8.5,151.16666666666666,48.75,7076.619847376698,0.03294573643410853,0.18872243029546398,0.27698863636363635
1987,A,131.37380952380954,59.38333333333334,18.133333333333333,8493.338201611454,0.4847742048849061,0.0646877269426289,0.07884057971014492
1987,B,10.44047619047619,278.4329365079365,26.935064935064933,13436.591737578674,0.03852574240028114,0.3033038524051596,0.11710897797854318
1987,C,7.733333333333333,64.18162393162393,8.9,11372.980142703296,0.028536285362853627,0.06991462301919818,0.03869565217391305
1987,D,3.0,17.589285714285715,4.0,1477.2334800532471,0.01107011070110701,0.019160441954559602,0.017391304347826087
1987,E,4.0,31.875,6.0,2540.277528840901,0.014760147601476014,0.034722222222222224,0.02608695652173913
1987,F,2.2142857142857144,193.11282051282052,3.8666666666666667,6191.904434631334,0.008170795993674223,0.21036254957823586,0.01681159420289855
1987,G,94.23809523809524,118.29166666666666,91.64523809523808,7687.966638615703,0.3477420488490599,0.12885802469135801,0.39845755693581775
1987,H,18.0,155.13333333333333,70.51969696969698,7094.70783596539,0.06642066420664207,0.1689905591866376,0.3066073781291173
1988,A,150.4871212121212,46.96666666666667,12.540476190476191,9119.34470488473,0.47925834780930315,0.050071073205401564,0.042654680919987045
1988,B,14.614285714285714,274.2644688644689,35.458241758241755,14920.909094320352,0.046542311191992716,0.29239282394932714,0.12060626448381549
1988,C,25.481060606060606,64.99848484848485,14.85,12418.587095630612,0.08114987454159428,0.06929475996640176,0.050510204081632655
1988,D,0.4,19.4,4.483333333333333,1866.734374689638,0.0012738853503184715,0.02068230277185501,0.015249433106575963
1988,E,2.0,55.233333333333334,10.5,2961.7850177600176,0.006369426751592357,0.05888415067519545,0.03571428571428571
1988,F,1.05,161.2069597069597,23.983333333333334,6889.535055160714,0.0033439490445859874,0.17186243039121504,0.08157596371882087
1988,G,89.36753246753247,150.09545454545454,102.36190476190475,8355.207582921934,0.28460997601124993,0.1600164760612522,0.3481697440881114
1988,H,30.6,165.83463203463202,89.82271062271062,7697.897074632002,0.09745222929936306,0.17679598297935184,0.3055194238867708
1989,A,126.58452380952382,67.30238095238096,16.53333333333333,9898.484250118303,0.444156223893066,0.0677086327488742,0.03917851500789889
1989,B,27.495238095238093,297.96190476190475,51.886111111111106,15558.39959553459,0.09647451963241437,0.2997604675673086,0.1229528699315429
1989,C,8.032142857142857,45.25742296918767,12.622222222222222,13088.271473508063,0.02818295739348371,0.045530606608840715,0.029910479199578725
1989,D,5.5,27.11904761904762,1.0,2011.601114674799,0.01929824561403509,0.027282744083548915,0.002369668246445498
1989,E,3.0,51.86666666666667,16.225,3093.087121981046,0.010526315789473684,0.052179745137491615,0.0384478672985782
1989,F,1.0,218.0497198879552,31.53333333333333,7262.232434298754,0.0035087719298245615,0.21936591538023661,0.07472353870458136
1989,G,87.9547619047619,143.59761904761905,164.96516290726817,9181.907662216263,0.30861319966583123,0.14446440548050207,0.390912708311062
1989,H,25.43333333333333,142.8452380952381,127.23483709273184,8867.016347668181,0.08923976608187133,0.14370748299319727,0.3015043533003124
1990,A,172.8662393162393,57.023809523809526,25.36111111111111,10482.908691778486,0.531896120973044,0.05379604672057502,0.06656459609215515
1990,B,17.35,336.66014818514816,58.450774663932556,16163.178233306631,0.05338461538461539,0.3176039133822152,0.15341410672948178
1990,C,6.583333333333333,69.56969141969142,15.946218487394958,13759.221121633682,0.020256410256410257,0.06563178435819945,0.04185359183043296
1990,D,1.4,39.214502164502164,6.0,2086.374469530726,0.0043076923076923075,0.03699481336273789,0.015748031496062992
1990,E,1.0,54.13333333333333,9.166666666666668,3434.7511496501434,0.003076923076923077,0.05106918238993711,0.024059492563429576
1990,F,1.5555555555555554,184.3598248973249,30.4010101010101,7529.050736986185,0.0047863247863247855,0.17392436311068388,0.0797926774304727
1990,G,95.19487179487179,149.4109126984127,116.44687856003645,9311.998492148434,0.2929072978303747,0.14095369122491763,0.3056348518636127
1990,H,29.05,169.6277777777778,119.22734040984814,9462.517104965711,0.08938461538461538,0.16002620545073376,0.31293265199435205
1991,A,135.68535353535353,48.008008658008656,22.2020202020202,9018.055775219358,0.4062435734591423,0.05934240872436175,0.06150144100282604
1991,B,9.353535353535353,233.66952944716104,19.103535353535353,13988.150816339788,0.028004596866872313,0.2888374900459345,0.05291838048070735
1991,C,19.650000000000002,62.881369653738076,4.166666666666666,11608.799574643388,0.058832335329341325,0.07772728016531283,0.011542012927054477
1991,D,1.0,26.71838161838162,8.0,1751.949460676146,0.0029940119760479044,0.033026429688976046,0.0221606648199446
1991,E,1.0,31.0,9.5,2835.0800510892614,0.0029940119760479044,0.038318912237330034,0.02631578947368421
1991,F,1.2000000000000002,127.11666666666665,12.4,6437.031571553359,0.0035928143712574854,0.15712814173877213,0.03434903047091413
1991,G,100.71688034188034,125.22261904761905,101.16001221001221,8345.648647161282,0.3015475459337735,0.15478692094884924,0.28022164047094794
1991,H,65.39423076923077,154.3834249084249,184.46776556776558,8124.284103317416,0.1957911100875173,0.19083241645046342,0.5109910403539213
1992,A,160.4595238095238,50.449999999999996,19.85714285714286,9838.670803343948,0.43134280593958013,0.06790040376850606,0.06035605731654365
1992,B,6.881349206349206,194.33641589107688,5.944444444444445,14571.24195907929,0.018498250554702167,0.2615564143890672,0.01806822019587977
1992,C,14.025,51.59691517632694,4.0,11751.440860985453,0.03770161290322581,0.06944403119290302,0.0121580547112462
1992,D,2.5,51.94523809523809,0.0,1721.7111514988753,0.006720430107526882,0.06991283727488304,0.0
1992,E,4.0,41.41839826839826,0.6666666666666666,2582.6996717575885,0.010752688172043012,0.05574481597361813,0.0020263424518743665
1992,F,3.0,154.3342884046274,4.0,6855.702389591388,0.008064516129032258,0.20771775020811226,0.0121580547112462
1992,G,92.05425685425683,92.54456115779645,66.95086580086578,7993.915528461838,0.24745767971574417,0.12455526400780144,0.20349807234305708
1992,H,89.07987012987013,106.37418300653593,227.5808802308802,8806.617635281616,0.23946201647814552,0.14316848318510894,0.6917351982701526
1993,A,167.41666666666666,43.18809523809524,76.60144927536231,9949.532637706956,0.46120293847566574,0.04136790731618318,0.17213808825924115
1993,B,26.00378787878788,286.93090409590405,14.654761904761905,14377.399755076447,0.07163577928040737,0.2748380307432031,0.03293204922418406
1993,C,7.125,88.3900432900433,2.3333333333333335,11518.664478262805,0.01962809917355372,0.08466479242341311,0.0052434456928838954
1993,D,0.0,19.314285714285713,0.0,1635.8930965475854,0.0,0.018500273672687466,0.0
1993,E,2.0,42.87142857142857,4.3,2968.9970785735254,0.005509641873278237,0.04106458675424192,0.009662921348314606
1993,F,1.3333333333333333,196.8790526140526,4.2,6383.858313525203,0.0036730945821854912,0.1885814680211232,0.009438202247191012
1993,G,112.66031468531469,143.587851037851,105.98533471359559,8353.140078796174,0.3103589936234564,0.1375362557833822,0.23816929149122604
1993,H,46.46089743589744,222.83833943833943,236.92512077294685,8865.514561511303,0.12799145299145298,0.21344668528576574,0.5324160017369592
1994,A,135.75720390720392,71.54141414141414,75.87948717948717,10951.236756424594,0.3901069077793216,0.05769468882372108,0.18152987363513678
1994,B,24.004761904761907,359.3447792429822,3.4166666666666665,15020.360941254312,0.0689792008757526,0.2897941768088566,0.00817384370015949
1994,C,6.333333333333333,91.65434141022376,6.166666666666666,11074.193499639667,0.018199233716475093,0.07391479145985788,0.01475279106858054
1994,D,5.0,29.038249031670084,0.0,1750.576460977652,0.014367816091954023,0.023417942767475875,0.0
1994,E,1.2,87.98701298701297,0.0,3237.2320482961873,0.0034482758620689655,0.07095726853791369,0.0
1994,F,4.7444444444444445,210.38665204502803,0.4666666666666667,6973.881179321515,0.013633461047254151,0.1696666548750226,0.0011164274322169058
1994,G,101.85975690975691,166.8329365079365,76.58450292397661,8071.426255235316,0.29270045089010605,0.13454269073220684,0.18321651417219287
1994,H,69.1004995004995,223.21461463373225,255.48600989653625,9159.092858850758,0.19856465373706753,0.18001178599494536,0.6112105499917135
1995,A,132.37180451127819,68.53333333333333,50.83847117794486,12113.055917052036,0.3870520599744977,0.051801461325270845,0.13035505430242275
1995,B,22.183333333333334,395.32721794459405,5.166666666666666,16136.75011124416,0.06486354775828461,0.29881120026046415,0.013247863247863248
1995,C,7.513157894736842,92.73693301882156,22.036967418546364,11831.233097233862,0.021968297937827026,0.07009594332488402,0.0565050446629394
1995,D,0.0,24.416666666666668,0.0,1795.5454301339673,0.0,0.018455530360292266,0.0
1995,E,6.0,62.1,0.0,3254.9839975384093,0.01754385964912281,0.04693877551020408,0.0
1995,F,3.1904761904761902,238.80098039215687,0.3333333333333333,7346.950334066078,0.009328877749930383,0.18049960725030753,0.0008547008547008548
1995,G,113.87542720437455,127.82633477633478,92.94888801621136,9072.807041656235,0.3329690853929081,0.09661854480448585,0.23833048209284965
1995,H,56.865800865800864,313.25853386809274,218.67567338729737,10657.674071075251,0.16627427153742946,0.23677893716409126,0.5607068548392241
1996,A,141.39651182151184,50.0,13.585497835497836,12489.510334950197,0.3672636670688619,0.03436426116838488,0.029598034499995287
1996,B,12.0,436.1240551659986,4.875,17359.411981276822,0.031168831168831165,0.2997416186707894,0.010620915032679739
1996,C,4.458333333333333,50.76833166833167,4.875,12683.579488056472,0.011580086580086578,0.034892324170674685,0.010620915032679739
1996,D,2.0,31.5,0.0,1962.0887800323171,0.005194805194805194,0.021649484536082474,0.0
1996,E,2.333333333333333,68.33205128205128,0.0,3307.411454988703,0.006060606060606059,0.046963609128557585,0.0
1996,F,5.333333333333333,280.0300983686388,0.0,8004.66848358611,0.01385281385281385,0.19246054870696824,0.0
1996,G,130.62168942168944,192.39955322455324,127.33437166698036,9471.052310039235,0.33927711538101146,0.1322333699137823,0.27741693173634063
1996,H,86.85679875679877,345.84591029042645,308.3301304975218,11973.277167070146,0.22560207469298377,0.23769478370476044,0.6717432036983045
1997,A,163.202331002331,93.00238095238095,14.840151515151515,15172.540149830988,0.3932586289212795,0.05435557039881996,0.027583924749352264
1997,B,3.3333333333333335,407.71777806816505,0.0,19312.426013327058,0.008032128514056226,0.2382920970591263,0.0
1997,C,8.848484848484848,47.42337662337662,11.12070707070707,13575.077651761132,0.021321650237312886,0.0277167601539314,0.020670459239232476
1997,D,0.0,28.5,0.0,2165.531219691359,0.0,0.01665692577440094,0.0
1997,E,2.0,120.63717532467533,0.0,4276.596373768339,0.004819277108433735,0.07050682368478979,0.0
1997,F,4.533333333333333,360.6083222204352,0.0,9410.350935109454,0.010923694779116465,0.2107588090125279,0.0
1997,G,130.9568265068265,248.9492424242424,144.85343545343545,11397.910384637333,0.3155586180887386,0.14549926500540178,0.2692443038167946
1997,H,102.12569097569099,404.16172438672436,367.1857059607059,14446.567271874335,0.24608600235106262,0.236213748911002,0.6825013121946207
1998,A,245.24968003011483,59.55079365079364,20.527602108036888,16651.708565395733,0.4040357166888218,0.03137554986870055,0.033596730127719944
1998,B,18.79935064935065,484.0135500338441,2.2857142857142856,21936.363200677537,0.0309709236397869,0.25501240781551326,0.0037409399111526767
1998,C,10.600000000000001,60.137874979051446,5.333333333333334,14220.06459781006,0.017462932454695226,0.03168486563701341,0.008728859792689581
1998,D,1.5,25.3,0.0,2444.2552551332647,0.002471169686985173,0.01332982086406744,0.0
1998,E,2.0,104.40833333333333,0.0,4751.169561736906,0.0032948929159802307,0.055009659290481204,0.0
1998,F,1.5555555555555554,331.00741448094385,0.0,10675.487252747283,0.002562694490206846,0.17439800552209897,0.0
1998,G,209.5124162069814,274.2963924963925,192.22944362400887,12704.396298764817,0.3451604879851424,0.1445186472583733,0.3146144740163811
1998,H,117.78299755799756,559.2856410256411,390.6239066489066,17272.5552677344,0.19404118213838148,0.2946710437437519,0.6393189961520567
1999,A,170.84761904761905,83.01233211233212,19.326190476190472,18126.230651407066,0.3266684876627515,0.04039529543179179,0.028420868347338927
1999,B,18.85,526.8859315521081,0.0,23592.865408335998,0.03604206500956023,0.25639218080394555,0.0
1999,C,12.05,60.78633180544946,8.05,15176.437543901899,0.02304015296367113,0.02957972350630144,0.011838235294117646
1999,D,0.0,13.926739926739927,0.0,2441.9516302480565,0.0,0.006777002397440354,0.0
1999,E,5.0,84.09761904761905,0.0,5091.954810779341,0.009560229445506692,0.04092341559494844,0.0
1999,F,4.3,380.14087742323034,0.4444444444444444,11269.246076092768,0.008221797323135755,0.18498339533977146,0.0006535947712418299
1999,G,197.78774697524696,343.7504032517191,255.9140997890998,14335.144446559627,0.37817924851863666,0.16727513540229638,0.37634426439573493
1999,H,114.16463397713397,562.3997648808021,396.2652652902654,19356.169432675244,0.218288019076738,0.27367385152350465,0.5827430371915667
2000,A,199.8142483502161,81.45816888425584,31.944955044955044,20460.77498046198,0.32332402645666036,0.036495595378250825,0.03958482657367417
2000,B,17.506211745244002,590.2353468034784,4.142857142857142,25355.06496684948,0.028327203471268613,0.2644423596789778,0.005133651973800673
2000,C,7.7805860805860805,61.91220265652895,7.136863136863137,15935.041587716581,0.012589945114216959,0.027738442050416194,0.008843696576038586
2000,D,0.0,30.141269841269843,0.6666666666666666,2539.8995816269626,0.0,0.01350415315469079,0.0008261049153242463
2000,E,1.3668831168831168,161.27821067821066,0.25,5381.9602202398755,0.00221178497877527,0.07225726284866069,0.00030978934324659243
2000,F,4.758116883116883,437.7998667998668,1.9285714285714284,12088.044955739988,0.007699218257470684,0.19614689372753888,0.0023898035050451414
2000,G,283.77470025411196,283.3673881673882,372.8112586046022,15924.927264232985,0.45918236287073133,0.12695671512875814,0.4619718198322209
2000,H,102.99925356984177,585.8075461690013,388.11882797548424,21904.286443132147,0.16666545885087666,0.26245857803270667,0.48094030728064974
2001,A,165.71823799695318,96.36931752458067,42.928842940685044,21379.756076830512,0.24882618317860838,0.041095657792998154,0.05038596589282282
2001,B,13.01388888888889,574.2411984350377,1.9082851359167148,26083.21985997253,0.019540373707040374,0.24487897587848093,0.0022397712862872237
2001,C,10.285714285714285,91.10069900918624,4.052631578947368,16621.185529284976,0.015444015444015443,0.0388489121574355,0.004756609834445267
2001,D,1.3333333333333333,28.205555555555556,0.0,2365.519086204611,0.002002002002002002,0.012027955460791282,0.0
2001,E,0.0,90.03459595959598,0.6000000000000001,5396.274314531704,0.0,0.038394283991298926,0.0007042253521126762
2001,F,2.0,486.26614128905146,0.0,12754.817005874947,0.003003003003003003,0.20736296003797502,0.0
2001,G,304.28697888272194,345.75029018781885,359.91657258598303,17948.90855322935,0.4568873556797627,0.14744148835301443,0.4224372917675857
2001,H,169.3618466123884,633.0322020391735,442.59366775846786,22963.319574071367,0.2542970669855682,0.26994976632800577,0.5194761358667463
2002,A,240.96317651646595,109.08827838827838,61.280097680097676,22365.09949243502,0.3105195573665798,0.05036393277390507,0.05909363324985311
2002,B,19.0,536.5798433841258,4.083333333333333,24806.96643592193,0.024484536082474227,0.24772845954945788,0.0039376406300225
2002,C,8.423989898989898,55.0130194470482,8.047619047619047,16118.586143297656,0.010855657086327188,0.02539843926456519,0.007760481241676998
2002,D,4.666666666666666,25.857692307692307,2.0,2419.456410259417,0.006013745704467353,0.01193799275516727,0.0019286403085824494
2002,E,3.6666666666666665,85.43850762240854,0.0,5077.8192217468295,0.004725085910652921,0.039445294377843276,0.0
2002,F,8.857142857142858,482.5206963749324,0.6666666666666666,13129.76027618725,0.011413843888070693,0.22277040460523195,0.0006428801028608164
2002,G,301.2962810100997,318.16004032600335,379.33382835331366,17943.84312227539,0.3882684033635305,0.1468882919325962,0.36579925588554835
2002,H,189.12607638396832,553.341922149511,581.5884549189695,22777.468897876504,0.24371917059789733,0.25546718474123314,0.5608374685814557
2003,A,315.16712184873944,105.32169913419912,64.33154494628178,23392.009294683598,0.3610161762299421,0.048737482246274465,0.07100612024975915
2003,B,38.68888888888888,572.0230642372164,3.7511111111111113,25857.548973759,0.04431716940308005,0.26470294504267305,0.004140299239636988
2003,C,27.335854341736695,39.53844686015739,0.3076923076923077,15783.604279550997,0.031312547928678915,0.01829636596953142,0.0003396162336559688
2003,D,0.0,38.51001082251082,0.0,2668.295592500952,0.0,0.017820458501856002,0.0
2003,E,1.5666666666666664,90.5361111111111,2.0,4863.979817552161,0.0017945780832378767,0.0418954702041236,0.0022075055187637973
2003,F,5.2,521.0137070531807,1.0,13078.320118079335,0.00595647193585338,0.2410984299181771,0.0011037527593818987
2003,G,345.47219024581557,269.5691176642415,335.21180503706813,17594.868800278735,0.39572988573403844,0.12474276615652083,0.36999095478705096
2003,H,139.5692780081527,524.4878431173828,499.3978465978466,21472.373123595222,0.1598731706851692,0.2427060819608435,0.5512117512117513
2004,A,307.76825347854765,105.33242296918766,69.80238095238096,24120.017525386647,0.372150246044193,0.047532681845301294,0.07595471267941345
2004,B,42.22446311858077,562.2259245656305,8.366666666666667,26361.20200966422,0.05105739192089573,0.25371205982203543,0.009104098657961553
2004,C,14.997313797313797,64.93430345797992,0.0,15803.766368433282,0.01813459951307593,0.029302483509918736,0.0
2004,D,1.3076923076923077,41.28162393162393,0.0,2582.162291111266,0.001581248255976188,0.018628891665895278,0.0
2004,E,4.857142857142858,128.00537599655246,0.0,5544.8119616747235,0.005873207807911556,0.057764158843209595,0.0
2004,F,9.306060606060605,482.0719502719503,0.16666666666666666,13563.37867102827,0.011252793961379206,0.2175414938050317,0.00018135654697134566
2004,G,302.67517952635603,315.75948357198354,229.0213951081598,17979.72894706706,0.36599175275254653,0.1424907416841081,0.24920717639625659
2004,H,143.8638943083061,516.3889152350918,611.6428906061259,21589.932225634533,0.17395875974402186,0.2330274888244999,0.665552655719397
2005,A,312.10437555276263,122.46111111111111,92.3826976369204,25233.414243732426,0.3667501475355613,0.05004540707442219,0.10426941042541805
2005,B,37.03343573988735,576.676071413107,2.2857142857142856,28394.42577234923,0.04351755081067844,0.2356665596293858,0.0025798129635601417
2005,C,38.05873015873016,48.82375745169862,0.4444444444444444,16237.306137390278,0.04472236211366646,0.019952495893624283,0.0005016302984700275
2005,D,6.5,41.904761904761905,0.0,2609.4770673901016,0.00763807285546416,0.017124953782084965,0.0
2005,E,2.3,156.3642857142857,0.0,5929.5454227707205,0.0027027027027027024,0.06390040282561736,0.0
2005,F,2.1321044546851,590.1193361806752,0.0,14388.612304032176,0.0025054106400529963,0.24116033354338995,0.0
2005,G,334.9201996927804,350.13777939896363,141.0192533360832,18825.10343182662,0.3935607516953941,0.14308858986471745,0.15916394281724966
2005,H,117.95115440115441,560.5128968253969,649.8678902968377,22593.115620508444,0.13860300164647993,0.229061257386758,0.7334852034953021
2006,A,333.06461228829653,161.93116883116883,64.87584272452693,27566.17023918652,0.43311393015383165,0.06080779903536194,0.06238061800435282
2006,B,35.561159211159215,710.9216459044601,7.0,28453.98118185489,0.04624337998850353,0.2669626909141795,0.006730769230769231
2006,C,11.071957671957673,34.885615161421605,0.0,17528.093036632006,0.014397864332844828,0.013100118348261962,0.0
2006,D,2.0,39.406824656824654,0.0,2921.5854750430044,0.002600780234070221,0.014797906367564647,0.0
2006,E,4.333333333333333,191.0970057720058,1.1333333333333333,6142.773238885833,0.005635023840485478,0.07176004722944265,0.0010897435897435897
2006,F,11.688311688311687,646.4423798423798,0.0,15057.363375789117,0.015199365004306485,0.2427496732415996,0.0
2006,G,272.9520543783702,327.6876595626596,97.97014163989192,19019.952898277515,0.35494415393806267,0.12305206893077716,0.09420205926912685
2006,H,98.32857142857142,550.6277002690795,869.0206823022478,24412.08055433111,0.12786550250789522,0.20676969593281241,0.8355968099060075
2007,A,392.94588929588934,168.48583018288903,69.82539682539682,28053.420572428186,0.42388984821563036,0.060759405042513176,0.07081683248011848
2007,B,57.824067745120374,672.5875358301828,25.999458874458874,30031.968570092446,0.06237763510800472,0.24254869665711604,0.026368619548132733
2007,C,24.760540239487607,28.729383116883113,0.0,17679.196570098917,0.02671039939534801,0.010360397806304765,0.0
2007,D,13.533333333333335,29.549999999999997,0.0,2781.5687581101247,0.01459906508450198,0.010656328885683375,0.0
2007,E,10.5,197.0796203796204,11.299242424242422,6324.676939436935,0.011326860841423949,0.07107090529376862,0.011459677915053167
2007,F,8.728968253968254,715.0313632445987,20.92900432900433,16147.937994943668,0.009416362733514838,0.2578548010258199,0.021226170719071326
2007,G,298.78153975653976,309.0981225921454,125.65134920634921,18989.467726311603,0.3223101831246384,0.11146704745479459,0.12743544544254484
2007,H,119.92566137566135,652.4381446536806,732.2955483405484,25646.762868578124,0.1293696454969378,0.2352824178339995,0.7426932538950796
2008,A,376.9188972620087,187.9033092724269,28.94014637032464,27596.687504610753,0.37504367886767037,0.0699305207563926,0.026550593000297835
2008,B,64.70661136249372,704.4420257846729,95.67974481658692,30371.165215488785,0.06438468792287932,0.26216673828979264,0.08777958240053846
2008,C,29.898298777246147,50.44266615737204,5.6121553884711775,17498.372796589872,0.02974955102213547,0.018772856776096778,0.005148766411441447
2008,D,5.5588235294117645,71.82994227994229,0.6000000000000001,2814.396300540246,0.00553116769095698,0.026732393851857942,0.0005504587155963303
2008,E,5.415151515151515,182.17685125332181,33.50357142857143,6813.011168230756,0.005388210462837328,0.06779934918247928,0.030737221494102233
2008,F,13.623809523809523,618.0765853169878,119.06697191697194,17308.44261903279,0.013556029376924898,0.23002478054223588,0.10923575405226783
2008,G,424.6042229012817,345.57572998896524,242.45490813657196,19975.06390653974,0.4224917640808773,0.1286102456229867,0.2224356955381394
2008,H,84.2741851285969,526.552889946311,564.1425019425019,26416.860488967053,0.08385491057571831,0.19596311497815816,0.5175619283876164
2009,A,341.7179276279277,193.87041455986468,182.70504430210312,26551.78226155679,0.41825939734140477,0.07499822613534417,0.10901255626617132
2009,B,40.72222222222222,681.2044120581971,311.2411890258261,28761.072890767766,0.04984360125118999,0.2635220162700956,0.18570476672185326
2009,C,17.811141636141635,52.930576123223176,58.91343851531587,17176.87988858473,0.021800662957333704,0.0204760449219432,0.03515121629792116
2009,D,6.303030303030303,45.144444444444446,26.71111111111111,2493.3408408193495,0.0077148473721301136,0.01746400171932087,0.01593741713073455
2009,E,9.75,173.68085163628643,61.786204481792716,6563.546349433906,0.01193390452876377,0.06718795034285742,0.03686527713710783
2009,F,10.123953823953823,572.4164084439701,149.14544901628756,16510.813547438527,0.012391620347556698,0.221437682183354,0.08898893139396633
2009,G,293.0051714625244,304.1935876387115,483.2785676311992,19174.56741013949,0.3586354607864436,0.11767643622387293,0.28835236732171793
2009,H,97.56655292419998,561.5593050953025,402.21899591636435,25384.996811259443,0.11942050541517746,0.21723764220321182,0.23998746773052765
2010,A,302.33772422451983,196.66304382751753,207.98241154270565,26830.74553628,0.38662113072189236,0.07321781229617183,0.10787469478356101
2010,B,35.856413031413034,828.6303933898215,400.539430340901,29200.559265138163,0.045852190577254516,0.3084997741585337,0.207748667189264
2010,C,26.47103174603175,56.75106043767035,97.9597392803275,17835.20326648882,0.03385042422766208,0.021128466283570495,0.05080899340265949
2010,D,8.80952380952381,43.915847846111006,21.607142857142858,2335.5755142271137,0.011265375715503593,0.016349906122900597,0.011207024303497333
2010,E,5.742857142857143,218.202636968766,72.24932844932846,7169.739955382878,0.007343807088052612,0.0812370204649166,0.03747371807537783
2010,F,13.212842712842713,540.8538482570062,146.60613275613275,18214.221080871004,0.01689621830286792,0.20136033069881096,0.0760405252884506
2010,G,293.81136376179717,314.6077603682866,554.9150333326804,19689.56199698474,0.3757178564728864,0.11712872686831222,0.2878190006912243
2010,H,95.75824357101448,486.3754089048207,426.1407814407814,26351.393384627278,0.12245299689388041,0.1810779631067836,0.22102737626596544
2011,A,289.0419407415769,226.66292302468776,216.46346711540036,26750.67809432985,0.35508837928940656,0.07608691608750848,0.14765584387135086
2011,B,48.59764475290792,857.6982107003242,204.8448241114543,30522.539896853807,0.05970226628121366,0.28791480721729584,0.13973043936661275
2011,C,37.56578947368421,61.901470588235306,81.79996476799978,17706.265751845,0.04614961851803957,0.02077927847876311,0.05579806600818539
2011,D,20.75,35.34075091575092,16.93814616755793,2508.3737228889318,0.02549140049140049,0.011863293358761637,0.011553987835987675
2011,E,3.4,233.1125306679082,34.38644688644689,7274.67641524102,0.004176904176904177,0.07825194047261101,0.023455966498258454
2011,F,7.277777777777778,635.9931874320621,85.79200397303846,18962.259242937867,0.008940758940758941,0.2134921743645727,0.058521148685565114
2011,G,282.12433963095725,407.06802063306634,537.1293128800842,20038.399818704467,0.34659009782672884,0.13664586123970002,0.3663910729059237
2011,H,125.24250762309589,521.2229060379652,288.64583409801816,27255.80705719905,0.15386057447554777,0.17496572878078726,0.19689347482811606
2012,A,278.1060012197312,237.1241832195339,317.11195361682724,26197.31149079982,0.34763250152466396,0.07870035951527843,0.1758801739416679
2012,B,39.08343600843602,858.1379983913577,216.87256212399177,30401.343028875493,0.04885429501054502,0.2848118149324121,0.12028428293066654
2012,C,54.86863221319742,54.80807455406734,127.88533418986613,17777.63761841712,0.06858579026649678,0.01819053254366656,0.07092919256232176
2012,D,6.571428571428571,44.488209159261785,13.408760683760683,2446.4557364506195,0.008214285714285714,0.014765419568291333,0.007436916629928276
2012,E,5.130769230769231,211.59217225842613,20.606782106782102,6987.801002643869,0.006413461538461539,0.07022640964434985,0.011429163675419912
2012,F,1.5054919908466817,608.4371928510086,88.06356270758546,19001.976717069196,0.0018818649885583522,0.20193733582841308,0.04884279684280946
2012,G,309.0000980358273,400.28313645175837,550.4780024014651,21129.93945521051,0.38625012254478414,0.13285202006364366,0.3053122586807904
2012,H,105.73414272976355,598.1290331145863,468.57304216972153,29328.53495053337,0.13216767841220445,0.198516107903945,0.25988521473639575
2013,A,260.59781329781333,261.0751283210739,402.1374269690685,26306.164052519787,0.32412663345499165,0.10608497696914829,0.2981003906368188
2013,B,48.186224886224885,647.7535095723968,43.26046926413799,30639.063845350873,0.05993311553013045,0.2632074398912624,0.032068546526418086
2013,C,33.73311688311688,50.80274906682347,218.19937804891296,17632.232506682994,0.04195661303870258,0.020643132493630017,0.1617489829865923
2013,D,4.942857142857143,46.963492063492055,5.907692307692307,2409.1059358248376,0.006147832267235252,0.01908309307740433,0.004379312311113646
2013,E,5.222222222222222,188.0430474754004,2.25,7104.878108581307,0.0064953012714206735,0.07640920254993921,0.001667902149740549
2013,F,12.601282051282052,500.9106011691712,7.591724941724942,18790.060353746805,0.015673236382191605,0.20353945598097162,0.005627668600240877
2013,G,345.55102658779134,392.1440924629655,397.9380078935651,21826.23403019132,0.429789834064417,0.15934339393050204,0.2949874039240661
2013,H,93.16545692869224,373.30737986867683,271.71530057489804,27620.261167102075,0.11587743399091073,0.15168930510714215,0.2014197928650097
2014,A,234.04854714429015,228.25647756813478,363.882041119843,26811.09331561337,0.27730870514726325,0.09263655745460016,0.28697321854877206
2014,B,65.40185618003954,732.9221580320907,91.76168204682402,31295.325374193704,0.07749035092421748,0.29745217452601086,0.07236725713471925
2014,C,25.807739125644595,38.35509942413967,142.75711783648134,17282.86767840743,0.030577889959294547,0.015566192948108631,0.11258447778902314
2014,D,5.058333333333333,39.037157287157285,4.228571428571428,2157.48611332466,0.005993285939968404,0.015843002145761884,0.0033348355114916624
2014,E,9.629166666666666,160.18681880984514,16.028787878787877,6804.4650873456585,0.01140896524486572,0.06501088425724234,0.012640999904406843
2014,F,12.938095238095237,431.9021703039775,34.905802530802525,18456.018301754826,0.015329496727600993,0.1752849717142766,0.02752823543438685
2014,G,364.7869219312576,414.7973100926984,355.96794238924184,22287.227675710925,0.432211992809547,0.16834306416099773,0.2807318157643863
2014,H,126.32934038067278,418.5428084819564,258.4680547694479,27408.516453649423,0.14967931324724265,0.1698631527930018,0.20383915991281382
2015,A,306.50368463522494,255.1177600650124,283.94709200303373,27436.816161463677,0.3701735321681461,0.0921668208327357,0.2683809943317899
2015,B,47.39139759611458,761.8113846335011,42.98198212520194,31694.426465470704,0.05723598743492099,0.27522087595140937,0.04062569198979389
2015,C,41.0290293040293,43.50026081773228,110.57751474282236,17989.36224219703,0.049551967758489496,0.015715412145134496,0.1045156093977527
2015,D,10.566666666666666,62.66907101907102,1.801282051282051,2177.1468971403638,0.012761674718196458,0.02264056033925976,0.0017025350201153601
2015,E,8.547619047619047,135.1477994227994,1.7000000000000002,6509.156634370929,0.010323211410167931,0.048825072045809034,0.0016068052930056712
2015,F,18.169991015274036,520.6804741606092,15.203636363636361,18138.46810482649,0.02194443359332613,0.18810710771698308,0.01437016669530847
2015,G,305.7807642492239,497.64785766578336,398.2189304221702,22251.242330884124,0.36930043991452166,0.17978607574630903,0.3763884030455295
2015,H,90.01084748584748,491.42539221549123,203.56956229185332,26459.381163646678,0.10870875300223125,0.17753807522235954,0.19240979422670446
2016,A,317.22720462801743,263.80400505504826,260.91144833415484,27648.93401661112,0.4263806513817438,0.0908103287624951,0.24069321802043805
2016,B,65.34392084523664,885.9949003516199,49.26523448773448,33299.15146671338,0.08782785059843633,0.3049896386752564,0.04544763329126797
2016,C,30.083692777810427,49.22303457024404,107.8616017123659,17831.683646865695,0.040435070937917234,0.01694424597942996,0.09950332261288367
2016,D,4.8,39.71810966810966,0.8888888888888888,2173.470985745321,0.006451612903225806,0.01367232690812725,0.0008200082000820008
2016,E,5.657575757575758,155.60478736949327,8.826923076923077,6246.0532575201805,0.007604268491365265,0.053564470695178404,0.008142917967641215
2016,F,7.58470695970696,463.13267881216854,12.419858083093377,17536.777296742766,0.010194498601756665,0.1594260512262198,0.011457433655990201
2016,G,250.97612278989217,534.1402639244654,413.69390107638304,22813.4274017157,0.33733349837351095,0.18386928190170929,0.3816364401073644
2016,H,62.32677624176076,513.3822202488509,230.13214434045636,25914.501928085825,0.08377254871204402,0.17672365585158378,0.21229902614433244
2017,A,356.5077550819979,252.59740130977323,228.20109255561118,27499.868276698875,0.38416783952801503,0.09641122187395924,0.20726711403779394
2017,B,66.5587118412465,731.8050601979004,25.13186108252316,33351.505425765965,0.07172274982892943,0.2793149084724811,0.022826395170320757
2017,C,49.50975255207991,39.988804545374094,76.69286692839326,16915.10873883416,0.05335102645698267,0.015262902498234388,0.06965746315022092
2017,D,3.7555555555555555,60.121200217407115,0.0,2121.2388451815414,0.004046934865900384,0.022947022983743175,0.0
2017,E,2.575,151.9336679660209,0.0,6475.267587214741,0.002774784482758621,0.05798994960535148,0.0
2017,F,15.02456829899285,377.8214593760885,0.3529411764705882,17307.5282287281,0.016190267563569883,0.14420666388400324,0.00032056419297964405
2017,G,348.7358302373008,559.9903420740955,548.5127429339556,23546.897439821838,0.3757929205143328,0.2137367717840059,0.49819504353674426
2017,H,85.33282643282642,445.7420643133402,222.10849532304644,26764.585457754773,0.09195347675951124,0.17013055889822146,0.2017334199119404
2018,A,342.3387732071193,360.2760236014913,91.07124749694678,27600.906804854556,0.3649667091760334,0.14145112822987488,0.11557264910780049
2018,B,62.8742209963949,668.2474567667058,27.127338370441816,34157.92033202008,0.06703008635010117,0.26236649264495715,0.03442555630766728
2018,C,54.18357190111381,37.197383009147714,7.043451596712466,16389.296984912682,0.05776500202677379,0.014604390659264905,0.008938390351157953
2018,D,12.790079365079364,33.97619047619048,0.0,1984.8198293766416,0.01363547906724879,0.01333969001813525,0.0
2018,E,2.1607142857142856,173.04493502172332,0.0,6422.5082004848955,0.0023035333536399636,0.06794068905446538,0.0
2018,F,9.396757831540441,306.91206292124986,2.6625,16320.189448561589,0.01001786549204738,0.12049943577591278,0.003378807106598985
2018,G,346.03162033208696,469.698874751522,449.77529980118294,25111.957204407452,0.36890364640947443,0.1844125931494001,0.5707808373111458
2018,H,108.22426208095088,497.64707345196956,210.32016273471595,27568.401195382095,0.11537767812468112,0.19538558046798962,0.26690375981562936
2019,A,280.8557552339824,275.23837696475164,55.39773323095418,26244.981419252177,0.3231941947456644,0.10970042924063438,0.08219248253850768
2019,B,65.60320974508033,646.355806636475,29.079264909571815,32923.340108991564,0.07549276150181856,0.25761490898225387,0.043144309954854326
2019,C,47.281838591516006,25.51907428826433,1.0238095238095237,15015.158851588325,0.054409480542596096,0.01017101406467291,0.001519005228204041
2019,D,9.803030303030301,22.51158008658009,0.0,2005.014551486123,0.011280817379781705,0.008972331640725424,0.0
2019,E,3.0,159.78680042568521,1.4444444444444444,6025.089043632813,0.0034522439585730723,0.06368545254112604,0.0021430926475436863
2019,F,17.042896456828345,366.5705700195992,0.0,15672.514947869638,0.019612078776557358,0.14610225987229938,0.0
2019,G,357.5387483532456,501.1522341674096,326.25340164115084,25572.438078628496,0.4114369946527567,0.19974182310379018,0.48405549204918524
2019,H,87.874521316317,511.86555741123516,260.8013462500691,26631.462998550865,0.10112142844225201,0.20401178055449787,0.3869456175817049
2020,A,321.9787232565298,,,26720.2373787274,0.36713651454564405,0.0,0.0
2020,B,43.60439191385483,,,32422.66148372985,0.049719945169731855,0.0,0.0
2020,C,22.119968069052735,,,14543.248368668721,0.025222312507471766,0.0,0.0
2020,D,8.500980392156862,,,1959.8045684699246,0.009693250162094484,0.0,0.0
2020,E,3.6578947368421053,,,6080.4540799309325,0.004170917601872413,0.0,0.0
2020,F,8.109248963596789,,,14699.825268029977,0.009246578065674789,0.0,0.0
2020,G,370.6908878514758,,,24551.937044607806,0.42268060188309675,0.0,0.0
2020,H,98.33790481649099,,,25490.831807835384,0.11212988006441392,0.0,0.0
2021,A,237.9514872269214,,,24985.83116318019,0.2948593398103115,0.0,0.0
2021,B,53.91628666161913,,,28811.10378783429,0.06681076414079197,0.0,0.0
2021,C,58.51041921465262,,,14110.91552553248,0.07250361736636012,0.0,0.0
2021,D,4.5,,,1689.2071454254647,0.005576208178438661,0.0,0.0
2021,E,5.088888888888889,,,5715.332012095269,0.006305934186975078,0.0,0.0
2021,F,11.977344877344878,,,13147.550310258055,0.014841815213562424,0.0,0.0
2021,G,349.518637876285,,,22794.099149257345,0.4331085971205514,0.0,0.0
2021,H,85.5369352542882,,,23062.9609064169,0.10599372398300891,0.0,0.0
2022,A,225.89137390387387,,,16773.87980768073,0.3307340759939589,0.0,0.0
2022,B,52.30098120833415,,,21210.0395801211,0.07657537512201194,0.0,0.0
2022,C,36.29514652014652,,,9671.156393283429,0.05314077089333312,0.0,0.0
2022,D,4.521978021978022,,,1260.093852746788,0.006620758450919506,0.0,0.0
2022,E,1.8583333333333334,,,4265.85023594884,0.002720839433870181,0.0,0.0
2022,F,13.142765567765569,,,9925.58301893345,0.019242702148997908,0.0,0.0
2022,G,262.5250549673924,,,17009.128614458947,0.3843705050767093,0.0,0.0
2022,H,86.46436647717606,,,16311.268496826717,0.12659497288019922,0.0,0.0
2023,A,94.73641456582632,,,3470.5435465616442,0.41369613347522416,0.0,0.0
2023,B,19.923709623709623,,,6188.292917479626,0.08700309879349181,0.0,0.0
2023,C,13.19047619047619,,,965.0101809847534,0.057600332709503016,0.0,0.0
2023,D,1.6666666666666665,,,443.3114042881459,0.00727802037845706,0.0,0.0
2023,E,1.8095238095238093,,,1641.9162117740943,0.007901850696610521,0.0,0.0
2023,F,4.428571428571429,,,3022.1294226640716,0.019338739862757335,0.0,0.0
2023,G,70.10167234726057,,,3833.5169782997723,0.30612083994436934,0.0,0.0
2023,H,23.142965367965367,,,4288.279337947892,0.10106098413958677,0.0,0.0
2024,A,0.0,,,55.17893217893218,0.0,0.0,0.0
2024,B,0.0,,,97.00840502090502,0.0,0.0,0.0
2024,C,0.0,,,16.51298701298701,0.0,0.0,0.0
2024,D,0.0,,,3.1875,0.0,0.0,0.0
2024,E,0.0,,,36.28185425685425,0.0,0.0,0.0
2024,F,0.0,,,53.34560449297291,0.0,0.0,0.0
2024,G,2.0,,,61.80691165559587,1.0,0.0,0.0
2024,H,0.0,,,74.67780538175275,0.0,0.0,0.0
