,year,month,class_label,share_class_1,n_class_1
0,2019,1,REMUNERATION_BENEFITS,0.42747115363929084,178827
1,2019,1,DIVERSITY,0.25439059896686167,106421
2,2019,1,WORK_LIFE_BALANCE,0.025149580362243837,10521
3,2019,1,LEADERSHIP,0.14986721231925457,62695
4,2019,1,CULTURE_VALUES,0.5277324262496504,220770
5,2019,1,PROFESSIONAL_OPPORTUNITIES,0.34834356033532776,145725
6,2019,2,REMUNERATION_BENEFITS,0.38487172090740396,178786
7,2019,2,DIVERSITY,0.24880417795037607,115578
8,2019,2,WORK_LIFE_BALANCE,0.022908979751751216,10642
9,2019,2,LEADERSHIP,0.1380910762183177,64148
10,2019,2,CULTURE_VALUES,0.4917293459682176,228425
11,2019,2,PROFESSIONAL_OPPORTUNITIES,0.3167776739700431,147154
12,2019,3,REMUNERATION_BENEFITS,0.3372842211755835,248709
13,2019,3,DIVERSITY,0.2301003407979799,169673
14,2019,3,WORK_LIFE_BALANCE,0.02019292447520773,14890
15,2019,3,LEADERSHIP,0.18408244246237052,135740
16,2019,3,CULTURE_VALUES,0.5122208555344752,377705
17,2019,3,PROFESSIONAL_OPPORTUNITIES,0.3349692902098898,247002
18,2019,4,REMUNERATION_BENEFITS,0.4021789992093643,224327
19,2019,4,DIVERSITY,0.24432436502629176,136279
20,2019,4,WORK_LIFE_BALANCE,0.03422681743127654,19091
21,2019,4,LEADERSHIP,0.16128430794275153,89961
22,2019,4,CULTURE_VALUES,0.5020447166350831,280030
23,2019,4,PROFESSIONAL_OPPORTUNITIES,0.32114690585339356,179129
24,2019,5,REMUNERATION_BENEFITS,0.3997174914525113,249020
25,2019,5,DIVERSITY,0.23939870623926549,149143
26,2019,5,WORK_LIFE_BALANCE,0.025043740669994704,15602
27,2019,5,LEADERSHIP,0.17500601935825616,109027
28,2019,5,CULTURE_VALUES,0.541512704858826,337357
29,2019,5,PROFESSIONAL_OPPORTUNITIES,0.3398433361691199,211719
30,2019,6,REMUNERATION_BENEFITS,0.38725220733461846,261360
31,2019,6,DIVERSITY,0.23211277372208697,156655
32,2019,6,WORK_LIFE_BALANCE,0.023477239153722948,15845
33,2019,6,LEADERSHIP,0.19168806461315527,129372
34,2019,6,CULTURE_VALUES,0.5488028756469391,370392
35,2019,6,PROFESSIONAL_OPPORTUNITIES,0.3437426378963683,231995
36,2019,7,REMUNERATION_BENEFITS,0.3334760455493622,243796
37,2019,7,DIVERSITY,0.21752214205108916,159025
38,2019,7,WORK_LIFE_BALANCE,0.018859898095270663,13788
39,2019,7,LEADERSHIP,0.17284546729131758,126363
40,2019,7,CULTURE_VALUES,0.4924693088944363,360032
41,2019,7,PROFESSIONAL_OPPORTUNITIES,0.31185172519919296,227987
42,2019,8,REMUNERATION_BENEFITS,0.3697422293743688,264687
43,2019,8,DIVERSITY,0.2345666595424582,167919
44,2019,8,WORK_LIFE_BALANCE,0.02132652761887999,15267
45,2019,8,LEADERSHIP,0.16401185133034116,117411
46,2019,8,CULTURE_VALUES,0.5001669299829997,358054
47,2019,8,PROFESSIONAL_OPPORTUNITIES,0.3132486530356811,224245
48,2019,9,REMUNERATION_BENEFITS,0.3703176703410605,322977
49,2019,9,DIVERSITY,0.23727816621224038,206945
50,2019,9,WORK_LIFE_BALANCE,0.02521091265154868,21988
51,2019,9,LEADERSHIP,0.16856730744976278,147018
52,2019,9,CULTURE_VALUES,0.5037378376952906,439341
53,2019,9,PROFESSIONAL_OPPORTUNITIES,0.32394899112779507,282536
54,2019,10,REMUNERATION_BENEFITS,0.37287562481623054,355082
55,2019,10,DIVERSITY,0.2293033561557525,218361
56,2019,10,WORK_LIFE_BALANCE,0.026168773890032342,24920
57,2019,10,LEADERSHIP,0.1919235939009535,182765
58,2019,10,CULTURE_VALUES,0.5456493888352165,519611
59,2019,10,PROFESSIONAL_OPPORTUNITIES,0.3510385600873693,334287
60,2019,11,REMUNERATION_BENEFITS,0.34713790087361146,296470
61,2019,11,DIVERSITY,0.22606291735408487,193067
62,2019,11,WORK_LIFE_BALANCE,0.028826484911145953,24619
63,2019,11,LEADERSHIP,0.20492458792961932,175014
64,2019,11,CULTURE_VALUES,0.550785032568694,470393
65,2019,11,PROFESSIONAL_OPPORTUNITIES,0.3599698375136557,307429
66,2019,12,REMUNERATION_BENEFITS,0.3705104125671921,314447
67,2019,12,DIVERSITY,0.24996995355172585,212146
68,2019,12,WORK_LIFE_BALANCE,0.029348899357359494,24908
69,2019,12,LEADERSHIP,0.22382011721649703,189953
70,2019,12,CULTURE_VALUES,0.6083357095557131,516286
71,2019,12,PROFESSIONAL_OPPORTUNITIES,0.3856290783634937,327278
72,2020,1,REMUNERATION_BENEFITS,0.3832574925466813,381030
73,2020,1,DIVERSITY,0.23880392843204706,237416
74,2020,1,WORK_LIFE_BALANCE,0.029173556711607866,29004
75,2020,1,LEADERSHIP,0.2200137197391238,218735
76,2020,1,CULTURE_VALUES,0.5991784250061356,595696
77,2020,1,PROFESSIONAL_OPPORTUNITIES,0.387469975497592,385218
78,2020,2,REMUNERATION_BENEFITS,0.41101485543800714,437536
79,2020,2,DIVERSITY,0.24271177970289123,258373
80,2020,2,WORK_LIFE_BALANCE,0.03231673063880074,34402
81,2020,2,LEADERSHIP,0.21134664630079492,224984
82,2020,2,CULTURE_VALUES,0.5944448515113769,632802
83,2020,2,PROFESSIONAL_OPPORTUNITIES,0.39553096871283555,421053
84,2020,3,REMUNERATION_BENEFITS,0.400611318773362,320453
85,2020,3,DIVERSITY,0.24567388831243514,196517
86,2020,3,WORK_LIFE_BALANCE,0.03505394356865147,28040
87,2020,3,LEADERSHIP,0.22963583403132853,183688
88,2020,3,CULTURE_VALUES,0.6126676751134502,490079
89,2020,3,PROFESSIONAL_OPPORTUNITIES,0.4177207435836532,334139
90,2020,4,REMUNERATION_BENEFITS,0.39127092312675066,219870
91,2020,4,DIVERSITY,0.24727283081051646,138952
92,2020,4,WORK_LIFE_BALANCE,0.037057468973445466,20824
93,2020,4,LEADERSHIP,0.2522449095807723,141746
94,2020,4,CULTURE_VALUES,0.6439286896419177,361848
95,2020,4,PROFESSIONAL_OPPORTUNITIES,0.4347241154718136,244288
96,2020,5,REMUNERATION_BENEFITS,0.3808086177671237,227802
97,2020,5,DIVERSITY,0.25653035910706345,153458
98,2020,5,WORK_LIFE_BALANCE,0.037124335095268184,22208
99,2020,5,LEADERSHIP,0.21492763362453737,128571
100,2020,5,CULTURE_VALUES,0.6085512348588947,364039
101,2020,5,PROFESSIONAL_OPPORTUNITIES,0.39960147507714733,239044
102,2020,6,REMUNERATION_BENEFITS,0.3892413746570105,346129
103,2020,6,DIVERSITY,0.24845261121856865,220934
104,2020,6,WORK_LIFE_BALANCE,0.03487697359542981,31014
105,2020,6,LEADERSHIP,0.18567878188115694,165113
106,2020,6,CULTURE_VALUES,0.5651376456299761,502543
107,2020,6,PROFESSIONAL_OPPORTUNITIES,0.3807262381359363,338557
108,2020,7,REMUNERATION_BENEFITS,0.37905790513726406,348159
109,2020,7,DIVERSITY,0.2584876181973576,237417
110,2020,7,WORK_LIFE_BALANCE,0.03570662558452234,32796
111,2020,7,LEADERSHIP,0.2010027382047611,184618
112,2020,7,CULTURE_VALUES,0.5883035651099364,540348
113,2020,7,PROFESSIONAL_OPPORTUNITIES,0.3865267260760927,355019
114,2020,8,REMUNERATION_BENEFITS,0.3900973653818704,360748
115,2020,8,DIVERSITY,0.26733198956706794,247219
116,2020,8,WORK_LIFE_BALANCE,0.039469529523208084,36500
117,2020,8,LEADERSHIP,0.20295664623622892,187687
118,2020,8,CULTURE_VALUES,0.6029884381312421,557622
119,2020,8,PROFESSIONAL_OPPORTUNITIES,0.39563283172787866,365867
120,2020,9,REMUNERATION_BENEFITS,0.38967346065958225,440988
121,2020,9,DIVERSITY,0.26035402046150613,294639
122,2020,9,WORK_LIFE_BALANCE,0.03771099050443321,42677
123,2020,9,LEADERSHIP,0.21004589612312957,237706
124,2020,9,CULTURE_VALUES,0.605203210077707,684900
125,2020,9,PROFESSIONAL_OPPORTUNITIES,0.397896589690073,450294
126,2020,10,REMUNERATION_BENEFITS,0.3960570615270774,461374
127,2020,10,DIVERSITY,0.2560918450912425,298326
128,2020,10,WORK_LIFE_BALANCE,0.03885852909818545,45267
129,2020,10,LEADERSHIP,0.2236672452481634,260554
130,2020,10,CULTURE_VALUES,0.6315646251495813,735721
131,2020,10,PROFESSIONAL_OPPORTUNITIES,0.41476481606430665,483167
132,2020,11,REMUNERATION_BENEFITS,0.41218192110368035,368442
133,2020,11,DIVERSITY,0.26279755045968034,234910
134,2020,11,WORK_LIFE_BALANCE,0.044354847731579786,39648
135,2020,11,LEADERSHIP,0.22832096406460808,204092
136,2020,11,CULTURE_VALUES,0.6494828176425971,580561
137,2020,11,PROFESSIONAL_OPPORTUNITIES,0.4327685309694121,386844
138,2020,12,REMUNERATION_BENEFITS,0.41234194801705804,425153
139,2020,12,DIVERSITY,0.2506679960313034,258456
140,2020,12,WORK_LIFE_BALANCE,0.04820821884859306,49706
141,2020,12,LEADERSHIP,0.20699099672281873,213422
142,2020,12,CULTURE_VALUES,0.6068342661839314,625688
143,2020,12,PROFESSIONAL_OPPORTUNITIES,0.40056969999098024,413015
144,2021,1,REMUNERATION_BENEFITS,0.43340322405436305,502707
145,2021,1,DIVERSITY,0.25632508151522626,297313
146,2021,1,WORK_LIFE_BALANCE,0.054073347322972726,62720
147,2021,1,LEADERSHIP,0.20530370564511263,238133
148,2021,1,CULTURE_VALUES,0.620489936253455,719710
149,2021,1,PROFESSIONAL_OPPORTUNITIES,0.3974184114919657,460968
150,2021,2,REMUNERATION_BENEFITS,0.39891801289304674,462190
151,2021,2,DIVERSITY,0.24963641746266427,289231
152,2021,2,WORK_LIFE_BALANCE,0.05709950466464528,66156
153,2021,2,LEADERSHIP,0.19843191275054828,229905
154,2021,2,CULTURE_VALUES,0.6074197593838819,703762
155,2021,2,PROFESSIONAL_OPPORTUNITIES,0.37148856948288855,430410
156,2021,3,REMUNERATION_BENEFITS,0.3955738715471522,744383
157,2021,3,DIVERSITY,0.2571761842510814,483949
158,2021,3,WORK_LIFE_BALANCE,0.055664317826738516,104748
159,2021,3,LEADERSHIP,0.20280266556133023,381630
160,2021,3,CULTURE_VALUES,0.6304998458905929,1186462
161,2021,3,PROFESSIONAL_OPPORTUNITIES,0.3676673149889998,691869
162,2021,4,REMUNERATION_BENEFITS,0.41672052140228255,879537
163,2021,4,DIVERSITY,0.2643375204205786,557915
164,2021,4,WORK_LIFE_BALANCE,0.08055752443836302,170026
165,2021,4,LEADERSHIP,0.20866183142741265,440405
166,2021,4,CULTURE_VALUES,0.6520878264923605,1376307
167,2021,4,PROFESSIONAL_OPPORTUNITIES,0.39017140019785695,823502
168,2021,5,REMUNERATION_BENEFITS,0.4195720931289944,885882
169,2021,5,DIVERSITY,0.2698994124261033,569864
170,2021,5,WORK_LIFE_BALANCE,0.07341926708136899,155017
171,2021,5,LEADERSHIP,0.21486278733386568,453660
172,2021,5,CULTURE_VALUES,0.6587425179762754,1390865
173,2021,5,PROFESSIONAL_OPPORTUNITIES,0.3916298900157905,826885
174,2021,6,REMUNERATION_BENEFITS,0.4198059051102301,963481
175,2021,6,DIVERSITY,0.2714635720239488,623026
176,2021,6,WORK_LIFE_BALANCE,0.10432088356615919,239423
177,2021,6,LEADERSHIP,0.20979685524972516,481497
178,2021,6,CULTURE_VALUES,0.6262455540436145,1437273
179,2021,6,PROFESSIONAL_OPPORTUNITIES,0.3950845793775596,906744
180,2021,7,REMUNERATION_BENEFITS,0.42924336660436097,1211830
181,2021,7,DIVERSITY,0.276402081768164,780332
182,2021,7,WORK_LIFE_BALANCE,0.10447024752610269,294938
183,2021,7,LEADERSHIP,0.21949597917523414,619676
184,2021,7,CULTURE_VALUES,0.6425215280515533,1813952
185,2021,7,PROFESSIONAL_OPPORTUNITIES,0.3912124532043156,1104462
186,2021,8,REMUNERATION_BENEFITS,0.4127188675816747,990276
187,2021,8,DIVERSITY,0.2819355371101727,676475
188,2021,8,WORK_LIFE_BALANCE,0.10150596233385402,243553
189,2021,8,LEADERSHIP,0.2046890134017061,491130
190,2021,8,CULTURE_VALUES,0.6283956462376364,1507770
191,2021,8,PROFESSIONAL_OPPORTUNITIES,0.38777175589189944,930418
192,2021,9,REMUNERATION_BENEFITS,0.43561248780031514,1266701
193,2021,9,DIVERSITY,0.28702634444138,834633
194,2021,9,WORK_LIFE_BALANCE,0.10942438121203826,318191
195,2021,9,LEADERSHIP,0.20597057219359102,598934
196,2021,9,CULTURE_VALUES,0.6385708812866635,1856876
197,2021,9,PROFESSIONAL_OPPORTUNITIES,0.39292236013951143,1142564
198,2021,10,REMUNERATION_BENEFITS,0.416121216653397,1213067
199,2021,10,DIVERSITY,0.27735571459297326,808541
200,2021,10,WORK_LIFE_BALANCE,0.10010781506577474,291832
201,2021,10,LEADERSHIP,0.22963133970938987,669416
202,2021,10,CULTURE_VALUES,0.6717478904368414,1958264
203,2021,10,PROFESSIONAL_OPPORTUNITIES,0.40501314328426713,1180685
204,2021,11,REMUNERATION_BENEFITS,0.4176134256981767,861648
205,2021,11,DIVERSITY,0.28738694507303225,592956
206,2021,11,WORK_LIFE_BALANCE,0.09991726713023569,206156
207,2021,11,LEADERSHIP,0.2167310386876735,447174
208,2021,11,CULTURE_VALUES,0.643186751884269,1327066
209,2021,11,PROFESSIONAL_OPPORTUNITIES,0.3904584331547977,805620
210,2021,12,REMUNERATION_BENEFITS,0.4333398789973038,1160752
211,2021,12,DIVERSITY,0.28503541751754075,763501
212,2021,12,WORK_LIFE_BALANCE,0.0955373255910324,255908
213,2021,12,LEADERSHIP,0.22185955593518747,594277
214,2021,12,CULTURE_VALUES,0.6724762545461876,1801307
215,2021,12,PROFESSIONAL_OPPORTUNITIES,0.4034072794254351,1080574
216,2022,1,REMUNERATION_BENEFITS,0.4173308143631773,1058333
217,2022,1,DIVERSITY,0.3009073103368866,763088
218,2022,1,WORK_LIFE_BALANCE,0.09811641127984426,248819
219,2022,1,LEADERSHIP,0.2274549607899503,576816
220,2022,1,CULTURE_VALUES,0.6660452050251641,1689062
221,2022,1,PROFESSIONAL_OPPORTUNITIES,0.4079193771818686,1034466
222,2022,2,REMUNERATION_BENEFITS,0.4442274911126335,1185999
223,2022,2,DIVERSITY,0.28856607664766026,770414
224,2022,2,WORK_LIFE_BALANCE,0.08052622648654338,214989
225,2022,2,LEADERSHIP,0.2230398445427206,595472
226,2022,2,CULTURE_VALUES,0.6730456689468616,1796898
227,2022,2,PROFESSIONAL_OPPORTUNITIES,0.40116622924330314,1071034
228,2022,3,REMUNERATION_BENEFITS,0.435765600577632,1307828
229,2022,3,DIVERSITY,0.3071951763600057,921960
230,2022,3,WORK_LIFE_BALANCE,0.07375269848684818,221348
231,2022,3,LEADERSHIP,0.2085999055717027,626054
232,2022,3,CULTURE_VALUES,0.6666401218971358,2000733
233,2022,3,PROFESSIONAL_OPPORTUNITIES,0.3860518009515467,1158626
234,2022,4,REMUNERATION_BENEFITS,0.4457215730936254,1293870
235,2022,4,DIVERSITY,0.32573842540441067,945575
236,2022,4,WORK_LIFE_BALANCE,0.08364457746241129,242809
237,2022,4,LEADERSHIP,0.21997777368986374,638566
238,2022,4,CULTURE_VALUES,0.7099676664372382,2060941
239,2022,4,PROFESSIONAL_OPPORTUNITIES,0.41035893492844655,1191217
240,2022,5,REMUNERATION_BENEFITS,0.45329212856234563,1257630
241,2022,5,DIVERSITY,0.29374907188343863,814988
242,2022,5,WORK_LIFE_BALANCE,0.07356269886924766,204095
243,2022,5,LEADERSHIP,0.19529518792287873,541834
244,2022,5,CULTURE_VALUES,0.6493391810083202,1801550
245,2022,5,PROFESSIONAL_OPPORTUNITIES,0.3721033752445542,1032377
246,2022,6,REMUNERATION_BENEFITS,0.4630455717176814,1273749
247,2022,6,DIVERSITY,0.30494033205528415,838832
248,2022,6,WORK_LIFE_BALANCE,0.08012485063474101,220408
249,2022,6,LEADERSHIP,0.19783140002188448,544196
250,2022,6,CULTURE_VALUES,0.656769086308127,1806645
251,2022,6,PROFESSIONAL_OPPORTUNITIES,0.38642260253082095,1062974
252,2022,7,REMUNERATION_BENEFITS,0.43206189181782745,1015361
253,2022,7,DIVERSITY,0.2986707437673295,701887
254,2022,7,WORK_LIFE_BALANCE,0.08843311336507186,207821
255,2022,7,LEADERSHIP,0.1811733947905479,425764
256,2022,7,CULTURE_VALUES,0.6488683577613279,1524864
257,2022,7,PROFESSIONAL_OPPORTUNITIES,0.35326522657525244,830186
258,2022,8,REMUNERATION_BENEFITS,0.42913794213316087,993308
259,2022,8,DIVERSITY,0.2922784738486317,676525
260,2022,8,WORK_LIFE_BALANCE,0.0916165188911196,212061
261,2022,8,LEADERSHIP,0.178448747742108,413048
262,2022,8,CULTURE_VALUES,0.6498654877457112,1504217
263,2022,8,PROFESSIONAL_OPPORTUNITIES,0.35319198205869634,817519
264,2022,9,REMUNERATION_BENEFITS,0.44185821299895095,980984
265,2022,9,DIVERSITY,0.3006918954855407,667576
266,2022,9,WORK_LIFE_BALANCE,0.08333599833883826,185017
267,2022,9,LEADERSHIP,0.20066770774543688,445509
268,2022,9,CULTURE_VALUES,0.6629134380688004,1471756
269,2022,9,PROFESSIONAL_OPPORTUNITIES,0.3823617774250462,848894
270,2022,10,REMUNERATION_BENEFITS,0.43025666684783825,1076602
271,2022,10,DIVERSITY,0.28708768811205354,718360
272,2022,10,WORK_LIFE_BALANCE,0.08461006013830852,211714
273,2022,10,LEADERSHIP,0.21290032259198988,532726
274,2022,10,CULTURE_VALUES,0.6848949258102366,1713766
275,2022,10,PROFESSIONAL_OPPORTUNITIES,0.3968017354106254,992890
276,2022,11,REMUNERATION_BENEFITS,0.43085254528476585,982327
277,2022,11,DIVERSITY,0.2856105871986407,651181
278,2022,11,WORK_LIFE_BALANCE,0.08723789573593584,198899
279,2022,11,LEADERSHIP,0.22393760244144528,510569
280,2022,11,CULTURE_VALUES,0.7020843777590933,1600725
281,2022,11,PROFESSIONAL_OPPORTUNITIES,0.4099820128502198,934743
282,2022,12,REMUNERATION_BENEFITS,0.43755796220919296,988450
283,2022,12,DIVERSITY,0.2888427035677054,652500
284,2022,12,WORK_LIFE_BALANCE,0.08397996471913644,189712
285,2022,12,LEADERSHIP,0.22773199823817017,514450
286,2022,12,CULTURE_VALUES,0.7027877194263872,1587608
287,2022,12,PROFESSIONAL_OPPORTUNITIES,0.4122509146685613,931281
288,2023,1,REMUNERATION_BENEFITS,0.46698699381031833,1022143
289,2023,1,DIVERSITY,0.30458460419480227,666676
290,2023,1,WORK_LIFE_BALANCE,0.08129051299248356,177929
291,2023,1,LEADERSHIP,0.2392219677961115,523610
292,2023,1,CULTURE_VALUES,0.7105446627473269,1555243
293,2023,1,PROFESSIONAL_OPPORTUNITIES,0.4553852240767104,996749
294,2023,2,REMUNERATION_BENEFITS,0.4529241726545896,859266
295,2023,2,DIVERSITY,0.3057983756704787,580146
296,2023,2,WORK_LIFE_BALANCE,0.08305185878622272,157562
297,2023,2,LEADERSHIP,0.24277812215362818,460587
298,2023,2,CULTURE_VALUES,0.7055333468272442,1338504
299,2023,2,PROFESSIONAL_OPPORTUNITIES,0.4473574073136997,848705
300,2023,3,REMUNERATION_BENEFITS,0.4690904195143487,986029
301,2023,3,DIVERSITY,0.3143460377297453,660756
302,2023,3,WORK_LIFE_BALANCE,0.08262123442318323,173670
303,2023,3,LEADERSHIP,0.2316011117020821,486826
304,2023,3,CULTURE_VALUES,0.7003352042481406,1472106
305,2023,3,PROFESSIONAL_OPPORTUNITIES,0.4391346915940137,923062
306,2023,4,REMUNERATION_BENEFITS,0.475481160961138,819313
307,2023,4,DIVERSITY,0.3361069777914996,579154
308,2023,4,WORK_LIFE_BALANCE,0.08516218217609411,146745
309,2023,4,LEADERSHIP,0.22909204444949985,394754
310,2023,4,CULTURE_VALUES,0.6924266622715487,1193137
311,2023,4,PROFESSIONAL_OPPORTUNITIES,0.43912684171307464,756670
312,2023,5,REMUNERATION_BENEFITS,0.4674220777590102,856206
313,2023,5,DIVERSITY,0.3325754109977169,609199
314,2023,5,WORK_LIFE_BALANCE,0.08808076595103512,161343
315,2023,5,LEADERSHIP,0.238182143750116,436293
316,2023,5,CULTURE_VALUES,0.6934541714480374,1270243
317,2023,5,PROFESSIONAL_OPPORTUNITIES,0.4465585594635111,817989
318,2023,6,REMUNERATION_BENEFITS,0.47167050197606275,1033656
319,2023,6,DIVERSITY,0.32757192745173463,717867
320,2023,6,WORK_LIFE_BALANCE,0.09126074217457708,199996
321,2023,6,LEADERSHIP,0.24178785194838737,529873
322,2023,6,CULTURE_VALUES,0.7070416828087333,1549467
323,2023,6,PROFESSIONAL_OPPORTUNITIES,0.4535822611122443,994016
324,2023,7,REMUNERATION_BENEFITS,0.4712894725997437,949218
325,2023,7,DIVERSITY,0.31464579236150175,633724
326,2023,7,WORK_LIFE_BALANCE,0.09544076298590876,192226
327,2023,7,LEADERSHIP,0.2466556807128987,496786
328,2023,7,CULTURE_VALUES,0.7176745592419791,1445459
329,2023,7,PROFESSIONAL_OPPORTUNITIES,0.4532326557889505,912850
330,2023,8,REMUNERATION_BENEFITS,0.4705451305693281,892570
331,2023,8,DIVERSITY,0.31210537275586026,592028
332,2023,8,WORK_LIFE_BALANCE,0.09261341620604306,175677
333,2023,8,LEADERSHIP,0.22574431238583256,428211
334,2023,8,CULTURE_VALUES,0.705029034443311,1337359
335,2023,8,PROFESSIONAL_OPPORTUNITIES,0.43861330549822475,831999
336,2023,9,REMUNERATION_BENEFITS,0.40468119936586633,861266
337,2023,9,DIVERSITY,0.27199098981420483,578867
338,2023,9,WORK_LIFE_BALANCE,0.08027692131311147,170850
339,2023,9,LEADERSHIP,0.18835874222016316,400876
340,2023,9,CULTURE_VALUES,0.6109372078009339,1300232
341,2023,9,PROFESSIONAL_OPPORTUNITIES,0.37718406321038145,802745
342,2023,10,REMUNERATION_BENEFITS,0.3853436912539616,724413
343,2023,10,DIVERSITY,0.2728965261176841,513022
344,2023,10,WORK_LIFE_BALANCE,0.08613106769777766,161919
345,2023,10,LEADERSHIP,0.20322950943500606,382054
346,2023,10,CULTURE_VALUES,0.6295766721243632,1183550
347,2023,10,PROFESSIONAL_OPPORTUNITIES,0.39268392064743385,738212
348,2023,11,REMUNERATION_BENEFITS,0.3919202655643737,674028
349,2023,11,DIVERSITY,0.2725604994508111,468752
350,2023,11,WORK_LIFE_BALANCE,0.08608107063051769,148043
351,2023,11,LEADERSHIP,0.20681191923056572,355677
352,2023,11,CULTURE_VALUES,0.628676789108558,1081204
353,2023,11,PROFESSIONAL_OPPORTUNITIES,0.3986332203169073,685573
354,2023,12,REMUNERATION_BENEFITS,0.4138254651895036,711690
355,2023,12,DIVERSITY,0.28541391559283935,490850
356,2023,12,WORK_LIFE_BALANCE,0.09496779535557684,163324
357,2023,12,LEADERSHIP,0.2032448279812046,349537
358,2023,12,CULTURE_VALUES,0.6319704288273579,1086852
359,2023,12,PROFESSIONAL_OPPORTUNITIES,0.4053592807929838,697130
360,2024,1,REMUNERATION_BENEFITS,0.5314370547799943,851968
361,2024,1,DIVERSITY,0.3651390396347169,585369
362,2024,1,WORK_LIFE_BALANCE,0.11301321157228938,181176
363,2024,1,LEADERSHIP,0.24081240565390422,386056
364,2024,1,CULTURE_VALUES,0.73691817308532,1181383
365,2024,1,PROFESSIONAL_OPPORTUNITIES,0.4597764387389748,737086
366,2024,2,REMUNERATION_BENEFITS,0.518136740427871,727693
367,2024,2,DIVERSITY,0.3635358384326302,510565
368,2024,2,WORK_LIFE_BALANCE,0.11581681550395104,162658
369,2024,2,LEADERSHIP,0.24254971013398915,340647
370,2024,2,CULTURE_VALUES,0.7400896583838991,1039413
371,2024,2,PROFESSIONAL_OPPORTUNITIES,0.46175278153174,648505
372,2024,3,REMUNERATION_BENEFITS,0.5183947393752707,689324
373,2024,3,DIVERSITY,0.3886952820426433,516859
374,2024,3,WORK_LIFE_BALANCE,0.12016517663762814,159787
375,2024,3,LEADERSHIP,0.24409879313664148,324585
376,2024,3,CULTURE_VALUES,0.740176938441546,984234
377,2024,3,PROFESSIONAL_OPPORTUNITIES,0.47712464504018864,634446
378,2024,4,REMUNERATION_BENEFITS,0.5251980370894521,628661
379,2024,4,DIVERSITY,0.4098452963162846,490584
380,2024,4,WORK_LIFE_BALANCE,0.12187823204382965,145888
381,2024,4,LEADERSHIP,0.25067543972504547,300058
382,2024,4,CULTURE_VALUES,0.7410012380973068,886977
383,2024,4,PROFESSIONAL_OPPORTUNITIES,0.4892054957485309,585578
384,2024,5,REMUNERATION_BENEFITS,0.5263259927391573,556565
385,2024,5,DIVERSITY,0.38792267836017297,410210
386,2024,5,WORK_LIFE_BALANCE,0.12764349810346182,134977
387,2024,5,LEADERSHIP,0.2542997182853517,268910
388,2024,5,CULTURE_VALUES,0.7424140836519448,785068
389,2024,5,PROFESSIONAL_OPPORTUNITIES,0.48435060470772695,512178
390,2024,6,REMUNERATION_BENEFITS,0.4256360822547582,889722
391,2024,6,DIVERSITY,0.31654878285059573,661693
392,2024,6,WORK_LIFE_BALANCE,0.10052407867638441,210129
393,2024,6,LEADERSHIP,0.20395295490914137,426330
394,2024,6,CULTURE_VALUES,0.6332884441967436,1323785
395,2024,6,PROFESSIONAL_OPPORTUNITIES,0.393873709237993,823328
396,2024,7,REMUNERATION_BENEFITS,0.4696455894825511,1300180
397,2024,7,DIVERSITY,0.33257465969857264,920709
398,2024,7,WORK_LIFE_BALANCE,0.1124739382783298,311376
399,2024,7,LEADERSHIP,0.21366493909178783,591516
400,2024,7,CULTURE_VALUES,0.6796842829215713,1881657
401,2024,7,PROFESSIONAL_OPPORTUNITIES,0.4210118522136028,1165541
402,2024,8,REMUNERATION_BENEFITS,0.4594737435048058,1162356
403,2024,8,DIVERSITY,0.32685932036896853,826874
404,2024,8,WORK_LIFE_BALANCE,0.09786560358611802,247576
405,2024,8,LEADERSHIP,0.18800476726007065,475606
406,2024,8,CULTURE_VALUES,0.6597164547555,1668921
407,2024,8,PROFESSIONAL_OPPORTUNITIES,0.3917853705200701,991121
408,2024,9,REMUNERATION_BENEFITS,0.46719265571479685,1219641
409,2024,9,DIVERSITY,0.32611831727428525,851356
410,2024,9,WORK_LIFE_BALANCE,0.10732505571571616,280180
411,2024,9,LEADERSHIP,0.20084663372882744,524325
412,2024,9,CULTURE_VALUES,0.6721694156151099,1754748
413,2024,9,PROFESSIONAL_OPPORTUNITIES,0.4024367821023269,1050591
414,2024,10,REMUNERATION_BENEFITS,0.44778638067154597,1204973
415,2024,10,DIVERSITY,0.3263785533388704,878270
416,2024,10,WORK_LIFE_BALANCE,0.10380924244366777,279346
417,2024,10,LEADERSHIP,0.2121447590167803,570872
418,2024,10,CULTURE_VALUES,0.6673396619415783,1795781
419,2024,10,PROFESSIONAL_OPPORTUNITIES,0.4001939831769762,1076904
420,2024,11,REMUNERATION_BENEFITS,0.4458448622458699,1004019
421,2024,11,DIVERSITY,0.3449335175294978,776772
422,2024,11,WORK_LIFE_BALANCE,0.10664727011781361,240164
423,2024,11,LEADERSHIP,0.19230869998272607,433069
424,2024,11,CULTURE_VALUES,0.6518119653792918,1467846
425,2024,11,PROFESSIONAL_OPPORTUNITIES,0.39072367156065396,879889
426,2024,12,REMUNERATION_BENEFITS,0.4469338173784002,836661
427,2024,12,DIVERSITY,0.3666165954950903,686307
428,2024,12,WORK_LIFE_BALANCE,0.0967632513213127,181141
429,2024,12,LEADERSHIP,0.19360128888751188,362422
430,2024,12,CULTURE_VALUES,0.6536761178673954,1223683
431,2024,12,PROFESSIONAL_OPPORTUNITIES,0.389488365931233,729123
432,2025,1,REMUNERATION_BENEFITS,0.428784351408699,1039697
433,2025,1,DIVERSITY,0.3523848801219092,854447
434,2025,1,WORK_LIFE_BALANCE,0.09569461656950909,232036
435,2025,1,LEADERSHIP,0.18255947508098758,442662
436,2025,1,CULTURE_VALUES,0.6347907314347223,1539212
437,2025,1,PROFESSIONAL_OPPORTUNITIES,0.3698105581801048,896700
438,2025,2,REMUNERATION_BENEFITS,0.44688478316901553,925855
439,2025,2,DIVERSITY,0.327128899632107,677745
440,2025,2,WORK_LIFE_BALANCE,0.09825378729007364,203562
441,2025,2,LEADERSHIP,0.19528013831464264,404581
442,2025,2,CULTURE_VALUES,0.6796594069499053,1408117
443,2025,2,PROFESSIONAL_OPPORTUNITIES,0.40187025955233086,832594
444,2025,3,REMUNERATION_BENEFITS,0.4375252745168202,1014853
445,2025,3,DIVERSITY,0.3255301720607192,755077
446,2025,3,WORK_LIFE_BALANCE,0.10005561471505003,232082
447,2025,3,LEADERSHIP,0.20175639030320797,467980
448,2025,3,CULTURE_VALUES,0.6835708096036697,1585563
449,2025,3,PROFESSIONAL_OPPORTUNITIES,0.40574211154846024,941131
450,2025,4,REMUNERATION_BENEFITS,0.43795071430315086,950851
451,2025,4,DIVERSITY,0.32619176035413705,708207
452,2025,4,WORK_LIFE_BALANCE,0.10335644411200215,224401
453,2025,4,LEADERSHIP,0.19705066976427557,427824
454,2025,4,CULTURE_VALUES,0.6769655714954883,1469785
455,2025,4,PROFESSIONAL_OPPORTUNITIES,0.4043475837775322,877894
456,2025,5,REMUNERATION_BENEFITS,0.4487823807761801,870829
457,2025,5,DIVERSITY,0.3130456920284515,607442
458,2025,5,WORK_LIFE_BALANCE,0.11174298839533174,216829
459,2025,5,LEADERSHIP,0.19464849471198592,377701
460,2025,5,CULTURE_VALUES,0.694137782115886,1346923
461,2025,5,PROFESSIONAL_OPPORTUNITIES,0.40913850876044744,793903
462,2025,6,REMUNERATION_BENEFITS,0.4760705020926879,624694
463,2025,6,DIVERSITY,0.33781516063247036,443277
464,2025,6,WORK_LIFE_BALANCE,0.12440900236856305,163248
465,2025,6,LEADERSHIP,0.213228592244404,279796
466,2025,6,CULTURE_VALUES,0.7092878459489037,930719
467,2025,6,PROFESSIONAL_OPPORTUNITIES,0.42924413270049716,563249
468,2025,7,REMUNERATION_BENEFITS,0.538447619589478,577295
469,2025,7,DIVERSITY,0.40424120946101605,433406
470,2025,7,WORK_LIFE_BALANCE,0.12533169425461246,134374
471,2025,7,LEADERSHIP,0.24233990301703032,259824
472,2025,7,CULTURE_VALUES,0.7947902666332135,852132
473,2025,7,PROFESSIONAL_OPPORTUNITIES,0.5044709354221016,540867
474,2025,8,REMUNERATION_BENEFITS,0.5345170603836809,432288
475,2025,8,DIVERSITY,0.3836400843281875,310267
476,2025,8,WORK_LIFE_BALANCE,0.12458315043678786,100756
477,2025,8,LEADERSHIP,0.21925205101731696,177319
478,2025,8,CULTURE_VALUES,0.7584022157787683,613354
479,2025,8,PROFESSIONAL_OPPORTUNITIES,0.46580566185880595,376718
480,2025,9,REMUNERATION_BENEFITS,0.5295001418778655,531822
481,2025,9,DIVERSITY,0.3892780159002773,390985
482,2025,9,WORK_LIFE_BALANCE,0.12461058259531953,125157
483,2025,9,LEADERSHIP,0.23426972724602618,235297
484,2025,9,CULTURE_VALUES,0.7747586831742808,778156
485,2025,9,PROFESSIONAL_OPPORTUNITIES,0.48220552875640316,484320
486,2025,10,REMUNERATION_BENEFITS,0.5261827508134772,455046
487,2025,10,DIVERSITY,0.3782409002712747,327105
488,2025,10,WORK_LIFE_BALANCE,0.128259979694868,110920
489,2025,10,LEADERSHIP,0.2523756773195376,218256
490,2025,10,CULTURE_VALUES,0.7862792348804241,679979
491,2025,10,PROFESSIONAL_OPPORTUNITIES,0.49813831078877807,430793
