country,period,nouveaute_per_million,influence_per_million,rupture_per_million,total_patents
AT,all,0.3563370549253483,4.382883372149999,0.5742843528040278,55865.455094921184
BE,all,0.6954838205732317,0.7311646664092472,0.6134164852802381,50472.52067003305
CH,all,1.7005648944013472,6.953093458772758,1.5685502914937428,113325.791317626
CZ,all,0.14929261266605837,0.13904943410583828,0.03839487417674524,5401.825650712377
DE,all,0.5382549562356047,6.87617643564547,1.0820699380890415,772381.1494678799
DK,all,1.2847453458354594,1.2392597088892519,1.106013920770118,40904.27462867582
ES,all,0.38068915267179043,0.07325868318716297,0.11671895035873506,41691.03336868462
FI,all,1.8898272322847869,1.2777659329138087,5.21493463789268,44014.49431841301
FR,all,0.4423580223185134,1.5355003660360245,0.8128276025498792,295738.1990814604
GB,all,0.8691102637919308,0.4656286287024554,0.859272004539044,207599.72189115747
GR,all,0.18652279775824226,0.04127321746691174,0.03532860900181297,3126.32200761889
HU,all,0.10179124889618367,0.1488540098028166,0.10260621241690261,5967.455097677912
IE,all,1.301508744940202,0.25891886204942227,0.7630703150152051,10688.978480663774
IT,all,0.5565039370937118,0.2604408870432842,0.18367436535413892,151313.62472144736
LI,all,0.8408208429397115,25.698054707933252,2.0857768380933166,1254.8058913308914
LU,all,0.550468134391606,1.3205028878521,0.4117913196971882,2872.746885964277
NL,all,1.5013293954060574,1.040938443686479,1.6984882824894207,120278.62672654173
NO,all,0.5805940731650866,0.6284141198617877,0.41533602675003256,15453.25810377404
PL,all,0.10872167466590817,0.028553811508584825,0.02469434461307707,10395.028173312272
PT,all,0.17154136139496523,0.04678521311457858,0.06231266066214799,3987.794210401381
RO,all,0.05228398255624693,0.018109612820718452,0.014860902054396196,1519.5088251752265
SE,all,1.6310390014361442,1.8987645622104006,2.9129423395676977,92736.01129206647
SI,all,0.3260487259236456,0.2834309148191768,0.08242164287396023,3164.074386724387
SK,all,0.09147767722018157,0.07257308327246118,0.018155683567553413,1299.2153461304777
AT,1985-1989,0.07910660266282783,1.719467905204377,0.0,2919.502086802087
BE,1985-1989,0.2884907194350129,0.25446249304603835,0.35720235140585394,2307.248088023088
CH,1985-1989,0.5800398592325656,4.822471422041401,0.23334784181553198,7830.11075036075
DE,1985-1989,0.08749121647553848,3.0835316372769963,0.06731563120512579,51086.53579059829
DK,1985-1989,0.6246649118364285,1.027480802827559,0.3121194089207652,1219.3993506493507
ES,1985-1989,0.05160717538626687,0.015533287444798084,0.020619976896506027,758.5458513708513
FI,1985-1989,0.39175092506535486,0.9310973139901989,0.2431533471096663,1151.4484126984125
FR,1985-1989,0.15568571457699057,0.5284438101032097,0.18354463719145958,19928.66208791209
GB,1985-1989,0.753289935382352,0.33252757906257624,0.773739294273913,17206.003251792066
GR,1985-1989,0.0,0.003999762014160158,0.019822591768193024,68.64761904761905
HU,1985-1989,0.018781612388276404,0.1321177232663276,0.0,528.2016106442577
IE,1985-1989,0.5110514732777075,0.056738409548620417,0.2463001144888386,232.36666666666667
IT,1985-1989,0.22780313969389204,0.09537221592543213,0.23575731449131387,8340.48073038073
LI,1985-1989,7.062895080693576,28.58840130762445,0.0,96.03571428571429
LU,1985-1989,0.0,1.6179484808962197,0.0,130.3357142857143
NL,1985-1989,1.0295061777192414,0.23271513646413347,1.9549772838888047,6578.551911976912
NO,1985-1989,0.358049425494756,0.39822287103437426,0.1910681365241872,629.3801587301588
PL,1985-1989,0.0052684916879928625,0.015954103579171392,0.010536983375985725,115.30952380952381
PT,1985-1989,0.019990004997501247,0.00399217135197877,0.0,38.583333333333336
RO,1985-1989,0.0,0.0,0.0,3.0
SE,1985-1989,1.0798178638776286,2.307856778387511,0.753504346159092,4538.357142857143
SI,1985-1989,0.0,0.0,0.0,2.0
AT,1990-1994,0.16715971012905015,1.841238891371254,0.051347375982682894,3244.0039155289155
BE,1990-1994,0.342983013821098,0.5763282207490016,0.4095958711714017,3238.4947802197803
CH,1990-1994,0.9386883168152274,4.534637121064424,0.5711468897505564,8651.16321178821
CZ,1990-1994,0.03874284800437931,0.05810420399630756,0.0,43.977777777777774
DE,1990-1994,0.18126616988074729,3.206050349990472,0.15677210678642334,57938.49140402082
DK,1990-1994,0.49578185492671817,0.929826570925101,0.33908629264127177,1843.7183621933623
ES,1990-1994,0.10976759298380885,0.005145710836470802,0.08039931030124811,1502.4649531024531
FI,1990-1994,1.0554079585572844,1.7308762541871907,2.924457984590858,2360.5238095238096
FR,1990-1994,0.21003255560415796,0.6451506837464238,0.4618272100586031,24405.037549073735
GB,1990-1994,0.6842132873545281,0.6508907501705169,0.6325004142300095,17799.514035964035
GR,1990-1994,0.06437705319294804,0.07723339462026017,0.01116688688238395,127.97142857142858
HU,1990-1994,0.032162295396107675,0.07715633558255469,0.0,312.159126984127
IE,1990-1994,0.5352512484747348,0.11240912424861527,0.33765894424036896,343.3698412698413
IT,1990-1994,0.2937870142943146,0.18607308686166527,0.2337773514074263,11526.30153447344
LI,1990-1994,0.0,19.810004312007106,0.0,113.86666666666667
LU,1990-1994,0.0,0.24382011866834885,0.0,152.73968253968255
NL,1990-1994,1.2333824769914927,0.46553040822548486,1.6157349542317907,7580.846789321789
NO,1990-1994,0.35636298014490453,0.6164637788969737,0.17059603753620373,843.6461233211232
PL,1990-1994,0.0,0.010495717458644643,0.0,83.0
PT,1990-1994,0.030064697136555844,0.06016771234680808,0.010047732759246076,54.27619047619048
RO,1990-1994,0.0,0.0,0.0,15.433333333333334
SE,1990-1994,1.1624482191733134,2.3718821959176855,1.886294319870652,4996.781396381397
SI,1990-1994,0.050265325520761336,0.20106130208304535,0.10053065104152267,48.91666666666667
SK,1990-1994,0.0,0.0,0.0,10.916666666666668
AT,1995-1999,0.08159035674748824,3.0491359119968773,0.11056695183977072,4128.17095959596
BE,1995-1999,0.4384984876466246,0.5489640799638553,0.45782901889075767,5031.251327121451
CH,1995-1999,1.2861392234639244,7.257826100397243,1.2033961882543156,10431.772422168475
CZ,1995-1999,0.009694392986067897,0.00582290733687295,0.004857022375233538,182.5310606060606
DE,1995-1999,0.35859496493054765,6.810296889136336,0.41415096355281056,79631.22436470908
DK,1995-1999,0.866164024354336,0.6521210961109629,0.8409304082293863,3147.5144008769007
ES,1995-1999,0.12176695702907889,0.022956503770093246,0.051465394302069215,2544.4119491619495
FI,1995-1999,2.815351026739044,0.9124856034489603,8.451183648914272,4556.468064182195
FR,1995-1999,0.36272782105215423,0.6771457724375732,0.4540900619992456,29134.970669032547
GB,1995-1999,0.7151130257125938,0.3072304041237334,0.8315330156278607,21704.02963254324
GR,1995-1999,0.10651390191770316,0.006218610204670942,0.018655830614012825,211.2095238095238
HU,1995-1999,0.019435428025459632,0.03901666519050053,0.01452226820402625,303.3380189255189
IE,1995-1999,0.8106497752903398,0.13761914524778238,0.9142794985234527,631.7129287379288
IT,1995-1999,0.3348711436360703,0.10916503616571933,0.09212114006759704,14693.1812533227
LI,1995-1999,0.0,15.960082178993337,6.315523556902867,144.59761904761905
LU,1995-1999,0.9355237046355818,1.0269787737398512,1.4247583343171517,231.33968253968254
NL,1995-1999,1.041453573123981,0.7426256718902422,1.2532906630172096,10591.806758446231
NO,1995-1999,0.6042367360145542,0.31816677082389216,0.520786980591829,1358.3038544788544
PL,1995-1999,0.0038810173233089244,0.0017248965881373,0.0,121.61626984126984
PT,1995-1999,0.019947784678824708,0.0,0.0,112.38452380952381
RO,1995-1999,0.0,0.008842122314492716,0.0,31.91904761904762
SE,1995-1999,1.493329883457978,1.1982906152583468,3.3129636636641857,8893.439916725787
SI,1995-1999,0.0,0.30248922952602175,0.0,118.58809523809524
SK,1995-1999,0.0,0.03710219949259032,0.0,46.4219298245614
AT,2000-2004,0.27132192264622795,4.869567600856579,0.20303332504565832,6254.15610410831
BE,2000-2004,0.7538194248375912,0.6634272879364076,0.879671729930228,6604.267449006224
CH,2000-2004,2.127493844798528,7.749089880426998,1.5117336713117693,13857.231238647211
CZ,2000-2004,0.05861854119371741,0.13697962224426463,0.003268902929698679,417.9047581073897
DE,2000-2004,0.7775213430383048,9.514523200243852,0.9017540784160456,111499.245121145
DK,2000-2004,2.1368666895957955,0.7504004368661472,2.0283144268168125,4918.7704489954485
ES,2000-2004,0.2510464998233929,0.07418398880378313,0.12895097739583708,4454.101786066037
FI,2000-2004,3.2942812165139217,0.7633200549627491,11.601118924754859,6922.0821890098205
FR,2000-2004,0.5210783886818975,1.2096749115852004,0.7408864998018719,37707.02111364193
GB,2000-2004,1.2702981302419736,0.3231118039912941,1.2947341409110575,28932.663211413575
GR,2000-2004,0.1616813286088122,0.027540726014253676,0.01825626890607798,359.8194032158318
HU,2000-2004,0.023069269170077407,0.026182769069126977,0.18391804765007563,598.1204787804788
IE,2000-2004,1.7105455758069799,0.256030245973744,1.3366190307262986,1155.5925360587125
IT,2000-2004,0.42024204574289403,0.20678479792803078,0.1878778401339965,21013.866636934494
LI,2000-2004,0.0,2.4732395480896696,0.0,127.68571428571428
LU,2000-2004,0.9885787075715091,1.8126057573817658,0.4584001833600733,411.30950993450995
NL,2000-2004,2.0674372635788574,1.2385205769283254,1.7686354352759792,17652.88840708655
NO,2000-2004,0.7798347621878591,0.4857380288602802,0.5751959213077036,1895.0085801625276
PL,2000-2004,0.024433426492732783,0.014389162780431166,0.011341390917630048,355.8571428571429
PT,2000-2004,0.0,0.02863824836393931,0.019122614298495023,230.80892857142857
RO,2000-2004,0.006180185343140423,0.0023308123888085954,0.011124333617652762,55.49880952380953
SE,2000-2004,2.248654047554376,1.321137637313967,3.7107692521397895,11291.075326466906
SI,2000-2004,0.5009369268420802,0.3005130532305628,0.20054820590958206,310.48982683982683
SK,2000-2004,0.0,0.037217451299359536,0.0,100.92698412698414
AT,2005-2009,0.4833172989145522,7.41944649644517,0.8053837464944612,8262.96248277866
BE,2005-2009,0.6994488330551999,0.6851123792354432,0.3132748606578863,7732.169588343597
CH,2005-2009,2.4539760357167215,9.396626739436135,2.2137740928752003,16236.426398427568
CZ,2005-2009,0.22223473942921865,0.14152245854564244,0.05611696040415385,792.5707375957376
DE,2005-2009,0.8430986104899925,10.837280050515806,1.6271373022637867,120674.94606579519
DK,2005-2009,1.9124246848323083,1.2584126532864883,1.5305406235370849,6381.32807332846
ES,2005-2009,0.4346276735871992,0.1665148168689016,0.19429101625198056,6953.163055223929
FI,2005-2009,2.501482818535862,0.4984233771632193,8.891186457537863,6923.070359782976
FR,2005-2009,0.6182551437126487,1.933835680238987,1.2878767704596663,43078.34717913516
GB,2005-2009,0.9715567799883857,0.3399542230651527,0.8792323557532324,28815.265983098878
GR,2005-2009,0.2621146517362546,0.054304332654084075,0.06053327567013742,479.8199023199023
HU,2005-2009,0.013282609703397999,0.12130179987866423,0.1656578098507593,847.958011988012
IE,2005-2009,0.9815697031792064,0.301816259858121,0.785618618128411,1580.7366827616827
IT,2005-2009,0.8847484348327803,0.26100723137861,0.19256534725678434,24036.72151161532
LI,2005-2009,0.0,18.764488955518992,0.0,154.29365079365078
LU,2005-2009,1.342184911739208,1.2549006615548581,0.49772964651534196,472.1409451659452
NL,2005-2009,1.9576708051350835,0.9110971343684302,1.0963413126576553,18218.60366224333
NO,2005-2009,0.6364571219097203,0.5795647724721386,0.7538028075280143,2404.36463340581
PL,2005-2009,0.04700158267853637,0.02464254450043781,0.027534579120056874,917.3762265512266
PT,2005-2009,0.14213918235053696,0.07592720737758249,0.06011447008806299,550.887006049506
RO,2005-2009,0.019557677568474964,0.023907695602277946,0.008796881609059217,147.58650793650793
SE,2005-2009,2.0763017045074745,0.9269647617738459,4.965216428234545,13780.044867851448
SI,2005-2009,0.395744332037667,0.1690195078985562,0.0,589.7104895104894
SK,2005-2009,0.0836869464772727,0.10016314298673112,0.018565254828544302,170.7976911976912
AT,2010-2014,0.4222256505509237,6.589869639700341,2.55367993266701,9515.603659809005
BE,2010-2014,1.0650059726444259,1.3774750079353808,0.9437113379822886,7943.25802260925
CH,2010-2014,1.8630487319660631,8.02219344927261,3.6226186503403524,17124.932189976185
CZ,2010-2014,0.22265948203715552,0.2959986170770491,0.07160039471010742,1151.4415792540792
DE,2010-2014,0.7532610423393313,8.831006516109849,3.495658281122129,117426.18310220809
DK,2010-2014,1.4262163538494934,1.32589592462855,1.4493261414934355,7095.060873619223
ES,2010-2014,0.6154308429486648,0.09254608836422658,0.17877326715767577,7976.174587349605
FI,2010-2014,2.978164240663901,1.980904250081077,3.9414536534735647,7758.222786426917
FR,2010-2014,0.6258766001411854,3.1282619061263177,1.9707343932116252,45360.2241554855
GB,2010-2014,0.872813078314936,0.612365095992289,0.7314048271362636,29185.8989136777
GR,2010-2014,0.25477169107150177,0.018239503097569214,0.06538897443250843,490.73805228850597
HU,2010-2014,0.3144059461491484,0.3311578920990107,0.15101287001836156,1038.3685862383231
IE,2010-2014,1.6912138405841972,0.6651392248709074,0.47333156476829663,1933.9941763302058
IT,2010-2014,0.6915003564852436,0.42175583856212046,0.22732845796949333,22161.183350711424
LI,2010-2014,0.0,64.02368737226091,9.119225044987676,222.32896825396824
LU,2010-2014,0.9763206799829106,1.2577135070115844,0.2112695272003874,369.10050505050503
NL,2010-2014,1.3997303244057953,1.5710140244050144,1.644906015046498,17206.37499431723
NO,2010-2014,0.6383186547053371,0.6525778290875746,0.6103962884398865,2792.575790875791
PL,2010-2014,0.2111855646902673,0.05784930745279475,0.0328659031418834,2184.4883413999796
PT,2010-2014,0.1663196103359123,0.06368953001230171,0.08978889716040081,576.1627344877345
RO,2010-2014,0.05787392943541071,0.0401585507867123,0.026322263650758133,294.22694307608106
SE,2010-2014,1.7512449048367102,2.218046631507004,3.266220744168791,15290.89844329647
SI,2010-2014,0.1947180520967851,0.2753289358487179,0.1296324132267304,626.0994588744588
SK,2010-2014,0.15313066049144614,0.11024472750195972,0.07947543643624413,230.40212703962703
AT,2015-2019,0.651015710178398,6.442080310087706,0.5256928787202225,10909.32580746903
BE,2015-2019,1.2002305933858626,1.2236759734266578,1.0968234271529065,8827.78209419876
CH,2015-2019,2.4764175137261795,7.9304070006909395,2.1787748025843796,19024.274735492738
CZ,2015-2019,0.24240046725749073,0.195868795434893,0.09452596464127795,1399.046472971473
DE,2015-2019,0.6922334340981431,7.523434122681192,1.295793717781651,116843.53254739061
DK,2015-2019,1.574425511559934,2.9134539381333795,1.6255163797068815,7894.403085158043
ES,2015-2019,0.8130589321701658,0.1521785146770608,0.20922029034932269,8923.056802908875
FI,2015-2019,1.6326995249643328,2.5559851135520177,2.5379623040247505,7387.1470647304595
FR,2015-2019,0.6332869422342953,3.087192940470127,0.8293666736905363,47953.37777500948
GB,2015-2019,0.9217642341418044,0.8393518060512836,0.9003284853207552,31654.574736451745
GR,2015-2019,0.2800339529499319,0.11788548065014866,0.06760787834010236,620.9051892551893
HU,2015-2019,0.1801480077436548,0.33712898408356784,0.22546496238473787,1114.397231934732
IE,2015-2019,2.9866767147784783,0.38624716941793447,1.552912560236851,2315.809334669589
IT,2015-2019,0.8133027010551264,0.6471043572987252,0.12730472091854564,23981.275551705523
LI,2015-2019,0.0,25.420540459379133,0.0,221.765873015873
LU,2015-2019,0.08590858639139264,2.0107410355322806,0.4550980743662385,481.2628371628372
NL,2015-2019,1.5320148742290605,2.455790085841128,2.7694106067262325,20521.57354834745
NO,2015-2019,0.7138117373109056,1.405888784373749,0.2516404260224164,2790.488981042402
PL,2015-2019,0.30744893699226183,0.08077377954160325,0.08962039948875296,3109.087524643537
PT,2015-2019,0.4708892857628556,0.11379570759527118,0.2820399745936902,1110.3447346191654
RO,2015-2019,0.13057464342044373,0.04790618608859391,0.054810655092424033,587.4678453189323
SE,2015-2019,1.9018357281184113,3.1546122396131304,3.396820924061694,17182.7580363955
SI,2015-2019,0.6433041052338424,0.5655458262558275,0.09678724421551035,696.1494227994228
SK,2015-2019,0.18333793733927953,0.10716712839064964,0.0,346.207104007104
AT,2020-2024,0.8308819234435172,0.0,0.0,9838.17591216255
BE,2020-2024,1.0028539053729024,0.0,0.0,8115.799320510902
CH,2020-2024,2.310119536829305,0.0,0.0,17500.429973939474
CZ,2020-2024,0.25069781775437905,0.0,0.0,1414.353264399859
DE,2020-2024,0.8175998252896012,0.0,0.0,102198.12619106051
DK,2020-2024,1.5010967590913302,0.0,0.0,8055.787176712176
ES,2020-2024,0.8004832085144621,0.0,0.0,8408.414383500916
FI,2020-2024,1.205411040152509,0.0,0.0,6733.564965391752
FR,2020-2024,0.5532710003303923,0.0,0.0,42151.306171217606
GB,2020-2024,0.7789270555051899,0.0,0.0,26892.345935740053
GR,2020-2024,0.4372989216920832,0.0,0.0,747.2108891108892
HU,2020-2024,0.23505130837470176,0.0,0.0,980.6953655157963
IE,2020-2024,1.6207875848687796,0.0,0.0,2444.396314169147
IT,2020-2024,0.9049679475582121,0.0,0.0,23621.30026341484
LI,2020-2024,0.0,0.0,0.0,148.89835164835165
LU,2020-2024,0.29541573856888803,0.0,0.0,546.9346759520672
NL,2020-2024,1.9956823235280523,0.0,0.0,19970.616369087955
NO,2020-2024,0.7899187968186906,0.0,0.0,2595.9899817573732
PL,2020-2024,0.3140430473285286,0.0,0.0,3456.7931442095914
PT,2020-2024,0.5915968704555213,0.0,0.0,1310.346759054499
RO,2020-2024,0.19362862817125626,0.0,0.0,381.37633836751485
SE,2020-2024,1.6991428547943712,0.0,0.0,15096.426400187062
SI,2020-2024,0.627791830103841,0.0,0.0,772.1204267954267
SK,2020-2024,0.1653015899011637,0.0,0.0,393.5428432678433
