year,sector,nouveaute_count,influence_count,rupture_count,total_patents,nouveaute_share,influence_share,rupture_share
1983,A,96.33333333333331,28.558333333333334,14.733333333333334,4825.912268560772,0.5322283609576427,0.04666394335511983,0.06350574712643678
1983,B,18.233333333333334,203.9007326007326,35.282900432900426,8309.767195503971,0.10073664825046043,0.33317113170054347,0.1520814673831915
1983,C,3.166666666666666,41.71117216117216,1.4166666666666665,7511.583697211306,0.017495395948434623,0.06815551006727477,0.006106321839080459
1983,D,1.3333333333333333,30.15,4.5,1050.6766870384517,0.007366482504604053,0.04926470588235294,0.01939655172413793
1983,E,3.6666666666666665,28.95238095238095,5.0,1849.0364729668268,0.020257826887661146,0.04730781201369436,0.021551724137931036
1983,F,8.1,109.16309523809524,10.157575757575758,3910.18127661277,0.04475138121546962,0.1783710706504824,0.04378265412748172
1983,G,37.5,86.91428571428571,90.40952380952382,4760.171363057232,0.20718232044198898,0.14201680672268907,0.389696223316913
1983,H,12.666666666666666,82.65,70.5,4741.6710390486705,0.06998158379373849,0.13504901960784316,0.30387931034482757
1984,A,90.32813852813852,42.58095238095238,33.0,5634.443576677842,0.4201308768750629,0.05192799070847851,0.1506849315068493
1984,B,4.549242424242424,222.34639804639806,8.553846153846154,10133.063510160977,0.021159267089499646,0.27115414395902204,0.03905865823674043
1984,C,15.241666666666667,51.91556776556776,8.733333333333334,8797.051064519024,0.07089147286821705,0.06331166800678995,0.039878234398782346
1984,D,2.833333333333333,15.6,0.0,1215.3990214377984,0.013178294573643409,0.01902439024390244,0.0
1984,E,3.0,60.542857142857144,5.0,2421.9201293116926,0.013953488372093023,0.07383275261324042,0.0228310502283105
1984,F,2.5,148.98892496392494,0.6666666666666666,4918.368093087313,0.011627906976744186,0.1816938109316158,0.0030441400304414
1984,G,71.43333333333334,117.87692307692308,93.74615384615385,5793.4304287216055,0.3322480620155039,0.14375234521575986,0.42806462943449247
1984,H,25.114285714285714,160.1483766233766,69.3,5837.324176083746,0.11681063122923588,0.195302898321191,0.31643835616438354
1985,A,111.21103896103895,54.72575757575758,40.08333333333333,6259.66248052709,0.5451521517697988,0.0710724124360488,0.20555555555555552
1985,B,11.257142857142856,211.53733766233768,7.666666666666666,10404.458917556343,0.05518207282913165,0.2747238151458931,0.039316239316239315
1985,C,10.575757575757574,65.13095238095238,2.833333333333333,9073.294639689282,0.05184194890077242,0.0845856524427953,0.014529914529914529
1985,D,0.0,27.666666666666664,0.0,1101.2102790610377,0.0,0.035930735930735924,0.0
1985,E,2.75,31.57142857142857,0.0,2413.965414994362,0.013480392156862746,0.04100185528756957,0.0
1985,F,5.3,109.95238095238095,0.0,4999.59440780307,0.025980392156862743,0.14279529993815707,0.0
1985,G,44.46161616161616,127.42261904761905,91.3,5875.444009421951,0.21794909883145178,0.1654839208410637,0.4682051282051282
1985,H,18.444444444444443,141.99285714285713,53.116666666666674,5534.369850946865,0.09041394335511982,0.18440630797773655,0.2723931623931624
1986,A,143.69444444444446,49.71666666666667,27.083333333333332,6826.936944515456,0.5913351623228167,0.06541666666666666,0.1736111111111111
1986,B,17.633333333333333,235.106105006105,7.75,11719.245235986296,0.07256515775034293,0.3093501381659276,0.049679487179487176
1986,C,9.972222222222221,39.92857142857143,2.6,9259.19237261176,0.04103795153177869,0.05253759398496241,0.016666666666666666
1986,D,1.2000000000000002,16.0,2.0,1286.237707579658,0.004938271604938272,0.021052631578947368,0.01282051282051282
1986,E,0.0,34.411904761904765,0.0,2509.077057773381,0.0,0.04527882205513785,0.0
1986,F,1.0,121.31452991452991,2.25,5566.269305516104,0.00411522633744856,0.15962438146648672,0.014423076923076924
1986,G,61.33333333333333,122.85555555555554,70.89999999999999,6588.632549511032,0.252400548696845,0.1616520467836257,0.4544871794871794
1986,H,8.166666666666666,140.66666666666669,43.41666666666667,6333.408826506311,0.0336076817558299,0.18508771929824563,0.2783119658119658
1987,A,115.70714285714286,59.38333333333334,13.733333333333334,7615.156672906241,0.492370820668693,0.06865125240847784,0.07042735042735043
1987,B,10.44047619047619,271.43293650793646,22.935064935064933,12503.059512002677,0.04442755825734549,0.3137953023213138,0.11761571761571761
1987,C,7.733333333333334,59.381623931623935,6.9,10223.747175349014,0.03290780141843972,0.06864927622153057,0.03538461538461539
1987,D,3.0,17.589285714285715,4.0,1379.2631980405738,0.01276595744680851,0.020334434351775392,0.020512820512820513
1987,E,4.0,30.375,6.0,2416.6135442747427,0.01702127659574468,0.03511560693641619,0.03076923076923077
1987,F,2.2142857142857144,174.5794871794872,3.8666666666666667,5650.434130398529,0.009422492401215806,0.20182599673929155,0.01982905982905983
1987,G,82.1047619047619,115.625,75.21190476190475,7075.625370624435,0.3493819655521783,0.13367052023121387,0.38570207570207565
1987,H,9.8,136.63333333333335,62.35303030303031,6462.100396403787,0.04170212765957447,0.15795761078998075,0.3197591297591298
1988,A,124.03712121212119,44.36666666666666,12.540476190476191,8108.068380234037,0.4593967452300785,0.050131826741996226,0.04804780149607736
1988,B,14.214285714285714,263.19542124542124,32.458241758241755,13832.222130851133,0.05264550264550264,0.29739595620951553,0.12436107953349332
1988,C,15.897727272727273,64.49848484848485,2.25,11067.127419513068,0.05888047138047138,0.07287964389659304,0.008620689655172414
1988,D,0.4,19.4,4.483333333333333,1723.9486604039234,0.0014814814814814816,0.021920903954802257,0.017177522349936143
1988,E,2.0,50.733333333333334,10.5,2808.6008907758905,0.007407407407407408,0.057325800376647834,0.040229885057471264
1988,F,0.65,155.4712454212454,19.983333333333334,6096.4554391245765,0.0024074074074074076,0.17567372363982534,0.07656449553001278
1988,G,82.2008658008658,135.9287878787879,95.86190476190475,7558.436990996658,0.30444765111431776,0.15359185071049478,0.36728699142492244
1988,H,30.6,151.4060606060606,82.92271062271061,6981.140088100713,0.11333333333333334,0.171080294470125,0.3177115349529142
1989,A,106.91785714285714,64.30238095238096,16.03333333333333,8828.927783094614,0.4209364454443195,0.06981800320562537,0.042416225749559076
1989,B,23.32857142857143,283.62857142857143,38.71944444444445,14301.989121987463,0.09184476940382454,0.30795718939041417,0.1024323927101705
1989,C,8.032142857142857,44.00742296918767,10.622222222222222,11585.282603001218,0.031622609673790776,0.047782218207587046,0.028101116990005878
1989,D,5.5,27.11904761904762,1.0,1899.8605530434477,0.021653543307086617,0.02944521999896593,0.0026455026455026454
1989,E,3.0,49.86666666666666,14.225,2906.2165592104834,0.011811023622047246,0.054144046326456745,0.03763227513227513
1989,F,1.0,192.14971988795517,31.533333333333335,6463.685527361086,0.003937007874015749,0.20863161768507618,0.08342151675485009
1989,G,80.78809523809522,125.47857142857143,153.36028708133972,8250.31878630143,0.3180633670791151,0.13624166278889405,0.4057150451887294
1989,H,25.433333333333334,134.44761904761904,112.50637958532697,7952.719066000257,0.10013123359580053,0.1459800423969805,0.29763592482890733
1990,A,131.19957264957264,56.27380952380952,23.02777777777778,9342.065007168523,0.49885769068278574,0.05672763056835637,0.07042133876996262
1990,B,16.683333333333334,318.24348151848153,43.97207792207793,15047.92625400346,0.06343472750316857,0.3208099612081467,0.1344711863060487
1990,C,5.916666666666666,69.56969141969142,12.07857142857143,12202.81222732102,0.022496831432192648,0.07013073731823732,0.036937527304499784
1990,D,1.4,36.964502164502164,6.0,1964.8011872574436,0.00532319391634981,0.037262602988409436,0.01834862385321101
1990,E,1.0,50.13333333333333,9.166666666666666,3198.797469996464,0.0038022813688212928,0.05053763440860215,0.02803261977573904
1990,F,1.2222222222222223,167.99871378621378,26.4010101010101,6718.111521514546,0.004647232784114914,0.1693535421231994,0.08073703394804312
1990,G,76.82820512820513,131.67757936507937,97.93484848484849,8436.160072812501,0.29212245295895484,0.13273949532770096,0.2994949494949495
1990,H,28.75,161.13888888888889,108.41904761904762,8516.326259926042,0.10931558935361217,0.16243839605734767,0.33155672054754626
1991,A,106.68535353535353,41.00800865800866,22.2020202020202,8050.299044459079,0.374334573808258,0.05467734487734489,0.0676890859817689
1991,B,9.353535353535353,222.1613423126581,19.103535353535353,12973.699224390793,0.0328194222931065,0.29621512308354414,0.05824248583394925
1991,C,16.65,56.42289012157434,4.166666666666666,10213.898960939901,0.05842105263157894,0.07523052016209912,0.012703252032520323
1991,D,1.0,26.31838161838162,8.0,1633.5555351572204,0.0035087719298245615,0.03509117549117549,0.024390243902439025
1991,E,1.0,29.0,7.5,2583.655649175386,0.0035087719298245615,0.03866666666666667,0.022865853658536585
1991,F,1.2000000000000002,123.83333333333331,11.2,5763.865428758955,0.0042105263157894745,0.1651111111111111,0.03414634146341463
1991,G,92.71688034188034,123.35595238095237,92.50286935286934,7618.656098002008,0.3253223871644924,0.16447460317460316,0.2820209431489919
1991,H,56.394230769230774,127.90009157509158,163.32490842490841,7329.370059116657,0.19787449392712553,0.17053345543345544,0.4979417939783793
1992,A,124.68809523809524,48.45,19.857142857142854,8611.813302182507,0.3970958447073097,0.06814345991561181,0.0659705742762221
1992,B,4.652777777777778,188.66974922441025,5.944444444444445,13386.464907306587,0.014817763623496107,0.26535829708074576,0.019748984865263934
1992,C,14.025,49.26358184299361,4.0,10429.69880176437,0.044665605095541405,0.06928773817579974,0.013289036544850499
1992,D,2.5,47.94523809523809,0.0,1593.2738166115403,0.007961783439490446,0.06743352756010983,0.0
1992,E,4.0,40.7517316017316,0.6666666666666666,2428.518719376636,0.012738853503184714,0.05731607820215415,0.0022148394241417496
1992,F,3.0,142.4176217379607,2.0,6076.569805593236,0.009554140127388535,0.20030607839375625,0.006644518272425249
1992,G,85.87568542568542,89.37789449112978,62.61753246753247,7315.060610572554,0.2734894440308453,0.1257073058946973,0.2080316693273504
1992,H,75.25844155844156,104.12418300653594,205.91421356421355,7955.600036592567,0.23967656547274382,0.1464475147771251,0.684100377289746
1993,A,127.58333333333331,39.18809523809524,66.16666666666666,8751.156844997362,0.421067106710671,0.03970425049452405,0.17230902777777776
1993,B,18.378787878787875,276.1232117882118,11.083333333333334,13253.143204681952,0.060656065606560644,0.2797600929971751,0.028862847222222224
1993,C,6.0,80.39004329004328,2.3333333333333335,10258.173749288966,0.019801980198019802,0.0814488787133164,0.006076388888888889
1993,D,0.0,17.314285714285713,0.0,1497.8425665220552,0.0,0.01754233608336952,0.0
1993,E,2.0,42.37142857142857,1.3,2777.238254064701,0.006600660066006601,0.04292951223042408,0.0033854166666666668
1993,F,1.3333333333333333,187.38674492174493,4.2,5708.423254072104,0.0044004400440044,0.1898548580767426,0.010937500000000001
1993,G,103.24364801864803,136.40569985569985,86.36111111111111,7651.454700719173,0.3407381122727658,0.1382023301476189,0.22489872685185186
1993,H,44.46089743589744,207.8204906204906,212.55555555555554,7933.567425653685,0.14673563510197174,0.21055774125682938,0.5535300925925926
1994,A,121.33412698412698,65.54141414141414,58.879487179487185,9524.118285336555,0.3978168097840229,0.05654996906075422,0.1653918179199078
1994,B,21.504761904761907,348.7852554334584,1.9166666666666665,13876.175991089207,0.07050741608118657,0.30093637224629716,0.005383895131086142
1994,C,6.333333333333333,86.04527278277278,5.666666666666666,9868.062916093399,0.02076502732240437,0.07424096012318618,0.01591760299625468
1994,D,3.0,29.038249031670084,0.0,1642.8979946372292,0.009836065573770493,0.025054572072191618,0.0
1994,E,1.2,85.12987012987011,0.0,3022.781555075957,0.003934426229508197,0.0734511390249095,0.0
1994,F,4.2444444444444445,189.07712823550418,0.4666666666666667,6278.410307720624,0.013916211293260474,0.16313816068637116,0.0013108614232209739
1994,G,85.0458374958375,160.46626984126982,69.29878863826232,7346.3607347183815,0.2788388114617623,0.13845234671377896,0.19465951864680428
1994,H,62.33749583749583,194.9165404040404,219.77172418225052,8101.192215328647,0.2043852322540847,0.16817648007251113,0.6173363038827262
1995,A,100.55952380952381,65.2,42.92619047619047,10602.61536826628,0.3467569786535304,0.05313773431132845,0.1273774198106542
1995,B,18.25,366.58579637596665,4.666666666666666,14787.600800235994,0.06293103448275862,0.29876593021676173,0.013847675568743816
1995,C,5.583333333333333,92.23693301882156,18.607142857142858,10551.964803953197,0.01925287356321839,0.07517272454671683,0.055214073760067824
1995,D,0.0,24.416666666666664,0.0,1661.323966824419,0.0,0.019899483835914153,0.0
1995,E,6.0,62.1,0.0,3072.9654549698666,0.020689655172413793,0.05061124694376528,0.0
1995,F,3.1904761904761907,214.38823529411764,0.3333333333333333,6650.699540428892,0.011001642036124795,0.1747255381370152,0.0009891196834817012
1995,G,106.55086580086581,121.21800144300144,86.10429874784714,8169.727230013523,0.3674167786236752,0.09879217721516009,0.2555023701716532
1995,H,49.865800865800864,280.85436720142604,184.36236791881953,9353.102835307829,0.17195103746827883,0.22889516479333827,0.5470693410053992
1996,A,122.85805028305028,46.0,11.537878787878789,10977.029622412094,0.3624131276786144,0.033773861967694566,0.028348596530414716
1996,B,12.0,406.3649802102491,4.875,15846.839772030366,0.035398230088495575,0.2983590163070845,0.011977886977886978
1996,C,3.958333333333333,44.199666999666995,4.875,11271.702879385133,0.011676499508357915,0.0324520315709743,0.011977886977886978
1996,D,2.0,26.5,0.0,1809.0883360318733,0.0058997050147492625,0.019456681350954477,0.0
1996,E,2.333333333333333,66.83205128205128,0.0,3100.83892196617,0.006882989183874139,0.049069053804736626,0.0
1996,F,5.333333333333333,271.7725607306328,0.0,7285.328693437266,0.01573254670599803,0.19953932505920174,0.0
1996,G,113.1072372072372,187.79037906537906,115.79757513018383,8510.49936862827,0.33364966727798584,0.13787839872641633,0.2845149266097883
1996,H,77.40971250971249,312.54036171202074,269.9145460819374,10562.672406108826,0.22834723454192477,0.2294716312129374,0.663180702904023
1997,A,143.12540792540793,84.49761904761904,11.840151515151515,13197.012222554255,0.3899874875351715,0.05341189573174402,0.02421298878354093
1997,B,3.3333333333333335,383.4566669570539,0.0,17825.157018414066,0.009082652134423252,0.24238727367702523,0.0
1997,C,6.848484848484848,46.35670995670995,11.12070707070707,12022.080027295078,0.01866072165799686,0.029302597949879865,0.022741732250934704
1997,D,0.0,28.5,0.0,2031.9679607281003,0.0,0.01801517067003793,0.0
1997,E,2.0,115.303841991342,0.0,3960.0040456999877,0.005449591280653951,0.07288485587316182,0.0
1997,F,3.533333333333333,327.67747806459107,0.0,8768.62196656805,0.009627611262488647,0.2071286207740778,0.0
1997,G,119.49528804528805,227.34318181818182,137.5510545010545,10349.345546329749,0.32560023990541703,0.14370618319733364,0.28129050000215644
1997,H,88.6641525141525,368.86450216450214,328.48808691308693,12630.811212410716,0.2415916962238488,0.23316340212673967,0.671754778963368
1998,A,191.190156220591,55.05079365079364,20.360935441370223,14679.229949866578,0.3793455480567282,0.03131444462502483,0.038057823254897614
1998,B,15.382683982683982,463.063755906403,0.2857142857142857,20226.10381439369,0.030521198378341236,0.2634037291845296,0.000534045393858478
1998,C,10.600000000000001,58.22029256146904,2.3333333333333335,12682.459685659913,0.021031746031746033,0.03311734502927704,0.004361370716510903
1998,D,1.5,22.633333333333333,0.0,2258.903505494015,0.002976190476190476,0.012874478574137278,0.0
1998,E,1.0,99.40833333333333,0.0,4355.582187999532,0.001984126984126984,0.05654626469472886,0.0
1998,F,1.5555555555555554,322.48878702996353,0.0,9975.175891833147,0.003086419753086419,0.1834407207223911,0.0
1998,G,189.50527334983857,249.6394660894661,180.29870769327292,11506.82456714315,0.37600252648777494,0.14200197160948017,0.3370069302677998
1998,H,93.2663308913309,487.49523809523805,331.72130924630926,15154.720397609972,0.18505224383200575,0.2773010455604312,0.6200398303669332
1999,A,146.34761904761905,77.47899877899879,19.126190476190473,15935.938222469527,0.3266687925170068,0.04058617013043415,0.034032367395356714
1999,B,16.1,490.6281781943547,0.0,21765.287165636302,0.035937500000000004,0.2570079508613697,0.0
1999,C,12.049999999999999,57.78633180544945,7.25,13426.804042034972,0.026897321428571427,0.03027047239677813,0.012900355871886121
1999,D,0.0,13.926739926739927,0.0,2251.364084194179,0.0,0.007295306404787809,0.0
1999,E,5.0,84.09761904761905,0.0,4786.189771562285,0.011160714285714286,0.04405323155977949,0.0
1999,F,4.3,363.5408774232303,0.4444444444444444,10652.99847390582,0.009598214285714285,0.190435242233227,0.0007908264136022142
1999,G,175.71009129759128,311.39638183453974,223.72844655344656,12947.008862159639,0.39221002521783765,0.16312015811133565,0.3980933212694779
1999,H,88.49228965478966,510.144872989068,311.4509185259185,16705.409378037275,0.19752743226515548,0.2672314683022881,0.554183129049677
2000,A,165.61186739783514,79.29150221758918,30.159240759240756,18050.54180003817,0.3027639257730076,0.037956678897840684,0.042900769216558686
2000,B,15.756211745244002,549.2011837443154,3.142857142857143,23218.961199785757,0.02880477467137843,0.26290147618205617,0.004470636049583418
2000,C,7.7805860805860805,51.5177582120845,7.136863136863137,14048.359851508782,0.014224106180230494,0.02466144481191216,0.010152010152010152
2000,D,0.0,30.141269841269843,0.6666666666666666,2285.6126756407916,0.0,0.014428563830191404,0.0009483167377904219
2000,E,1.3668831168831168,154.3099567099567,0.25,5066.930261806496,0.0024988722429307437,0.0738678586452641,0.00035561877667140827
2000,F,4.0438311688311686,419.53081918081915,1.2142857142857144,11352.642913687949,0.007392744367150217,0.20082853957913793,0.0017272912009754116
2000,G,268.8235097779215,267.5371434121434,337.38714718970135,14324.034653077344,0.4914506577292898,0.12806947985262968,0.4799248181930318
2000,H,83.61711071269895,537.4703666818218,323.0429393903852,18793.91664445471,0.1528649190360127,0.25728595820096783,0.45952053967337864
2001,A,129.8999606860288,83.72834008097165,35.60252715121136,18390.238738856297,0.23618174670187056,0.038781074609065144,0.04890457026265297
2001,B,11.01388888888889,532.2937315056822,1.8556535569693464,23821.387997060803,0.020025252525252526,0.24654642496789356,0.0025489746661666846
2001,C,6.285714285714286,85.44569384922752,4.052631578947368,14468.59982254118,0.011428571428571429,0.039576514057076205,0.005566801619433198
2001,D,1.3333333333333333,23.205555555555556,0.0,2102.9752365003683,0.0024242424242424242,0.010748288816839072,0.0
2001,E,0.0,89.03459595959596,0.30000000000000004,4969.628023104498,0.0,0.04123881239444,0.00041208791208791214
2001,F,2.0,449.9898824601611,0.0,11984.516664866096,0.0036363636363636364,0.20842514240859708,0.0
2001,G,270.35287524126534,314.46863488062166,328.32290923179335,16080.441018136597,0.49155068225684606,0.14565476372423422,0.45099300718652935
2001,H,129.11422756476935,580.8335657081842,357.8662784810786,19812.21249893416,0.23475314102685338,0.2690289790218547,0.49157455835312996
2002,A,187.08447188776134,90.25494505494505,46.844108669108664,19108.894605423066,0.2998148587944893,0.04515004755124815,0.05537128684291805
2002,B,17.166666666666664,503.5078736871561,4.083333333333333,22823.260650517524,0.027510683760683757,0.25187987678196905,0.004826635145784082
2002,C,6.969444444444444,47.59079722482598,8.047619047619047,13815.591599391113,0.011168981481481481,0.02380730226354476,0.009512552065743557
2002,D,4.666666666666666,23.357692307692307,2.0,2142.2974483879552,0.007478632478632478,0.011684688498095201,0.0023640661938534283
2002,E,3.6666666666666665,80.10517428907524,0.0,4733.8061612778865,0.005876068376068376,0.04007262345626575,0.0
2002,F,6.857142857142858,461.7262519304879,0.6666666666666666,12332.590810854968,0.01098901098901099,0.23097861527288038,0.0007880220646178094
2002,G,263.95031031412896,299.4672372957003,322.43908347830563,15971.929435133685,0.4229972921700785,0.1498085229093048,0.3811336684140729
2002,H,133.6386304965224,492.99002821011715,461.91918880496655,19177.6292890138,0.21416447194955515,0.24661832326669192,0.5460037692730102
2003,A,258.4347222222222,93.52169913419914,53.98868780342465,19611.125834052287,0.37454307568438,0.045687200358670806,0.07625520876189922
2003,B,30.25353535353535,534.548146341103,3.5490909090909093,23619.924262616492,0.0438457034109208,0.2611373455501236,0.0050128402670775556
2003,C,23.747619047619047,36.70671609092662,0.3076923076923077,13528.545625250359,0.03441683919944789,0.017931957054678368,0.000434593654932638
2003,D,0.0,34.01001082251082,0.0,2326.174929634219,0.0,0.016614563176605188,0.0
2003,E,1.5666666666666664,88.17651515151516,2.0,4440.545093073725,0.002270531400966183,0.04307597222839041,0.002824858757062147
2003,F,5.2,497.2494213388951,1.0,12129.123552033889,0.007536231884057971,0.24291618042935764,0.0014124293785310734
2003,G,272.2488411914883,261.28578433090814,272.4414226416858,15249.178332068504,0.39456353795867866,0.12764327519829416,0.3848042692679178
2003,H,98.54861551846847,501.50170678994215,374.71310633810634,17627.382371270523,0.1428240804615485,0.2449935060038799,0.5292557999125795
2004,A,235.3932534785476,93.08242296918766,46.971672771672765,20257.26296926423,0.35344332354136276,0.04470817625801521,0.06373361298734433
2004,B,37.67684407096172,536.253865742101,8.366666666666667,24033.485102451672,0.05657183794438697,0.25756669824308404,0.011352329262777027
2004,C,11.997313797313796,62.850970124646594,0.0,13480.608465513065,0.018013984680651345,0.030187785842769738,0.0
2004,D,1.3076923076923077,36.80940170940171,0.0,2253.718459347415,0.0019635019635019634,0.01767982791037546,0.0
2004,E,2.857142857142857,119.77680456798103,0.0,5152.646638182426,0.00429000429000429,0.057529685191153236,0.0
2004,F,9.306060606060605,456.73861693861693,0.16666666666666666,12638.816146915316,0.01397306397306397,0.2193749360896335,0.00022614201718679333
2004,G,256.1660922247687,301.9868645243646,192.27829376505846,15565.651016500195,0.3846337721092623,0.14504652474753343,0.2608932072795909
2004,H,111.29560065751242,474.5010534237005,489.21670012993536,17712.81120182568,0.1671105114977664,0.22790636571743542,0.663794708453101
2005,A,242.12024856863562,106.8777777777778,62.87225807648085,21196.7983798571,0.356583576684294,0.046958601835579,0.09020410054014469
2005,B,32.42867383512545,543.3594047464404,2.0,25759.29002398345,0.047759460729198025,0.2387343606091566,0.0028694404591104736
2005,C,29.090476190476192,47.99042411836529,0.4444444444444444,13951.40806805951,0.04284311662809455,0.021085423602093714,0.000637653435357883
2005,D,2.0,39.48809523809524,0.0,2298.598159230408,0.0029455081001472758,0.017349778224119174,0.0
2005,E,2.3,149.69761904761904,0.0,5465.845382351903,0.003387334315169367,0.0657722403548414,0.0
2005,F,2.1321044546851,545.5121933235323,0.0,13287.65786709279,0.003140065470817526,0.2396802255375801,0.0
2005,G,282.0121410847217,320.75444606563025,118.99267990950977,16211.36730442677,0.41533452295246204,0.14092901848226286,0.17072120503516466
2005,H,86.91635586635587,522.3200396825397,512.6906175695649,18598.034814998067,0.12800641511981722,0.22949035135436718,0.7355676005302222
2006,A,266.86749829118247,150.43116883116883,46.371571995256204,22946.415328993964,0.4297383225300845,0.060511330985989084,0.05937461202977748
2006,B,31.671028971028967,657.4160004746211,3.0833333333333335,25959.905721785388,0.05100004665222056,0.26444730509839953,0.0039479300042680335
2006,C,11.077655677655677,31.000549450549453,0.0,14843.750794219623,0.017838414939864215,0.012470052071821986,0.0
2006,D,2.0,38.888306138306135,0.0,2515.2530673050924,0.00322061191626409,0.015642922823131997,0.0
2006,E,3.583333333333333,182.95414862914862,1.05,5612.454105014814,0.005770263016639828,0.07359378464567524,0.0013444302176696546
2006,F,3.688311688311688,607.9407203907202,0.0,13794.827550998316,0.005939310287136374,0.24454574432450538,0.0
2006,G,230.63410566042145,311.31720779220774,74.94759033536123,16237.232639354694,0.3713914744934323,0.1252281608174609,0.09596362398893885
2006,H,71.47806637806639,506.05189829327753,655.5475043360491,19980.160792328108,0.11510155616435812,0.20356069923301595,0.839369403759346
2007,A,327.24913003663005,151.69416351622232,45.79325396825397,23300.110721651123,0.4476732285042819,0.059186173826071914,0.06049306997127342
2007,B,48.15045663400926,635.2475958595927,22.793571428571425,27276.61650641468,0.0658692977209429,0.24785313923511226,0.030110398188337422
2007,C,22.670593149540515,28.799224386724383,0.0,14981.501688167982,0.031013123323584836,0.011236529218386415,0.0
2007,D,9.333333333333332,25.549999999999997,0.0,2379.8687671640146,0.012767897856817144,0.009968786578228637,0.0
2007,E,10.5,178.62998667998667,11.288333333333332,5717.32940281224,0.014363885088919288,0.0696956639406893,0.014911933069132542
2007,F,5.262301587301587,666.0067600699954,16.786666666666665,14739.971353032852,0.00719877098126072,0.25985437380803567,0.022175253192426244
2007,G,225.3427831427831,285.8494234971227,106.63238095238094,16301.995800030458,0.3082664612076376,0.11152923273395346,0.1408617978234887
2007,H,82.49140211640213,591.2228459903557,553.7057936507936,21073.60576072665,0.11284733531655558,0.23067610065952232,0.7314475477553417
2008,A,315.6675721165659,181.34973784385545,27.642332871059235,23144.531962135596,0.3892325180228926,0.0721359339076593,0.029563992375464424
2008,B,51.07474323062558,666.5228847949437,88.90248295765537,27108.538014703656,0.06297748857043844,0.26512445695900705,0.0950828694734282
2008,C,27.99829877724615,45.25814234784823,5.506650246305419,14908.198019497779,0.03452317974999525,0.018002443256900647,0.005889465504069967
2008,D,4.5588235294117645,61.95494227994229,0.6000000000000001,2396.801827560626,0.005621237397548415,0.02464397067619025,0.0006417112299465242
2008,E,5.415151515151515,169.86732744379802,24.303571428571427,6128.273068525986,0.00667712887195008,0.06756854711368258,0.025993124522536284
2008,F,13.623809523809523,583.48604646987,106.49871794871794,15636.766628980577,0.016798778697668958,0.23209468833328162,0.11390237213766624
2008,G,332.41769374416435,317.3594601476955,211.08750883895488,16957.887285050612,0.40988618217529516,0.12623685765620346,0.22576204153898918
2008,H,60.243907563025196,488.2014586720469,470.4587357087357,21647.003193545166,0.07428348651421109,0.19419310209707513,0.5031644232178991
2009,A,277.7722927072927,189.65374789319804,156.00531902737785,22272.106270647753,0.43606325385760236,0.07782262941862866,0.10692619535803828
2009,B,33.27619047619048,631.564483359445,281.4291229358876,25688.624045553697,0.052238917545039995,0.2591565381039988,0.19289179090876465
2009,C,16.70003052503052,46.80936400201106,55.9108853238265,14591.99200898905,0.026216688422339908,0.019207781699635232,0.03832137445087491
2009,D,5.484848484848485,38.44444444444444,18.71111111111111,2109.0343771081452,0.008610437181865754,0.015775315734281675,0.012824613510014468
2009,E,9.833333333333332,165.51418496961975,48.45287114845938,5897.1278946637385,0.015436944008372578,0.06791718710283945,0.033209644378656186
2009,F,9.053246753246754,546.9382284540254,144.484060971708,14898.493859489967,0.014212318293950947,0.2244309513557757,0.09902951403132831
2009,G,211.07652788388083,289.81018966413706,409.06092416355574,16235.57646394324,0.3313603263483216,0.11892088209443458,0.280370749940751
2009,H,73.80352983617689,528.2653572131194,344.94570531807375,20472.04507960441,0.1158611143425069,0.216768714490406,0.23642611742157213
2010,A,244.346759028725,182.7180145877514,178.4706304960949,22535.342498013903,0.4176867675704701,0.07230629781865905,0.10406450757789791
2010,B,32.753391053391056,760.8530393712912,348.66304234980714,26045.480549010957,0.05598870265536932,0.30108944969184454,0.20330206551009164
2010,C,18.137698412698413,50.2582032948132,84.65992243051066,15211.638214396207,0.03100461267127934,0.019888485672660546,0.04936438625685753
2010,D,5.476190476190476,41.69362562388878,18.357142857142858,1986.3538572117511,0.009361009361009361,0.016499258260343798,0.01070387338608913
2010,E,5.725,212.81771633384537,67.41599511599512,6417.9477742432255,0.009786324786324786,0.08421753713250707,0.039309618143437385
2010,F,8.646176046176045,517.1611742643321,132.31560988031578,16308.987552178232,0.014779788113121445,0.2046542042993004,0.07715195911388675
2010,G,200.76405889432203,304.07501183027495,505.16155186402864,16608.113998721583,0.34318642546037953,0.12033043602306093,0.2945548407370429
2010,H,69.150726088497,457.42321469380295,379.95610500610496,21194.135556224137,0.11820636938204615,0.18101433110162365,0.22154874927469678
2011,A,235.004208212668,211.9640774258421,194.00961982749737,22401.084649085657,0.3718421016023228,0.07719012287903937,0.1467546292189844
2011,B,43.550208855472015,771.6143837429679,198.94817272362644,27239.351366088486,0.06890855831562027,0.28099576975344787,0.1504902970677961
2011,C,34.4055330634278,60.36837035513506,68.82098252217541,14928.881524389853,0.054439134594031324,0.02198411156414241,0.052058231862462494
2011,D,10.75,29.340750915750913,15.17344028520499,2061.265632807614,0.017009493670886076,0.010684905650309873,0.011477640155223139
2011,E,3.4,214.00141955679715,32.38644688644689,6515.908790183037,0.005379746835443038,0.0779320537351774,0.024498068749203395
2011,F,7.277777777777778,606.2181874320621,80.79200397303845,16858.6150585013,0.011515471167369902,0.22076408864969488,0.06111346745313045
2011,G,208.9605292583234,381.5760181910639,470.8530566998665,17013.28366593493,0.33063374882646107,0.13895703502952073,0.35616721384256167
2011,H,88.65174283233107,470.916792380381,261.016277082144,22144.609313009125,0.1402717449878656,0.1714919127386675,0.1974404516506384
2012,A,239.41704995360595,219.72631913443854,272.85586859131496,22330.422693793844,0.3764419024427767,0.08110975235675102,0.17798817259707433
2012,B,29.841952491952494,774.2512881425421,207.63018189721876,27088.11019587656,0.04692130894961085,0.285807046195106,0.13544043176596135
2012,C,49.06777751234272,53.404943240936035,111.53377494454625,15054.129648641669,0.07715059357286592,0.019713895622346267,0.07275523479748613
2012,D,5.571428571428571,37.32655502392345,13.008760683760684,2043.9377739624822,0.008760107816711592,0.013778720939063658,0.008485819102257458
2012,E,5.130769230769231,193.14104443887723,17.9520202020202,6213.258072981621,0.008067247218190616,0.07129606660718982,0.01171038499805623
2012,F,1.4185354691075514,550.7465723603882,76.08640518768601,16761.679446565548,0.002230401680986716,0.20330253686245411,0.04963235824376126
2012,G,219.78989693880996,366.86065685533134,466.09282992758295,18023.110998449538,0.3455815989603931,0.13542290766162102,0.304039680318058
2012,H,85.76258983198343,513.5426208035632,367.8401585658702,23469.351169728736,0.13484683935846453,0.18956907375546814,0.2399479181773452
2013,A,203.21908924408928,236.1664584103472,341.19991485414863,22542.77123343834,0.31555759199392747,0.10938696545175877,0.3185806861383274
2013,B,41.588918318523575,582.5125941428562,35.06703465952691,27283.416938078317,0.06457906571199312,0.2698066670416194,0.03274232928060403
2013,C,27.12061688311688,40.933036914352705,173.3343543510184,14829.814872027777,0.04211275913527466,0.01895925748696281,0.1618434681148631
2013,D,4.942857142857143,36.163492063492065,3.907692307692308,1906.2643496422174,0.007675244010647737,0.01675011211833815,0.0036486389427565903
2013,E,5.222222222222221,147.89486232721526,1.8,6319.127558819021,0.008109040717736368,0.06850155735396724,0.0016806722689075631
2013,F,11.301282051282051,447.56001746504836,6.625058275058275,16419.168156176816,0.017548574613792004,0.20729968386523778,0.0061858620682150095
2013,G,277.10276916066385,344.44582102679925,302.37986838582816,18609.029576508874,0.4302838030445091,0.15953951877109737,0.28233414415110003
2013,H,73.50224497724498,323.3237176498888,206.68607716672733,22484.407315308636,0.11413392077211953,0.14975623791101844,0.19298419903522626
2014,A,194.8389566573777,205.4438736190858,304.52834646100126,22972.23900664442,0.2912390981425676,0.09262573201942552,0.2982647859559268
2014,B,57.8870502257599,655.561374435182,78.97004466122114,27919.606321948726,0.08652772828962615,0.2955641904577015,0.07734578321373276
2014,C,21.306341916043056,36.82984689888714,110.22775908922195,14765.388493442482,0.03184804471755315,0.01660498056757761,0.10796058676711258
2014,D,3.058333333333333,30.45937950937951,4.228571428571428,1807.4728378426205,0.004571499750871948,0.013732813124156676,0.004141597873233524
2014,E,3.6291666666666664,138.52747815050446,12.256060606060604,5986.364141988925,0.005424763328350772,0.06245603162781987,0.0120039770872288
2014,F,12.071428571428571,405.20154756070775,29.869264069264066,16195.632928491323,0.01804398889600683,0.18268780322845254,0.029254910939533856
2014,G,266.76769393702966,381.10264919803757,268.29529636743257,19221.499508748177,0.39875589527209215,0.17182265518396644,0.2627769797918047
2014,H,109.44102869236109,364.87385062821596,212.62465731722693,22680.796760893325,0.16358898160293137,0.16450579379089988,0.20825137837142696
2015,A,281.2972443979023,233.21289352632235,249.15556213900885,23819.611833460633,0.3950803994352561,0.09067375331505534,0.27379732103187787
2015,B,39.564657669374654,719.5268991061286,38.18919713241695,28174.336370065823,0.05556833942327901,0.2797538487970951,0.041966150694963684
2015,C,32.55650183150183,41.463897181368644,91.41082529192236,15390.604350797874,0.04572542392064864,0.01612126640022109,0.10045145636474985
2015,D,6.566666666666666,60.66907101907102,1.1346153846153846,1935.3952793544072,0.009222846441947565,0.023588285777243787,0.0012468300929839391
2015,E,5.5476190476190474,124.20891053391053,1.7000000000000002,5799.740193223304,0.007791599785981808,0.04829273348907874,0.0018681318681318683
2015,F,15.978324348607368,485.83527683239936,13.003636363636362,16085.845327792005,0.02244146678175192,0.18889396455381002,0.014289710289710288
2015,G,266.62009381943585,465.3386541626265,350.07049513438784,19379.10245892268,0.37446642390370205,0.1809248266573198,0.3846928517960306
2015,H,63.86889221889223,441.7443976381731,165.33566855401222,22150.36418638327,0.0897035003074329,0.17175132101017618,0.1816875478615519
2016,A,273.86421206502473,238.42255521833528,235.13294427250156,24346.816354468072,0.4252549876786098,0.08866588144973421,0.2456979563975983
2016,B,55.78444943429464,812.5234578670891,47.08675324675324,29671.999359191486,0.08662181589176186,0.30216565930349165,0.049202458983023244
2016,C,22.90624179741827,42.780726877936345,101.97910218290983,15355.363068186523,0.03556869844319607,0.015909530263271233,0.10656123530084623
2016,D,3.8,32.551443001443,0.0,1931.1806020011209,0.005900621118012422,0.012105408330770917,0.0
2016,E,5.657575757575758,151.1775146422205,3.625,5571.396001688362,0.00878505552418596,0.05622071946531071,0.0037878787878787884
2016,F,5.244047619047619,428.4478473038077,14.044858083093377,15638.22739291564,0.00814293108547767,0.15933352447147925,0.01467592276185306
2016,G,221.56908748200541,511.06479558561466,358.6077078425781,20012.793225547473,0.3440513780776482,0.1900575662274506,0.3747206978501339
2016,H,55.17438584463352,472.0316595035533,196.52363437216377,22018.223996001325,0.08567451218110796,0.17554171048849138,0.20535384991866645
2017,A,312.78075451118923,241.89438841058038,196.62767591362535,24573.167995986234,0.4072666074364444,0.09909643113911527,0.210973901194877
2017,B,52.44441025016472,679.9893221301327,23.18990223001664,30104.538700346686,0.06828699251323532,0.27856998038923914,0.024881869345511416
2017,C,37.04323671497585,37.554335505641895,64.04406694837729,14771.514813003138,0.04823338113929147,0.015384815856469437,0.06871681003044774
2017,D,2.5555555555555554,55.136584832791726,0.0,1931.753618958792,0.0033275462962962963,0.022587703741414063,0.0
2017,E,1.2000000000000002,147.03988605134114,0.0,5925.975483512671,0.0015625000000000005,0.0602375608567559,0.0
2017,F,12.328489867620302,361.4618939415231,0.3529411764705882,15436.029719345908,0.01605272118179727,0.14807943217596195,0.0003786922494319616
2017,G,290.1876996097584,530.4751283404107,463.0339602228584,21090.602953526573,0.3778485672002063,0.21731877441229444,0.4968175538871871
2017,H,59.45985349073584,387.44846078757837,184.75145350865168,23123.416715319996,0.07742168423272897,0.15872530142874985,0.19823117329254472
2018,A,290.67205042826413,325.8076088291293,60.74591503487989,24902.745877274585,0.3674741471912315,0.13858256436798352,0.09750548159691795
2018,B,53.374220996394904,593.626352123998,18.61029868498108,31069.042702160248,0.06747689127230709,0.25249951174989277,0.029872068515218418
2018,C,51.818498371702034,33.19670868347339,3.703191856452726,14591.161081426608,0.06551011172149436,0.014120250397053757,0.005944128180501967
2018,D,8.425,33.07857142857143,0.0,1804.1479401147324,0.010651074589127688,0.014070000607644162,0.0
2018,E,2.1607142857142856,148.0326970488496,0.0,5791.252417837815,0.0027316236229004876,0.06296584306629076,0.0
2018,F,9.396757831540441,309.81984960481054,0.6625,14716.718115499702,0.011879592707383617,0.13178215636104232,0.0010634028892455856
2018,G,289.0988921942118,482.07035782041515,383.6408788746349,22754.97410823146,0.36548532515071025,0.2050490675544088,0.6157959532498152
2018,H,86.05386589217233,425.36785446075294,155.6372155490515,24417.957757454846,0.10879123374484491,0.1809306058956839,0.2498189655683009
2019,A,262.61519199605084,296.1633211238391,28.649902293493287,24188.883541011077,0.346458036934104,0.1293289611894494,0.049226636243115615
2019,B,54.504457668234764,565.6347940596858,9.80645694175106,30384.264878784557,0.07190561697656302,0.2470020934758453,0.016849582374142715
2019,C,46.254329004329,25.236024065540192,0.9375,13411.287798722455,0.06102154222206992,0.011020097845214058,0.0016108247422680412
2019,D,8.803030303030303,21.804329004329002,0.0,1878.3944881981938,0.011613496441992483,0.00952154104992533,0.0
2019,E,3.0,159.06625735375735,1.8,5783.55713778801,0.00395778364116095,0.06946124775273246,0.0030927835051546395
2019,F,15.059563123495014,288.90407104424463,0.6964285714285714,14489.856191743676,0.019867497524399754,0.1261589829887531,0.0011966126656848305
2019,G,293.6930146751589,505.8957098685773,366.18015221082595,23847.595207585593,0.3874578030015289,0.22091515714785034,0.6291755192625875
2019,H,74.07041322970116,427.29549348002666,173.9295599825012,24227.16075616644,0.09771822325818096,0.18659191855023,0.2988480412070467
2020,A,297.7151809958961,,,25253.275285888194,0.3912157437528201,0.0,0.0
2020,B,41.96405447351739,,,30478.37997427709,0.05514330417019368,0.0,0.0
2020,C,23.16026198566244,,,13181.534928254814,0.03043398421243422,0.0,0.0
2020,D,8.100980392156863,,,1905.7702817091017,0.010645177913478139,0.0,0.0
2020,E,4.157894736842105,,,5875.931392198308,0.005463725015561242,0.0,0.0
2020,F,7.874511478859304,,,14019.592612971495,0.010347584072088441,0.0,0.0
2020,G,297.59133182122497,,,23403.016754197084,0.3910529984510184,0.0,0.0
2020,H,80.43578411584083,,,23923.498770503913,0.10569748241240583,0.0,0.0
2021,A,228.65407401635025,,,24454.60033997586,0.3162573637847168,0.0,0.0
2021,B,48.7782691236016,,,28300.14130714787,0.067466485648135,0.0,0.0
2021,C,51.19045350784481,,,13068.232261929117,0.07080284025981301,0.0,0.0
2021,D,2.1666666666666665,,,1650.7199149926892,0.0029967727063162745,0.0,0.0
2021,E,4.800000000000001,,,5747.66484755664,0.006639004149377594,0.0,0.0
2021,F,10.588455988455989,,,12953.610442017474,0.014645167342262778,0.0,0.0
2021,G,300.3505106331577,,,22740.99639102875,0.415422559658586,0.0,0.0
2021,H,76.47157006392302,,,22724.034495351596,0.10576980645079256,0.0,0.0
2022,A,278.9578191072773,,,21158.01692971013,0.3680182310122392,0.0,0.0
2022,B,50.03428907693614,,,26258.664858799882,0.06600829693527195,0.0,0.0
2022,C,47.15777278277278,,,11940.11359360383,0.062213420557747735,0.0,0.0
2022,D,8.906593406593407,,,1523.5491759182237,0.011750123227695787,0.0,0.0
2022,E,2.591666666666667,,,5193.913777936221,0.0034190853122251542,0.0,0.0
2022,F,12.943864468864469,,,12421.21006557472,0.01707633834942542,0.0,0.0
2022,G,271.47019062808533,,,21057.072598499533,0.3581400931768936,0.0,0.0
2022,H,85.93780386280388,,,20538.458999957456,0.11337441142850116,0.0,0.0
2023,A,297.7310453560837,,,16818.74760434679,0.4135153407723385,0.0,0.0
2023,B,54.455339949905174,,,21625.75110000569,0.07563241659709052,0.0,0.0
2023,C,38.34835221139569,,,10555.338786958519,0.053261600293605126,0.0,0.0
2023,D,5.666666666666666,,,1331.994958306733,0.00787037037037037,0.0,0.0
2023,E,7.6492673992674,,,4224.049398356361,0.0106239824989825,0.0,0.0
2023,F,8.105494505494505,,,9770.50352712687,0.011257631257631257,0.0,0.0
2023,G,253.01296989216493,,,17287.344745666778,0.35140690262800683,0.0,0.0
2023,H,55.03086401902191,,,16472.26987923226,0.07643175558197488,0.0,0.0
2024,A,135.89685347332406,,,6806.556366974954,0.36142780179075545,0.0,0.0
2024,B,24.375468975468976,,,9839.548429558776,0.06482837493475792,0.0,0.0
2024,C,23.919669219669217,,,3840.095377411641,0.06361614154167344,0.0,0.0
2024,D,5.926098901098902,,,532.0787030320357,0.015760901332709847,0.0,0.0
2024,E,0.5833333333333333,,,2213.1343734677766,0.001551418439716312,0.0,0.0
2024,F,5.558441558441558,,,4593.337937342031,0.014783089251174357,0.0,0.0
2024,G,149.37576255798763,,,8266.592776539746,0.3972759642499671,0.0,0.0
2024,H,30.364371980676324,,,8079.656035673039,0.08075630845924554,0.0,0.0
