year,technology,novelty_index,avg_backward_sum,total_patents
1983,A61K,0.2552608932380643,22006.269683474216,1178.971864188443
1984,A61K,0.2593717574350056,27546.544967524827,1496.6722505427174
1985,A61K,0.2640875044614296,31869.170687214802,1847.572321866014
1986,A61K,0.27276587985893336,34947.025427266104,2092.5619223583035
1987,A61K,0.2612337414367573,38919.458940784345,2498.958585087513
1988,A61K,0.2624414755672898,42549.70229602729,2642.254607880491
1989,A61K,0.24559864818889415,47781.47126957552,2997.9249803872417
1990,A61K,0.24534135047332564,52179.976164375585,3326.766993127254
1991,A61K,0.249494969424393,55587.81440929837,3045.312584965215
1992,A61K,0.24477643897577372,59075.73461031664,3200.529684311439
1993,A61K,0.2461056263247981,60902.64431157607,3241.378731836993
1994,A61K,0.2227268284450695,63486.23955519667,3573.478680545662
1995,A61K,0.21946317284615188,63901.098728422556,3962.0217187452367
1996,A61K,0.22238105556118085,64428.07455388549,4259.786433099339
1997,A61K,0.20985280105325452,67375.62942528928,4886.88444085375
1998,A61K,0.21504096434507744,71440.21955110593,5472.822101879407
1999,A61K,0.200430663433476,78408.59886956854,5974.961259807596
2000,A61K,0.1970077138939784,85542.05307386967,6380.185150593322
2001,A61K,0.18430011618517075,94860.2120790993,6734.264018121649
2002,A61K,0.18296671037801798,102452.91064376046,7043.719272651045
2003,A61K,0.1797647095792534,108352.32571017227,7215.191442883124
2004,A61K,0.1754205982791576,113638.34087174629,7118.576020197442
2005,A61K,0.17672383108125644,118034.60938962657,7217.291642566539
2006,A61K,0.16935494992305353,122548.64639463037,7879.94678369148
2007,A61K,0.17284890829358057,126756.67857889959,7416.752476152312
2008,A61K,0.1797668200420746,129930.99774118101,7058.511233474345
2009,A61K,0.1855986436644553,131195.222997603,7153.257152676423
2010,A61K,0.19728715319279705,130152.88945715486,7629.698321592418
2011,A61K,0.1990782449723917,130628.26085420081,8038.713971754863
2012,A61K,0.21413797617841784,129128.72197873732,8069.582119793597
2013,A61K,0.2180029414531665,130224.67497717596,8713.180882387804
2014,A61K,0.22278847636416868,132334.16669891533,9415.015306376294
2015,A61K,0.22530260595691937,135684.6776958449,9786.136801305081
2016,A61K,0.2375282322850205,136461.2282613204,10676.61042066842
2017,A61K,0.2415924047049605,138737.5040773779,10628.684474662792
2018,A61K,0.24033946019909966,142187.930346458,10972.34455487977
2019,A61K,0.2436418790610289,143613.40366852202,10943.222485282999
2020,A61K,0.24065482092583984,148038.80381343458,11017.881487294042
2021,A61K,0.24605778919639323,150453.02033934306,10875.161622711807
2022,A61K,0.24365212221961435,154554.34711753498,9843.470741232615
2023,A61K,0.23977886312421512,157303.79355372157,7967.649455231696
2024,A61K,0.23969033682599777,157113.19244015877,4803.365102185861
1983,C12N,0.22269136385958133,22968.665562056492,386.55745695652814
1984,C12N,0.22996742825724814,28640.19442535511,578.7623237873238
1985,C12N,0.24603921163636364,32650.763781695307,691.702323079497
1986,C12N,0.24848546160492038,36113.813907904296,763.1003880965955
1987,C12N,0.25826677746074284,39075.7636329719,875.0795018059471
1988,C12N,0.24964046615094998,43288.1916791889,983.5115347958377
1989,C12N,0.2548943660214509,47192.70897019724,1012.7323304709347
1990,C12N,0.2456016038364371,52161.98125463411,1018.3177096975228
1991,C12N,0.23326998256481488,56789.55393348491,1152.6950638506428
1992,C12N,0.24420288745757177,59120.59944110753,995.8993912769977
1993,C12N,0.2349050890955811,61807.469123630515,1032.341070452836
1994,C12N,0.226563553508139,63172.86292600699,1161.9458985930098
1995,C12N,0.22413860885556564,63518.32947572068,1340.0287414684062
1996,C12N,0.21229205619934438,65263.97857565234,1513.7549719664519
1997,C12N,0.2101968611350606,67346.29151888058,1692.5360207592166
1998,C12N,0.1985671239603674,72939.52680215455,2110.6899923820456
1999,C12N,0.19138663942418171,79295.48787128615,2376.406043985943
2000,C12N,0.17980584062868138,87374.55331240338,2565.466260809241
2001,C12N,0.17365345883417113,96098.34413512715,2410.4962775062595
2002,C12N,0.1647740886921239,104734.19718084026,2680.94595404541
2003,C12N,0.1674460322356485,109979.6116309818,2727.36850368277
2004,C12N,0.17027302618845525,114347.74684366888,2657.0130664479216
2005,C12N,0.16807313018288614,119274.8761919885,2722.253745631603
2006,C12N,0.16218543298520924,123606.39614701233,2711.657464911712
2007,C12N,0.16262276679774104,128323.78251394529,2771.7497418127155
2008,C12N,0.1676180928277779,131855.44591861268,2750.644930612787
2009,C12N,0.17022049899936254,133672.5507954155,2578.2646950491094
2010,C12N,0.17089828962675904,134431.6136064837,2688.267978032065
2011,C12N,0.17780316247946548,134098.17162655186,2654.066694439563
2012,C12N,0.19553754255406164,132185.047579615,2624.590482069455
2013,C12N,0.18846090251969708,135144.26179176464,2776.724731636564
2014,C12N,0.1985338438374698,136463.95181712086,3158.947868391144
2015,C12N,0.20375096425356656,139459.34840058867,3110.7573953475116
2016,C12N,0.2092528139822241,141521.74128564599,3510.92773195075
2017,C12N,0.21303845782684788,143960.95298005702,3468.1148717791457
2018,C12N,0.20482404725290693,148835.4561789074,3467.9890762086593
2019,C12N,0.21087093044690103,149835.78344026097,3577.7471965495442
2020,C12N,0.20506517474677474,154977.21442521462,3801.0420710914505
2021,C12N,0.20128309231502634,159388.0398727367,3975.2472445574567
2022,C12N,0.20105869879691035,163258.01237791163,3863.7118470943233
2023,C12N,0.201319212913314,165261.80548402184,3288.3868713901807
2024,C12N,0.19721592008443675,165890.26254004668,2079.4215582917973
1984,G06N,0.3436563569812085,24411.70703125,3.25
1985,G06N,0.4598934861693625,23389.66491654439,11.358333333333333
1986,G06N,0.4390390854985869,26956.81459360106,19.233333333333334
1987,G06N,0.4020651739437922,31500.220323025824,22.772727272727273
1988,G06N,0.35833056856593026,37017.8668885708,61.55714285714285
1989,G06N,0.3317876835828442,42322.52172164362,146.80584415584414
1990,G06N,0.3105199414350657,47673.279891902836,200.94491341991343
1991,G06N,0.3334508284159775,49369.438091929675,191.18555555555554
1992,G06N,0.30022325851650405,54738.52670894765,133.13483436853002
1993,G06N,0.2883961099067294,57486.24757313251,93.53095238095239
1994,G06N,0.3113526583984746,56247.445168476515,104.80054112554113
1995,G06N,0.30870604634003374,56594.95061144635,84.40407268170426
1996,G06N,0.27200864984024736,60316.27870965083,60.40281907634849
1997,G06N,0.36215313128766896,54389.023100668644,53.13743925451243
1998,G06N,0.31843708318950126,62029.99418206497,74.14621848739495
1999,G06N,0.29142059805560855,69485.80386145672,58.872929847929846
2000,G06N,0.27008062572336783,77757.66085724691,104.58782883782885
2001,G06N,0.2586678779709423,86211.75963375402,93.68841991341992
2002,G06N,0.24100969504397826,95174.53802784154,91.22949827949827
2003,G06N,0.25241468481824547,98755.33095529734,75.16667776667776
2004,G06N,0.20249857750263858,109906.62428181656,84.23408177843663
2005,G06N,0.24872677904402676,107711.41510981495,70.71871729634887
2006,G06N,0.2659475456971454,108297.92418450932,95.48492063492063
2007,G06N,0.22743828520660941,118391.13548457558,94.18248597807421
2008,G06N,0.2586810964748913,117430.39312839859,115.71569730922673
2009,G06N,0.25343425139212244,120267.30936659672,109.7500386868034
2010,G06N,0.24291980704390817,122753.95249489795,103.56406093906094
2011,G06N,0.2103267485344016,128793.65909904311,178.25867473483572
2012,G06N,0.25602069428773355,122246.77362328464,170.20069164948393
2013,G06N,0.23435653468031742,127501.3381826973,242.80953296630412
2014,G06N,0.2300621703345503,131095.69016952667,324.8377197048911
2015,G06N,0.2167310833231098,137185.9403757945,405.43648134354896
2016,G06N,0.209379503049491,141499.0674681244,725.3176153622813
2017,G06N,0.20722608391111377,145024.22588876213,1252.703078773035
2018,G06N,0.18339942877864843,152845.5659578301,2187.2039565661703
2019,G06N,0.1814578897329472,155420.58086919287,3373.258737650879
2020,G06N,0.16422687492705113,162938.8809000812,3902.0870871329007
2021,G06N,0.15161551879501026,169299.45793891436,4105.9838534875635
2022,G06N,0.14398279914565598,174921.06937310417,3547.689596523051
2023,G06N,0.12867386071175962,180293.4705233719,3176.741005073617
2024,G06N,0.13677253918022045,178380.50565506102,2489.886965244264
1983,H01L,-0.1248378496732858,33237.79407491527,1556.144960154225
1984,H01L,-0.1263253263828136,41891.96342798595,1695.984974241445
1985,H01L,-0.13142411445834754,48997.059354068406,1883.9516321422875
1986,H01L,-0.12983748094126563,54294.013552985685,1935.1521224686608
1987,H01L,-0.13896093695438227,60002.39305347029,2001.2000884497363
1988,H01L,-0.12502861543529273,64902.826115530544,2735.0001666696726
1989,H01L,-0.1330111848486695,71761.45860156113,2872.7598095596527
1990,H01L,-0.13224054375209426,78287.42786209285,3450.5577087872507
1991,H01L,-0.13875714165331982,84344.565417421,3201.381087575718
1992,H01L,-0.14437497204330235,89516.26462955386,3031.9230544199063
1993,H01L,-0.1431075719811915,92344.86460862392,2632.7148018051485
1994,H01L,-0.14343984147460176,93394.05803443775,2653.157614860603
1995,H01L,-0.1519605052998508,94308.86464233424,2890.2950017250596
1996,H01L,-0.16062722252416822,96161.46540259526,3287.3463006468846
1997,H01L,-0.1684419070785502,99632.71279230161,3585.205015195163
1998,H01L,-0.16200237617208177,105755.46124311909,3952.4850536979816
1999,H01L,-0.17782665874728923,115501.85055891865,4243.659417070002
2000,H01L,-0.18225412292994547,125944.47877064886,5092.423542535956
2001,H01L,-0.18294229100987563,137567.94481535806,5041.790684309
2002,H01L,-0.1851797596020424,148617.0974299976,4999.83025352837
2003,H01L,-0.1808837424831214,155993.65375482023,5311.652827800161
2004,H01L,-0.1854321668661414,163368.79671931587,5432.631986573781
2005,H01L,-0.1803722462858738,169232.12681801847,5625.565890269549
2006,H01L,-0.1807264708406047,174197.6681260199,6025.810138925937
2007,H01L,-0.18106573438898885,180992.2892873759,5738.407365698
2008,H01L,-0.179298247495594,186809.5581544125,5677.067099369477
2009,H01L,-0.17800579730258315,189769.73953602466,6135.908208570126
2010,H01L,-0.17033432245026275,189759.50653293624,6828.02747762853
2011,H01L,-0.16719871638089331,190367.0832200531,6675.314135980496
2012,H01L,-0.1686665211048796,192029.147248718,6382.68477352963
2013,H01L,-0.1663162695521937,194224.71665720537,6476.6102642955175
2014,H01L,-0.16871689352634145,198994.96019853288,6458.206455765347
2015,H01L,-0.15876310865009738,202952.01730636062,6164.8236644460285
2016,H01L,-0.15988623990504366,207587.35948373296,5984.329308018377
2017,H01L,-0.15603361338693464,211476.2815481323,6915.168846105058
2018,H01L,-0.14847708875438298,214963.88418846962,6353.624074532173
2019,H01L,-0.15691724647398175,219669.51755959148,6837.93414196683
2020,H01L,-0.15073889277141336,224343.30773678207,6951.8283366033365
2021,H01L,-0.15182826030492694,229853.21446636567,7175.329212302966
2022,H01L,-0.14160468030006293,233278.85383626324,7297.265942876666
2023,H01L,-0.13749189992474078,235368.0821479556,5996.828584937774
2024,H01L,-0.13909856780795715,235387.52847780506,4406.349734195879
