annee,brevets_total,brevets_ia,ia_observes,ia_predits,part_ia_pct
1990,15195,92,79,23,0.605
1991,15710,74,54,22,0.471
1992,15435,60,45,18,0.389
1993,14160,93,79,24,0.657
1994,13330,81,70,15,0.608
1995,13779,77,60,24,0.559
1996,13449,109,88,33,0.81
1997,12794,77,63,21,0.602
1998,13167,112,90,31,0.851
1999,12946,106,92,17,0.819
2000,14530,119,106,19,0.819
2001,15006,141,116,31,0.94
2002,15622,202,185,23,1.293
2003,15693,154,137,21,0.981
2004,18609,186,170,21,1.0
2005,18597,157,141,16,0.844
2006,20452,160,140,31,0.782
2007,20549,128,111,20,0.623
2008,22948,180,160,29,0.784
2009,23250,163,138,31,0.701
2010,24903,157,138,23,0.63
2011,29328,249,207,53,0.849
2012,26952,154,131,28,0.571
2013,25545,152,126,27,0.595
2014,26080,169,143,31,0.648
2015,25583,169,151,24,0.661
2016,26221,181,166,22,0.69
2017,26446,247,206,47,0.934
2018,27953,321,295,42,1.148
2019,30353,492,455,69,1.621
2020,32261,741,677,108,2.297
2021,31612,845,764,136,2.673
2022,30947,855,789,114,2.763
2023,31026,935,866,127,3.014
2024,28340,872,809,142,3.077
