annee,ipc4,part_pct
1990,G06F,32.18
1991,G06F,27.27
1992,G06F,31.58
1993,G06F,32.74
1994,G06F,39.37
1995,G06F,31.3
1996,G06F,30.63
1997,G06F,35.29
1998,G06F,26.09
1999,G06F,31.82
2000,G06F,34.43
2001,G06F,30.99
2002,G06F,32.02
2003,G06F,32.7
2004,G06F,33.66
2005,G06F,39.91
2006,G06F,42.15
2007,G06F,33.82
2008,G06F,36.65
2009,G06F,35.71
2010,G06F,38.71
2011,G06F,37.24
2012,G06F,30.36
2013,G06F,37.91
2014,G06F,33.7
2015,G06F,36.36
2016,G06F,30.18
2017,G06F,30.54
2018,G06F,29.19
2019,G06F,26.93
2020,G06F,20.58
2021,G06F,22.1
2022,G06F,17.56
2023,G06F,18.25
2024,G06F,20.0
1990,G06K,3.45
1991,G06K,5.19
1992,G06K,5.26
1993,G06K,5.31
1994,G06K,3.94
1995,G06K,8.7
1996,G06K,9.01
1997,G06K,3.92
1998,G06K,4.35
1999,G06K,5.3
2000,G06K,8.2
2001,G06K,6.43
2002,G06K,7.87
2003,G06K,8.06
2004,G06K,6.44
2005,G06K,6.28
2006,G06K,5.83
2007,G06K,8.82
2008,G06K,8.9
2009,G06K,11.22
2010,G06K,6.45
2011,G06K,5.86
2012,G06K,7.14
2013,G06K,9.15
2014,G06K,11.96
2015,G06K,11.0
2016,G06K,9.46
2017,G06K,11.3
2018,G06K,9.19
2019,G06K,7.13
2020,G06K,7.32
2021,G06K,7.83
2022,G06K,7.89
2023,G06K,3.08
2024,G06K,1.77
1990,G06N,22.99
1991,G06N,27.27
1992,G06N,21.05
1993,G06N,20.35
1994,G06N,20.47
1995,G06N,26.09
1996,G06N,22.52
1997,G06N,15.69
1998,G06N,11.3
1999,G06N,11.36
2000,G06N,8.2
2001,G06N,5.26
2002,G06N,8.43
2003,G06N,6.16
2004,G06N,6.93
2005,G06N,6.73
2006,G06N,5.83
2007,G06N,7.35
2008,G06N,5.76
2009,G06N,6.12
2010,G06N,12.9
2011,G06N,8.37
2012,G06N,14.29
2013,G06N,7.84
2014,G06N,7.07
2015,G06N,9.09
2016,G06N,11.26
2017,G06N,17.99
2018,G06N,21.08
2019,G06N,27.33
2020,G06N,34.47
2021,G06N,34.76
2022,G06N,40.19
2023,G06N,38.79
2024,G06N,39.03
1990,G06Q,4.6
1991,G06Q,2.6
1992,G06Q,2.63
1993,G06Q,0.88
1994,G06Q,3.94
1995,G06Q,2.61
1996,G06Q,0.9
1997,G06Q,0.98
1998,G06Q,3.48
1999,G06Q,4.55
2000,G06Q,7.38
2001,G06Q,6.43
2002,G06Q,2.81
2003,G06Q,5.21
2004,G06Q,1.98
2005,G06Q,2.24
2006,G06Q,3.59
2007,G06Q,3.43
2008,G06Q,3.66
2009,G06Q,5.61
2010,G06Q,4.3
2011,G06Q,1.67
2012,G06Q,5.95
2013,G06Q,6.54
2014,G06Q,4.89
2015,G06Q,2.87
2016,G06Q,9.01
2017,G06Q,7.11
2018,G06Q,5.41
2019,G06Q,5.54
2020,G06Q,4.55
2021,G06Q,3.54
2022,G06Q,3.66
2023,G06Q,3.17
2024,G06Q,3.63
1990,G06T,9.2
1991,G06T,6.49
1992,G06T,5.26
1993,G06T,9.73
1994,G06T,10.24
1995,G06T,6.09
1996,G06T,10.81
1997,G06T,9.8
1998,G06T,6.09
1999,G06T,6.82
2000,G06T,8.2
2001,G06T,8.77
2002,G06T,5.62
2003,G06T,9.95
2004,G06T,6.44
2005,G06T,8.52
2006,G06T,6.28
2007,G06T,11.76
2008,G06T,9.42
2009,G06T,9.18
2010,G06T,8.6
2011,G06T,15.48
2012,G06T,8.93
2013,G06T,10.46
2014,G06T,11.41
2015,G06T,7.66
2016,G06T,8.56
2017,G06T,8.79
2018,G06T,7.84
2019,G06T,8.91
2020,G06T,8.96
2021,G06T,9.98
2022,G06T,9.77
2023,G06T,11.21
2024,G06T,9.76
1990,G06V,3.45
1991,G06V,5.19
1992,G06V,1.32
1993,G06V,4.42
1994,G06V,6.3
1995,G06V,6.09
1996,G06V,1.8
1997,G06V,4.9
1998,G06V,1.74
1999,G06V,2.27
2000,G06V,2.46
2001,G06V,1.75
2002,G06V,2.81
2003,G06V,1.9
2004,G06V,4.46
2005,G06V,3.14
2006,G06V,1.35
2007,G06V,4.9
2008,G06V,4.71
2009,G06V,4.59
2010,G06V,5.38
2011,G06V,8.37
2012,G06V,11.31
2013,G06V,9.8
2014,G06V,4.89
2015,G06V,5.26
2016,G06V,8.11
2017,G06V,7.11
2018,G06V,7.03
2019,G06V,7.52
2020,G06V,10.35
2021,G06V,9.76
2022,G06V,9.11
2023,G06V,12.5
2024,G06V,12.74
1990,G10L,22.99
1991,G10L,25.97
1992,G10L,26.32
1993,G10L,21.24
1994,G10L,13.39
1995,G10L,16.52
1996,G10L,21.62
1997,G10L,26.47
1998,G10L,45.22
1999,G10L,34.09
2000,G10L,27.05
2001,G10L,35.09
2002,G10L,35.96
2003,G10L,30.81
2004,G10L,34.16
2005,G10L,28.7
2006,G10L,30.04
2007,G10L,26.47
2008,G10L,25.13
2009,G10L,19.39
2010,G10L,16.13
2011,G10L,17.57
2012,G10L,14.29
2013,G10L,12.42
2014,G10L,18.48
2015,G10L,19.62
2016,G10L,18.47
2017,G10L,14.23
2018,G10L,15.68
2019,G10L,12.28
2020,G10L,10.23
2021,G10L,8.37
2022,G10L,8.83
2023,G10L,9.23
2024,G10L,8.39
1990,H04L,1.15
1991,H04L,0.0
1992,H04L,6.58
1993,H04L,5.31
1994,H04L,2.36
1995,H04L,2.61
1996,H04L,2.7
1997,H04L,2.94
1998,H04L,1.74
1999,H04L,3.79
2000,H04L,4.1
2001,H04L,5.26
2002,H04L,4.49
2003,H04L,5.21
2004,H04L,5.94
2005,H04L,4.48
2006,H04L,4.93
2007,H04L,3.43
2008,H04L,5.76
2009,H04L,8.16
2010,H04L,7.53
2011,H04L,5.44
2012,H04L,7.74
2013,H04L,5.88
2014,H04L,7.61
2015,H04L,8.13
2016,H04L,4.95
2017,H04L,2.93
2018,H04L,4.59
2019,H04L,4.36
2020,H04L,3.54
2021,H04L,3.65
2022,H04L,3.0
2023,H04L,3.77
2024,H04L,4.68
