annee,ipc4,brevets_ia
1990,A61B,1
1991,A61B,0
1992,A61B,0
1993,A61B,1
1994,A61B,0
1995,A61B,0
1996,A61B,2
1997,A61B,5
1998,A61B,2
1999,A61B,2
2000,A61B,6
2001,A61B,4
2002,A61B,3
2003,A61B,6
2004,A61B,5
2005,A61B,5
2006,A61B,0
2007,A61B,0
2008,A61B,7
2009,A61B,13
2010,A61B,4
2011,A61B,12
2012,A61B,5
2013,A61B,7
2014,A61B,6
2015,A61B,9
2016,A61B,9
2017,A61B,8
2018,A61B,10
2019,A61B,17
2020,A61B,36
2021,A61B,32
2022,A61B,33
2023,A61B,57
2024,A61B,48
1990,A61K,0
1991,A61K,0
1992,A61K,0
1993,A61K,0
1994,A61K,0
1995,A61K,0
1996,A61K,1
1997,A61K,0
1998,A61K,0
1999,A61K,1
2000,A61K,1
2001,A61K,1
2002,A61K,1
2003,A61K,2
2004,A61K,0
2005,A61K,1
2006,A61K,2
2007,A61K,1
2008,A61K,5
2009,A61K,5
2010,A61K,7
2011,A61K,17
2012,A61K,17
2013,A61K,17
2014,A61K,5
2015,A61K,9
2016,A61K,8
2017,A61K,20
2018,A61K,13
2019,A61K,25
2020,A61K,22
2021,A61K,23
2022,A61K,20
2023,A61K,21
2024,A61K,27
1990,G01N,3
1991,G01N,1
1992,G01N,0
1993,G01N,0
1994,G01N,1
1995,G01N,0
1996,G01N,2
1997,G01N,1
1998,G01N,0
1999,G01N,2
2000,G01N,1
2001,G01N,2
2002,G01N,3
2003,G01N,8
2004,G01N,2
2005,G01N,5
2006,G01N,3
2007,G01N,3
2008,G01N,7
2009,G01N,8
2010,G01N,6
2011,G01N,13
2012,G01N,12
2013,G01N,7
2014,G01N,9
2015,G01N,14
2016,G01N,10
2017,G01N,13
2018,G01N,10
2019,G01N,22
2020,G01N,28
2021,G01N,22
2022,G01N,29
2023,G01N,26
2024,G01N,31
1990,G05B,7
1991,G05B,2
1992,G05B,3
1993,G05B,7
1994,G05B,4
1995,G05B,2
1996,G05B,9
1997,G05B,4
1998,G05B,2
1999,G05B,9
2000,G05B,3
2001,G05B,8
2002,G05B,3
2003,G05B,7
2004,G05B,5
2005,G05B,2
2006,G05B,8
2007,G05B,7
2008,G05B,6
2009,G05B,5
2010,G05B,7
2011,G05B,3
2012,G05B,4
2013,G05B,3
2014,G05B,6
2015,G05B,6
2016,G05B,2
2017,G05B,5
2018,G05B,12
2019,G05B,14
2020,G05B,35
2021,G05B,36
2022,G05B,32
2023,G05B,27
2024,G05B,38
1990,G06F,28
1991,G06F,21
1992,G06F,24
1993,G06F,37
1994,G06F,50
1995,G06F,36
1996,G06F,34
1997,G06F,36
1998,G06F,30
1999,G06F,42
2000,G06F,42
2001,G06F,53
2002,G06F,57
2003,G06F,69
2004,G06F,68
2005,G06F,89
2006,G06F,94
2007,G06F,69
2008,G06F,70
2009,G06F,70
2010,G06F,72
2011,G06F,89
2012,G06F,51
2013,G06F,58
2014,G06F,62
2015,G06F,76
2016,G06F,67
2017,G06F,73
2018,G06F,108
2019,G06F,136
2020,G06F,163
2021,G06F,206
2022,G06F,187
2023,G06F,184
2024,G06F,248
1990,G06K,3
1991,G06K,4
1992,G06K,4
1993,G06K,6
1994,G06K,5
1995,G06K,10
1996,G06K,10
1997,G06K,4
1998,G06K,5
1999,G06K,7
2000,G06K,10
2001,G06K,11
2002,G06K,14
2003,G06K,17
2004,G06K,13
2005,G06K,14
2006,G06K,13
2007,G06K,18
2008,G06K,17
2009,G06K,22
2010,G06K,12
2011,G06K,14
2012,G06K,12
2013,G06K,14
2014,G06K,22
2015,G06K,23
2016,G06K,21
2017,G06K,27
2018,G06K,34
2019,G06K,36
2020,G06K,58
2021,G06K,73
2022,G06K,84
2023,G06K,31
2024,G06K,22
1990,G06N,20
1991,G06N,21
1992,G06N,16
1993,G06N,23
1994,G06N,26
1995,G06N,30
1996,G06N,25
1997,G06N,16
1998,G06N,13
1999,G06N,15
2000,G06N,10
2001,G06N,9
2002,G06N,15
2003,G06N,13
2004,G06N,14
2005,G06N,15
2006,G06N,13
2007,G06N,15
2008,G06N,11
2009,G06N,12
2010,G06N,24
2011,G06N,20
2012,G06N,24
2013,G06N,12
2014,G06N,13
2015,G06N,19
2016,G06N,25
2017,G06N,43
2018,G06N,78
2019,G06N,138
2020,G06N,273
2021,G06N,324
2022,G06N,428
2023,G06N,391
2024,G06N,484
1990,G06Q,4
1991,G06Q,2
1992,G06Q,2
1993,G06Q,1
1994,G06Q,5
1995,G06Q,3
1996,G06Q,1
1997,G06Q,1
1998,G06Q,4
1999,G06Q,6
2000,G06Q,9
2001,G06Q,11
2002,G06Q,5
2003,G06Q,11
2004,G06Q,4
2005,G06Q,5
2006,G06Q,8
2007,G06Q,7
2008,G06Q,7
2009,G06Q,11
2010,G06Q,8
2011,G06Q,4
2012,G06Q,10
2013,G06Q,10
2014,G06Q,9
2015,G06Q,6
2016,G06Q,20
2017,G06Q,17
2018,G06Q,20
2019,G06Q,28
2020,G06Q,36
2021,G06Q,33
2022,G06Q,39
2023,G06Q,32
2024,G06Q,45
1990,G06T,8
1991,G06T,5
1992,G06T,4
1993,G06T,11
1994,G06T,13
1995,G06T,7
1996,G06T,12
1997,G06T,10
1998,G06T,7
1999,G06T,9
2000,G06T,10
2001,G06T,15
2002,G06T,10
2003,G06T,21
2004,G06T,13
2005,G06T,19
2006,G06T,14
2007,G06T,24
2008,G06T,18
2009,G06T,18
2010,G06T,16
2011,G06T,37
2012,G06T,15
2013,G06T,16
2014,G06T,21
2015,G06T,16
2016,G06T,19
2017,G06T,21
2018,G06T,29
2019,G06T,45
2020,G06T,71
2021,G06T,93
2022,G06T,104
2023,G06T,113
2024,G06T,121
1990,G06V,3
1991,G06V,4
1992,G06V,1
1993,G06V,5
1994,G06V,8
1995,G06V,7
1996,G06V,2
1997,G06V,5
1998,G06V,2
1999,G06V,3
2000,G06V,3
2001,G06V,3
2002,G06V,5
2003,G06V,4
2004,G06V,9
2005,G06V,7
2006,G06V,3
2007,G06V,10
2008,G06V,9
2009,G06V,9
2010,G06V,10
2011,G06V,20
2012,G06V,19
2013,G06V,15
2014,G06V,9
2015,G06V,11
2016,G06V,18
2017,G06V,17
2018,G06V,26
2019,G06V,38
2020,G06V,82
2021,G06V,91
2022,G06V,97
2023,G06V,126
2024,G06V,158
1990,G10L,20
1991,G10L,20
1992,G10L,20
1993,G10L,24
1994,G10L,17
1995,G10L,19
1996,G10L,24
1997,G10L,27
1998,G10L,52
1999,G10L,45
2000,G10L,33
2001,G10L,60
2002,G10L,64
2003,G10L,65
2004,G10L,69
2005,G10L,64
2006,G10L,67
2007,G10L,54
2008,G10L,48
2009,G10L,38
2010,G10L,30
2011,G10L,42
2012,G10L,24
2013,G10L,19
2014,G10L,34
2015,G10L,41
2016,G10L,41
2017,G10L,34
2018,G10L,58
2019,G10L,62
2020,G10L,81
2021,G10L,78
2022,G10L,94
2023,G10L,93
2024,G10L,104
1990,G16H,0
1991,G16H,0
1992,G16H,0
1993,G16H,0
1994,G16H,1
1995,G16H,0
1996,G16H,0
1997,G16H,0
1998,G16H,1
1999,G16H,0
2000,G16H,1
2001,G16H,1
2002,G16H,0
2003,G16H,1
2004,G16H,2
2005,G16H,1
2006,G16H,0
2007,G16H,2
2008,G16H,3
2009,G16H,4
2010,G16H,1
2011,G16H,1
2012,G16H,0
2013,G16H,2
2014,G16H,2
2015,G16H,3
2016,G16H,4
2017,G16H,2
2018,G16H,4
2019,G16H,19
2020,G16H,30
2021,G16H,41
2022,G16H,34
2023,G16H,64
2024,G16H,63
1990,H04L,1
1991,H04L,0
1992,H04L,5
1993,H04L,6
1994,H04L,3
1995,H04L,3
1996,H04L,3
1997,H04L,3
1998,H04L,2
1999,H04L,5
2000,H04L,5
2001,H04L,9
2002,H04L,8
2003,H04L,11
2004,H04L,12
2005,H04L,10
2006,H04L,11
2007,H04L,7
2008,H04L,11
2009,H04L,16
2010,H04L,14
2011,H04L,13
2012,H04L,13
2013,H04L,9
2014,H04L,14
2015,H04L,17
2016,H04L,11
2017,H04L,7
2018,H04L,17
2019,H04L,22
2020,H04L,28
2021,H04L,34
2022,H04L,32
2023,H04L,38
2024,H04L,58
1990,H04N,4
1991,H04N,3
1992,H04N,2
1993,H04N,2
1994,H04N,3
1995,H04N,2
1996,H04N,5
1997,H04N,3
1998,H04N,4
1999,H04N,4
2000,H04N,2
2001,H04N,8
2002,H04N,3
2003,H04N,4
2004,H04N,9
2005,H04N,12
2006,H04N,8
2007,H04N,14
2008,H04N,9
2009,H04N,8
2010,H04N,11
2011,H04N,14
2012,H04N,6
2013,H04N,10
2014,H04N,10
2015,H04N,13
2016,H04N,11
2017,H04N,8
2018,H04N,14
2019,H04N,15
2020,H04N,18
2021,H04N,23
2022,H04N,18
2023,H04N,22
2024,H04N,15
