code_pays,pays,brevets_ia_pondere,brevets_total_pondere,part_ia_pct
US,États-Unis,2642.3,231824.1,1.14
JP,Japon,1242.6,138318.2,0.898
DE,Allemagne,1155.9,91662.3,1.261
CN,Chine,648.9,33555.2,1.934
FR,France,573.0,41745.9,1.372
GB,Royaume-Uni,446.7,25929.2,1.723
KR,Corée du Sud,341.5,29317.9,1.165
NL,Pays-Bas,209.6,16202.9,1.294
IN,Inde,197.4,5720.9,3.451
CA,Canada,182.7,14194.8,1.287
CH,Suisse,144.2,15178.1,0.95
SE,Suède,129.1,10162.9,1.271
IL,Israël,124.7,8183.6,1.523
IT,Italie,118.4,14478.4,0.818
ES,Espagne,83.5,7171.8,1.165
BE,Belgique,78.2,9605.6,0.814
AU,Australie,74.7,7345.2,1.017
DK,Danemark,56.8,4859.7,1.169
AT,Autriche,54.7,6201.4,0.882
FI,Finlande,39.6,6355.5,0.624
IE,Irlande,38.0,1557.4,2.443
TW,Taïwan,36.7,5439.2,0.675
SG,Singapour,31.0,2170.8,1.426
PL,Pologne,20.2,1594.1,1.265
RU,Russie,19.0,1937.3,0.979
