annee,publications_mappees
1922,1
1923,0
1924,0
1925,0
1926,0
1927,0
1928,0
1929,0
1930,0
1931,0
1932,0
1933,0
1934,0
1935,0
1936,0
1937,0
1938,0
1939,0
1940,0
1941,0
1942,0
1943,0
1944,0
1945,0
1946,0
1947,0
1948,1
1949,0
1950,0
1951,0
1952,0
1953,0
1954,0
1955,1
1956,0
1957,1
1958,3
1959,1
1960,1
1961,2
1962,0
1963,0
1964,1
1965,0
1966,1
1967,2
1968,2
1969,3
1970,2
1971,5
1972,3
1973,5
1974,4
1975,3
1976,11
1977,3
1978,5
1979,8
1980,8
1981,7
1982,9
1983,11
1984,9
1985,21
1986,29
1987,33
1988,63
1989,92
1990,126
1991,142
1992,102
1993,124
1994,144
1995,151
1996,161
1997,172
1998,146
1999,130
2000,171
2001,135
2002,184
2003,260
2004,173
2005,211
2006,189
2007,164
2008,151
2009,169
2010,150
2011,147
2012,172
2013,200
2014,196
2015,248
2016,389
2017,541
2018,736
2019,816
2020,633
2021,459
2022,182
2023,30
2024,14
2025,4
2026,2
