topic,count
Speech Recognition and Synthesis,195
Neural Networks and Applications,192
Natural Language Processing Techniques,118
Speech and dialogue systems,102
AI in cancer detection,49
AI-based Problem Solving and Planning,43
Anomaly Detection Techniques and Applications,29
Advanced Text Analysis Techniques,24
Machine Learning and Algorithms,21
Evolutionary Algorithms and Applications,20
Bayesian Modeling and Causal Inference,19
Text and Document Classification Technologies,18
Sentiment Analysis and Opinion Mining,14
Neural Networks and Reservoir Computing,13
Advanced Clustering Algorithms Research,13
Imbalanced Data Classification Techniques,11
Wireless Signal Modulation Classification,11
Machine Learning and Data Classification,10
Authorship Attribution and Profiling,8
Data Stream Mining Techniques,8
