year,country,gdp_per_capita,labor_productivity,pgf
1890,AUS,8650.49,11.28,4.2735
1891,AUS,9055.65,11.35,4.3317
1892,AUS,7753.44,9.4,3.5958
1893,AUS,7195.4,8.52,3.2783
1894,AUS,7307.34,8.45,3.2832
1895,AUS,6767.36,7.63,2.9937
1896,AUS,7150.91,7.88,3.1227
1897,AUS,6636.73,7.15,2.8525
1898,AUS,7551.33,7.97,3.2125
1899,AUS,7451.08,7.74,3.1295
1900,AUS,7788.27,7.96,3.2321
1901,AUS,7449.38,7.49,3.0586
1902,AUS,7418.06,7.44,3.0359
1903,AUS,7910.26,8.15,3.2506
1904,AUS,8334.27,8.43,3.3302
1905,AUS,8309.51,8.61,3.3373
1906,AUS,8746.95,9.06,3.482
1907,AUS,8958.56,9.1,3.4909
1908,AUS,9107.37,9.15,3.4558
1909,AUS,9665.26,9.67,3.6155
1910,AUS,10110.1,9.98,3.7097
1911,AUS,9904.3,10.0,3.666
1912,AUS,9894.01,9.77,3.6006
1913,AUS,10007.22,10.08,3.6561
1914,AUS,9754.84,9.66,3.4744
1915,AUS,9502.26,9.78,3.4204
1916,AUS,9466.75,9.86,3.4272
1917,AUS,9297.55,9.85,3.3984
1918,AUS,8929.69,9.64,3.3066
1919,AUS,9150.97,10.04,3.4489
1920,AUS,9248.01,10.1,3.4718
1921,AUS,9529.85,10.44,3.5522
1922,AUS,9826.5,10.63,3.6012
1923,AUS,10075.56,10.71,3.6014
1924,AUS,10512.96,11.2,3.7275
1925,AUS,10776.22,11.36,3.7597
1926,AUS,10814.01,11.49,3.7604
1927,AUS,10758.19,11.35,3.7003
1928,AUS,10579.62,11.4,3.6741
1929,AUS,10213.24,11.21,3.572
1930,AUS,9136.85,10.31,3.2407
1931,AUS,8448.53,10.6,3.2333
1932,AUS,8856.36,11.5,3.4956
1933,AUS,9397.09,11.68,3.6048
1934,AUS,9819.08,11.74,3.6693
1935,AUS,10319.22,11.98,3.7757
1936,AUS,10703.96,12.16,3.8435
1937,AUS,11149.91,12.53,3.9567
1938,AUS,11422.9,12.62,3.9882
1939,AUS,11343.79,12.63,3.9569
1940,AUS,11965.9,13.3,4.1571
1941,AUS,13173.12,14.47,4.5324
1942,AUS,14564.95,16.07,5.0361
1943,AUS,14947.98,17.01,5.3052
1944,AUS,14286.62,16.4,5.1398
1945,AUS,13422.81,15.41,4.8632
1946,AUS,12798.01,14.21,4.5541
1947,AUS,12932.81,13.82,4.5021
1948,AUS,13520.93,14.59,4.7526
1949,AUS,14043.59,15.01,4.9208
1950,AUS,14382.77,15.59,5.1243
1951,AUS,14568.62,16.14,5.2804
1952,AUS,14394.92,16.17,5.2529
1953,AUS,14564.57,16.57,5.3319
1954,AUS,15118.27,17.48,5.588
1955,AUS,15577.85,18.3,5.8087
1956,AUS,15734.87,18.8,5.9069
1957,AUS,15699.77,19.11,5.9134
1958,AUS,16117.46,20.04,6.0979
1959,AUS,16744.19,21.21,6.3648
1960,AUS,16779.74,21.28,6.3572
1961,AUS,16662.11,21.53,6.3613
1962,AUS,17271.14,22.38,6.5799
1963,AUS,18125.7,23.32,6.8299
1964,AUS,18836.41,23.9,6.9765
1965,AUS,18910.29,23.81,6.9035
1966,AUS,19648.8,24.52,7.0688
1967,AUS,20390.69,25.07,7.1793
1968,AUS,21445.65,26.26,7.4546
1969,AUS,22508.49,27.43,7.7212
1970,AUS,22952.35,27.52,7.7055
1971,AUS,22883.28,28.2,7.8047
1972,AUS,23113.34,28.83,7.8628
1973,AUS,23700.28,29.42,7.9561
1974,AUS,23638.99,28.95,7.7889
1975,AUS,24013.28,30.02,7.9607
1976,AUS,24627.57,30.52,8.0464
1977,AUS,24549.33,30.49,7.9664
1978,AUS,25279.31,31.77,8.2042
1979,AUS,25740.42,31.94,8.2103
1980,AUS,26231.94,32.29,8.262
1981,AUS,26893.61,33.23,8.4049
1982,AUS,25843.54,33.62,8.3118
1983,AUS,26662.68,34.55,8.5043
1984,AUS,27735.06,35.31,8.6874
1985,AUS,28453.58,35.22,8.684
1986,AUS,28762.6,35.24,8.6598
1987,AUS,29959.4,36.0,8.8512
1988,AUS,30615.4,35.89,8.8428
1989,AUS,31178.15,36.01,8.857
1990,AUS,30602.44,36.58,8.8475
1991,AUS,30344.37,37.42,8.9268
1992,AUS,31221.02,38.57,9.1637
1993,AUS,32176.35,38.66,9.2171
1994,AUS,33106.62,38.74,9.2646
1995,AUS,34002.7,39.91,9.4804
1996,AUS,34906.84,41.29,9.7371
1997,AUS,36124.36,42.69,10.0129
1998,AUS,37538.66,44.04,10.2781
1999,AUS,38578.7,44.41,10.3493
2000,AUS,38918.37,44.92,10.3796
2001,AUS,39956.27,46.48,10.6729
2002,AUS,40733.49,47.18,10.7883
2003,AUS,41965.65,48.27,10.9799
2004,AUS,42828.73,48.11,10.9291
2005,AUS,43470.16,48.29,10.9113
2006,AUS,44507.58,48.53,10.9305
2007,AUS,45262.24,49.08,10.9882
2008,AUS,45194.03,50.77,11.1591
2009,AUS,45248.98,50.35,11.0199
2010,AUS,45615.86,51.14,11.0814
2011,AUS,46741.93,51.74,11.1608
2012,AUS,47117.35,52.97,11.2729
2013,AUS,47507.89,53.88,11.3408
2014,AUS,47812.03,54.11,11.3125
2015,AUS,48415.73,55.46,11.486
2016,AUS,48753.22,55.3,11.4422
2017,AUS,49320.84,55.93,11.5397
2018,AUS,49623.69,55.95,11.5166
2019,AUS,48849.55,56.62,11.5194
2020,AUS,49305.15,57.69,11.6671
2021,AUS,50999.88,58.26,11.7908
2022,AUS,52129.28,57.56,11.7281
1890,AUT,4832.24,4.29,2.4251
1891,AUT,4966.75,4.45,2.4988
1892,AUT,5045.17,4.56,2.5427
1893,AUT,5038.27,4.59,2.5466
1894,AUT,5283.5,4.86,2.6766
1895,AUT,5378.59,4.99,2.7304
1896,AUT,5441.94,5.08,2.7638
1897,AUT,5460.69,5.18,2.7897
1898,AUT,5718.28,5.49,2.9265
1899,AUT,5773.81,5.6,2.9593
1900,AUT,5758.06,5.65,2.9571
1901,AUT,5884.63,5.76,3.0016
1902,AUT,5904.74,5.77,2.9929
1903,AUT,5905.94,5.76,2.9728
1904,AUT,5948.86,5.78,2.9746
1905,AUT,6242.47,6.05,3.0989
1906,AUT,6409.18,6.19,3.1596
1907,AUT,6761.58,6.52,3.3094
1908,AUT,6732.82,6.47,3.27
1909,AUT,6658.38,6.39,3.2079
1910,AUT,6690.34,6.41,3.1985
1911,AUT,6853.4,6.69,3.3025
1912,AUT,7137.76,7.12,3.4683
1913,AUT,7050.7,7.16,3.4424
1914,AUT,6310.38,6.55,3.106
1915,AUT,6317.43,6.7,3.2663
1916,AUT,5675.82,6.1,2.9941
1917,AUT,4949.59,5.37,2.6254
1918,AUT,4413.74,4.83,2.3524
1919,AUT,4660.85,4.95,2.4031
1920,AUT,4907.95,5.33,2.6447
1921,AUT,5395.35,5.81,2.8591
1922,AUT,5861.17,6.33,3.0615
1923,AUT,5783.39,6.28,2.9835
1924,AUT,6444.09,7.02,3.3389
1925,AUT,6859.67,7.51,3.4943
1926,AUT,6949.97,7.64,3.5336
1927,AUT,7142.55,7.88,3.6194
1928,AUT,7452.84,8.26,3.7689
1929,AUT,7538.47,8.39,3.7945
1930,AUT,7306.11,8.17,3.6556
1931,AUT,6695.6,7.51,3.3388
1932,AUT,5985.23,6.75,2.985
1933,AUT,5766.74,6.53,2.8891
1934,AUT,5801.94,8.8,3.5762
1935,AUT,5919.41,8.12,3.4034
1936,AUT,6095.25,7.64,3.2873
1937,AUT,6425.58,7.41,3.2655
1938,AUT,7249.95,7.75,3.4856
1939,AUT,8321.55,8.3,3.7833
1940,AUT,8040.11,8.16,3.6159
1941,AUT,8571.03,8.85,3.9244
1942,AUT,8094.2,8.5,3.7031
1943,AUT,8258.6,8.83,3.8646
1944,AUT,7739.59,8.42,3.6503
1945,AUT,3539.61,3.92,1.6782
1946,AUT,3958.21,4.47,1.9068
1947,AUT,4382.67,5.04,2.1252
1948,AUT,5570.0,6.53,2.7298
1949,AUT,6633.55,7.92,3.2766
1950,AUT,7463.06,9.08,3.7215
1951,AUT,7972.57,9.53,3.8977
1952,AUT,7984.83,9.77,3.9211
1953,AUT,8332.0,10.33,4.0889
1954,AUT,9171.73,11.07,4.3932
1955,AUT,10216.03,11.77,4.6859
1956,AUT,10838.06,12.14,4.7994
1957,AUT,11448.19,12.58,4.9319
1958,AUT,11838.69,12.96,5.0074
1959,AUT,12165.47,13.19,5.0384
1960,AUT,13155.25,14.06,5.3131
1961,AUT,13810.99,14.85,5.5042
1962,AUT,14093.0,15.41,5.5762
1963,AUT,14593.19,16.27,5.7516
1964,AUT,15399.43,17.42,6.0321
1965,AUT,15849.99,18.28,6.1857
1966,AUT,16628.59,19.6,6.4777
1967,AUT,17060.53,20.72,6.6711
1968,AUT,17767.73,22.12,6.9601
1969,AUT,18829.71,23.71,7.3258
1970,AUT,20063.82,26.17,7.8838
1971,AUT,20994.11,27.2,8.0788
1972,AUT,22170.3,28.77,8.3882
1973,AUT,23125.1,28.82,8.3375
1974,AUT,23995.98,31.14,8.7499
1975,AUT,23972.13,31.83,8.7208
1976,AUT,25112.42,33.12,8.9635
1977,AUT,26377.98,35.55,9.4077
1978,AUT,26343.71,34.71,9.0857
1979,AUT,27802.22,36.31,9.3862
1980,AUT,28283.61,37.89,9.5759
1981,AUT,28170.86,37.75,9.408
1982,AUT,28716.84,39.06,9.5622
1983,AUT,29618.44,40.42,9.7764
1984,AUT,29635.51,40.59,9.7091
1985,AUT,30361.75,41.54,9.8493
1986,AUT,31040.76,42.74,10.0158
1987,AUT,31442.09,43.07,10.012
1988,AUT,32432.45,44.02,10.1591
1989,AUT,33541.67,45.13,10.3401
1990,AUT,34733.6,46.15,10.5183
1991,AUT,35572.07,47.15,10.6612
1992,AUT,35919.28,47.93,10.7115
1993,AUT,35811.99,48.44,10.6792
1994,AUT,36531.34,49.62,10.8182
1995,AUT,37448.61,50.21,10.8702
1996,AUT,38276.77,50.26,10.8382
1997,AUT,39033.87,50.7,10.8558
1998,AUT,40387.5,52.62,11.1465
1999,AUT,41742.52,53.56,11.2901
2000,AUT,43047.99,54.83,11.4819
2001,AUT,43426.92,55.53,11.5121
2002,AUT,43926.6,56.59,11.6174
2003,AUT,44142.85,57.03,11.6249
2004,AUT,45066.01,58.15,11.7853
2005,AUT,45764.53,59.55,11.9724
2006,AUT,47100.91,61.13,12.2322
2007,AUT,48696.12,62.66,12.4982
2008,AUT,49250.83,62.67,12.4631
2009,AUT,47283.43,62.23,12.1746
2010,AUT,48039.27,63.17,12.3078
2011,AUT,49281.48,63.8,12.447
2012,AUT,49394.37,64.49,12.5023
2013,AUT,49110.2,64.9,12.4971
2014,AUT,49049.02,65.14,12.4916
2015,AUT,49055.22,66.07,12.5976
2016,AUT,49399.81,65.98,12.6029
2017,AUT,50198.1,66.8,12.7324
2018,AUT,51167.57,67.11,12.7966
2019,AUT,51710.34,67.05,12.7732
2020,AUT,48160.28,68.72,12.6588
2021,AUT,50159.81,68.56,12.7478
2022,AUT,52037.8,69.89,13.0309
1890,BEL,4607.05,3.39,1.636
1891,BEL,4545.76,3.36,1.6097
1892,BEL,4591.67,3.4,1.6186
1893,BEL,4592.75,3.42,1.6163
1894,BEL,4593.13,3.43,1.6068
1895,BEL,4606.64,3.45,1.6032
1896,BEL,4681.64,3.51,1.6231
1897,BEL,4726.81,3.55,1.6258
1898,BEL,4761.81,3.58,1.6277
1899,BEL,4812.65,3.63,1.6326
1900,BEL,4909.61,3.67,1.642
1901,BEL,4873.62,3.68,1.6275
1902,BEL,4866.08,3.72,1.6263
1903,BEL,4888.02,3.77,1.6356
1904,BEL,4932.96,3.85,1.6464
1905,BEL,4995.76,3.93,1.6628
1906,BEL,5029.22,4.0,1.668
1907,BEL,5051.7,4.05,1.6734
1908,BEL,5062.44,4.09,1.673
1909,BEL,5126.22,4.17,1.6854
1910,BEL,5293.61,4.31,1.7224
1911,BEL,5454.21,4.52,1.7772
1912,BEL,5518.27,4.7,1.8159
1913,BEL,5520.63,4.83,1.8328
1914,BEL,4044.6,3.73,1.3762
1915,BEL,3322.2,3.22,1.168
1916,BEL,3744.42,3.8,1.3687
1917,BEL,3166.2,3.36,1.1994
1918,BEL,3017.18,3.33,1.1798
1919,BEL,3775.55,4.37,1.5354
1920,BEL,5822.62,7.02,2.4203
1921,BEL,6237.11,7.22,2.4842
1922,BEL,6653.82,7.53,2.5902
1923,BEL,7076.32,7.82,2.6942
1924,BEL,7382.09,7.99,2.7573
1925,BEL,7387.56,8.04,2.7552
1926,BEL,7482.85,8.18,2.7854
1927,BEL,7485.01,8.21,2.7853
1928,BEL,8043.02,8.89,2.9997
1929,BEL,8288.78,9.22,3.0874
1930,BEL,8474.34,9.49,3.1344
1931,BEL,8217.54,9.46,3.0719
1932,BEL,7848.0,9.3,2.9778
1933,BEL,7796.45,9.29,2.958
1934,BEL,7652.38,9.16,2.8984
1935,BEL,8041.7,9.59,3.0338
1936,BEL,8284.15,9.7,3.0794
1937,BEL,8660.14,10.11,3.2094
1938,BEL,8540.8,10.07,3.1858
1939,BEL,8255.28,9.64,3.0545
1940,BEL,6864.41,7.87,2.5059
1941,BEL,5937.64,6.67,2.1452
1942,BEL,6114.52,6.76,2.1884
1943,BEL,4934.94,5.39,1.7597
1944,BEL,4931.67,5.52,1.8152
1945,BEL,5210.35,5.98,1.981
1946,BEL,8091.7,9.51,3.1589
1947,BEL,8965.21,10.47,3.4772
1948,BEL,9377.3,11.07,3.6498
1949,BEL,9662.97,11.65,3.7903
1950,BEL,10028.36,11.96,3.8755
1951,BEL,10584.69,12.7,4.0699
1952,BEL,10545.94,12.74,4.0579
1953,BEL,10952.06,13.32,4.2208
1954,BEL,11376.37,13.91,4.382
1955,BEL,11779.4,14.5,4.507
1956,BEL,12132.9,15.05,4.6412
1957,BEL,12355.37,15.35,4.7047
1958,BEL,12056.78,15.3,4.6355
1959,BEL,12307.22,15.92,4.7726
1960,BEL,12844.61,16.32,4.8894
1961,BEL,13415.45,17.03,5.0639
1962,BEL,14028.34,17.72,5.2266
1963,BEL,14485.38,18.41,5.3745
1964,BEL,15268.35,19.44,5.6332
1965,BEL,15571.62,20.06,5.7365
1966,BEL,15769.77,20.5,5.7765
1967,BEL,16072.09,21.23,5.8833
1968,BEL,16566.89,22.12,6.0389
1969,BEL,17565.01,23.23,6.2955
1970,BEL,18727.49,25.48,6.7741
1971,BEL,19360.02,26.4,6.938
1972,BEL,20301.96,28.24,7.3099
1973,BEL,21480.76,30.15,7.7146
1974,BEL,22314.13,31.44,7.9511
1975,BEL,21957.34,31.64,7.8543
1976,BEL,23160.7,33.56,8.2302
1977,BEL,23279.6,34.4,8.2999
1978,BEL,23921.7,35.69,8.5019
1979,BEL,24464.3,36.53,8.6149
1980,BEL,25534.22,38.67,9.0035
1981,BEL,25444.82,39.83,9.1013
1982,BEL,25575.45,40.94,9.2518
1983,BEL,25642.21,41.46,9.3019
1984,BEL,26271.98,41.9,9.4049
1985,BEL,26700.52,42.24,9.4659
1986,BEL,27181.69,43.24,9.6349
1987,BEL,27777.69,44.32,9.8233
1988,BEL,28989.82,45.86,10.1486
1989,BEL,29886.89,46.98,10.3521
1990,BEL,30737.98,47.53,10.4408
1991,BEL,31182.55,49.35,10.6726
1992,BEL,31530.65,50.89,10.8679
1993,BEL,31106.62,52.16,10.9413
1994,BEL,32015.2,54.07,11.2525
1995,BEL,32710.77,54.3,11.2941
1996,BEL,33077.77,54.98,11.3642
1997,BEL,34251.69,56.43,11.6333
1998,BEL,34848.34,56.83,11.6807
1999,BEL,36001.77,58.01,11.8955
2000,BEL,37248.78,58.47,12.0114
2001,BEL,37526.58,58.6,11.9851
2002,BEL,37997.21,59.0,12.0224
2003,BEL,38232.51,59.5,12.0652
2004,BEL,39426.88,61.42,12.405
2005,BEL,40118.98,62.36,12.5456
2006,BEL,40873.82,62.68,12.6011
2007,BEL,42065.64,63.84,12.8175
2008,BEL,41922.24,63.45,12.6843
2009,BEL,40747.9,63.04,12.4592
2010,BEL,41530.36,64.0,12.6301
2011,BEL,41690.77,63.56,12.5694
2012,BEL,41738.04,63.87,12.5695
2013,BEL,41734.33,64.43,12.5946
2014,BEL,42204.02,65.35,12.7212
2015,BEL,42817.3,66.36,12.8681
2016,BEL,43141.54,66.42,12.8524
2017,BEL,43670.68,66.29,12.8189
2018,BEL,44251.38,66.43,12.8304
2019,BEL,45007.95,66.98,12.9133
2020,BEL,42391.42,69.09,12.8962
2021,BEL,44869.55,68.33,12.9662
2022,BEL,45926.69,69.14,13.126
1890,CAN,4435.37,4.19,2.1152
1891,CAN,4491.97,3.86,1.9953
1892,CAN,4421.31,3.79,1.9492
1893,CAN,4352.05,3.72,1.9076
1894,CAN,4513.85,3.85,1.9682
1895,CAN,4421.54,3.76,1.9211
1896,CAN,4267.72,3.62,1.8468
1897,CAN,4683.65,3.96,2.022
1898,CAN,4817.81,4.07,2.0721
1899,CAN,5213.46,4.4,2.2266
1900,CAN,5429.14,4.59,2.307
1901,CAN,5775.09,4.94,2.457
1902,CAN,6211.75,5.21,2.5817
1903,CAN,6216.79,5.16,2.5443
1904,CAN,6115.97,5.04,2.4656
1905,CAN,6642.33,5.44,2.6343
1906,CAN,7172.68,5.79,2.7721
1907,CAN,7226.1,5.93,2.8035
1908,CAN,6661.43,5.47,2.5466
1909,CAN,7179.0,5.88,2.6972
1910,CAN,7582.12,6.21,2.8037
1911,CAN,7855.84,6.46,2.8541
1912,CAN,8162.79,6.8,2.9257
1913,CAN,8292.65,7.06,2.9466
1914,CAN,7506.64,6.66,2.6903
1915,CAN,7893.79,7.16,2.8352
1916,CAN,8664.41,7.98,3.118
1917,CAN,8952.47,8.4,3.2472
1918,CAN,8281.14,7.96,3.0431
1919,CAN,7495.56,7.45,2.8259
1920,CAN,7201.16,7.47,2.8049
1921,CAN,6260.39,6.56,2.4626
1922,CAN,7073.73,7.37,2.7712
1923,CAN,7414.65,7.69,2.8906
1924,CAN,7416.63,7.65,2.8693
1925,CAN,8094.06,8.3,3.1127
1926,CAN,8386.43,8.56,3.2084
1927,CAN,9039.03,9.17,3.4348
1928,CAN,9644.35,9.71,3.6318
1929,CAN,9446.41,9.45,3.5146
1930,CAN,8971.16,9.01,3.3212
1931,CAN,7466.37,7.54,2.7645
1932,CAN,6846.79,7.0,2.5525
1933,CAN,6285.37,6.41,2.3535
1934,CAN,6883.3,6.95,2.5759
1935,CAN,7367.41,7.45,2.774
1936,CAN,7691.11,7.73,2.8983
1937,CAN,8342.34,8.34,3.1397
1938,CAN,8477.54,8.66,3.2438
1939,CAN,8891.95,9.0,3.3888
1940,CAN,10011.09,9.82,3.7395
1941,CAN,11283.9,11.03,4.2072
1942,CAN,13116.34,12.51,4.8036
1943,CAN,13544.11,12.45,4.8333
1944,CAN,13879.42,12.99,5.0194
1945,CAN,13302.04,13.21,5.0122
1946,CAN,12925.88,13.79,5.1178
1947,CAN,13218.6,14.67,5.3628
1948,CAN,13175.92,14.76,5.3535
1949,CAN,13173.6,14.88,5.3402
1950,CAN,13597.67,15.6,5.5519
1951,CAN,14048.99,16.18,5.6945
1952,CAN,14607.6,17.32,6.0124
1953,CAN,14889.62,18.04,6.1743
1954,CAN,14358.43,18.13,6.0682
1955,CAN,15294.28,19.75,6.503
1956,CAN,16134.77,20.62,6.7269
1957,CAN,16050.47,20.87,6.6903
1958,CAN,15914.84,21.49,6.7163
1959,CAN,16180.07,21.77,6.7187
1960,CAN,16322.3,22.23,6.7591
1961,CAN,16471.04,22.81,6.8424
1962,CAN,17368.43,23.85,7.1156
1963,CAN,17950.99,24.73,7.312
1964,CAN,18788.15,25.54,7.5244
1965,CAN,19616.72,26.37,7.7217
1966,CAN,20556.2,26.88,7.8516
1967,CAN,20808.5,27.03,7.8184
1968,CAN,21500.92,28.35,8.0744
1969,CAN,22285.24,29.11,8.2253
1970,CAN,22617.31,29.9,8.3324
1971,CAN,23224.35,30.65,8.4633
1972,CAN,24223.33,31.72,8.6856
1973,CAN,25539.09,32.44,8.8731
1974,CAN,26030.69,32.46,8.8351
1975,CAN,26050.0,32.86,8.8209
1976,CAN,27223.61,34.8,9.2065
1977,CAN,27858.0,35.8,9.349
1978,CAN,28612.45,36.08,9.3696
1979,CAN,29386.09,35.73,9.2804
1980,CAN,29641.05,35.63,9.1925
1981,CAN,30284.83,36.11,9.2409
1982,CAN,28972.88,36.61,9.0816
1983,CAN,29434.06,37.46,9.1784
1984,CAN,30880.26,38.48,9.3981
1985,CAN,32049.07,38.82,9.4787
1986,CAN,32412.66,38.49,9.3662
1987,CAN,33291.11,38.67,9.3956
1988,CAN,34311.55,39.04,9.4591
1989,CAN,34482.2,39.14,9.4135
1990,CAN,34022.23,39.09,9.2861
1991,CAN,32901.04,39.44,9.1776
1992,CAN,32806.54,40.24,9.2445
1993,CAN,33311.39,41.06,9.3706
1994,CAN,34429.39,41.87,9.5534
1995,CAN,34992.99,42.38,9.6319
1996,CAN,35189.81,42.29,9.595
1997,CAN,36333.08,42.96,9.7511
1998,CAN,37436.69,43.77,9.9071
1999,CAN,39050.8,44.9,10.153
2000,CAN,40691.98,46.33,10.448
2001,CAN,40972.82,47.07,10.5298
2002,CAN,41752.88,47.83,10.6456
2003,CAN,42123.66,47.94,10.6236
2004,CAN,43020.74,48.33,10.6848
2005,CAN,43981.85,49.4,10.8431
2006,CAN,44686.69,50.03,10.9033
2007,CAN,45171.7,50.05,10.8499
2008,CAN,45133.94,49.94,10.745
2009,CAN,43315.94,50.1,10.5615
2010,CAN,44160.63,50.65,10.6588
2011,CAN,45106.34,51.53,10.7902
2012,CAN,45404.95,51.52,10.7435
2013,CAN,45974.15,52.27,10.821
2014,CAN,46820.54,53.76,11.0266
2015,CAN,46778.74,53.65,10.9319
2016,CAN,46715.19,54.01,10.9329
2017,CAN,47561.34,54.86,11.0822
2018,CAN,48196.55,54.94,11.1111
2019,CAN,48406.41,55.18,11.1328
2020,CAN,45423.43,59.53,11.4834
2021,CAN,47439.42,56.46,11.1649
2022,CAN,48295.42,55.82,11.1164
1890,CHE,8949.35,5.96,2.6986
1891,CHE,8401.45,5.54,2.4724
1892,CHE,9020.31,5.93,2.6072
1893,CHE,9265.64,6.07,2.6436
1894,CHE,8943.05,5.85,2.516
1895,CHE,9810.53,6.4,2.7264
1896,CHE,9946.17,6.46,2.7205
1897,CHE,10337.19,6.69,2.7702
1898,CHE,10399.4,6.71,2.7234
1899,CHE,10786.63,6.94,2.7581
1900,CHE,10781.61,6.95,2.7085
1901,CHE,10533.11,6.81,2.6044
1902,CHE,10640.32,6.91,2.6015
1903,CHE,10301.08,6.72,2.5108
1904,CHE,10712.52,7.02,2.6115
1905,CHE,11006.63,7.14,2.6354
1906,CHE,11829.63,7.83,2.8512
1907,CHE,11792.91,7.84,2.8004
1908,CHE,11471.07,7.66,2.6803
1909,CHE,11924.94,8.0,2.7475
1910,CHE,12182.84,8.21,2.7857
1911,CHE,12313.52,8.32,2.7917
1912,CHE,12300.82,8.35,2.7726
1913,CHE,11998.87,8.19,2.6891
1914,CHE,11907.0,8.27,2.6656
1915,CHE,12067.16,8.43,2.6767
1916,CHE,12029.17,8.48,2.6345
1917,CHE,10699.8,7.63,2.2904
1918,CHE,10683.84,7.67,2.2513
1919,CHE,11419.06,8.26,2.3943
1920,CHE,12134.76,8.89,2.5379
1921,CHE,11836.67,8.76,2.4688
1922,CHE,12989.52,9.71,2.725
1923,CHE,13709.47,10.39,2.8883
1924,CHE,14173.28,10.9,3.0051
1925,CHE,15154.15,11.75,3.2145
1926,CHE,15824.01,12.3,3.3482
1927,CHE,16571.84,12.84,3.4855
1928,CHE,17357.3,13.42,3.6188
1929,CHE,17810.0,13.8,3.6988
1930,CHE,17568.05,13.71,3.6422
1931,CHE,16715.91,13.95,3.6179
1932,CHE,16061.12,14.27,3.6321
1933,CHE,16781.79,16.17,4.0341
1934,CHE,16742.43,15.25,3.8836
1935,CHE,16615.03,15.44,3.9208
1936,CHE,16618.83,15.44,3.9383
1937,CHE,17358.63,15.55,4.0208
1938,CHE,17972.55,16.35,4.2044
1939,CHE,17890.68,15.78,4.0972
1940,CHE,17992.51,15.49,4.0656
1941,CHE,17754.2,15.39,4.0521
1942,CHE,17178.13,14.95,3.9495
1943,CHE,16880.95,14.69,3.9052
1944,CHE,17126.07,15.02,4.0076
1945,CHE,21805.2,19.25,5.1682
1946,CHE,23010.56,20.37,5.4985
1947,CHE,25456.96,22.69,6.1395
1948,CHE,25640.65,23.03,6.2517
1949,CHE,24630.68,22.58,6.098
1950,CHE,25494.51,23.62,6.3729
1951,CHE,27239.71,24.73,6.7218
1952,CHE,27087.73,24.56,6.6732
1953,CHE,27678.96,25.34,6.8556
1954,CHE,28935.65,26.57,7.1626
1955,CHE,30566.49,27.9,7.5051
1956,CHE,32175.93,29.02,7.8023
1957,CHE,32925.2,29.61,7.9267
1958,CHE,31775.78,29.34,7.7453
1959,CHE,33388.48,31.3,8.1943
1960,CHE,35038.49,32.71,8.5441
1961,CHE,37132.88,33.73,8.8358
1962,CHE,37938.84,33.99,8.8839
1963,CHE,38956.92,35.06,9.0707
1964,CHE,40331.43,36.28,9.2886
1965,CHE,41134.91,37.64,9.4687
1966,CHE,41703.72,38.65,9.5854
1967,CHE,42451.0,39.57,9.7132
1968,CHE,43423.24,40.69,9.8976
1969,CHE,45356.69,42.22,10.213
1970,CHE,47902.03,44.2,10.6214
1971,CHE,49254.66,45.42,10.8183
1972,CHE,50369.87,46.79,10.9957
1973,CHE,51585.61,48.4,11.206
1974,CHE,52183.42,49.89,11.3457
1975,CHE,48809.48,48.8,10.8013
1976,CHE,48657.85,49.64,10.8115
1977,CHE,49975.29,51.35,11.1052
1978,CHE,50051.76,51.45,11.0854
1979,CHE,51151.23,52.53,11.2692
1980,CHE,53217.03,54.14,11.5942
1981,CHE,53699.68,54.33,11.5867
1982,CHE,52684.55,53.68,11.3586
1983,CHE,52900.68,54.47,11.4268
1984,CHE,54298.08,56.17,11.7027
1985,CHE,56050.05,57.29,11.9102
1986,CHE,56747.68,57.34,11.8964
1987,CHE,57246.16,56.89,11.792
1988,CHE,58656.95,57.28,11.8658
1989,CHE,60728.48,58.71,12.1131
1990,CHE,62161.34,59.21,12.1926
1991,CHE,60841.77,57.69,11.8227
1992,CHE,60263.26,58.2,11.7941
1993,CHE,59793.25,58.73,11.7876
1994,CHE,60139.52,59.14,11.8232
1995,CHE,59892.42,60.2,11.9113
1996,CHE,59347.64,61.49,12.0286
1997,CHE,59866.88,63.32,12.2915
1998,CHE,60856.17,64.08,12.4313
1999,CHE,61051.38,63.8,12.3674
2000,CHE,62641.38,65.86,12.7063
2001,CHE,62917.82,67.37,12.878
2002,CHE,62177.37,67.72,12.8392
2003,CHE,61478.24,67.4,12.7161
2004,CHE,62469.75,67.79,12.798
2005,CHE,63425.9,69.35,13.0281
2006,CHE,65435.39,71.09,13.331
2007,CHE,67292.64,72.46,13.5771
2008,CHE,68500.44,73.17,13.6883
2009,CHE,66277.53,71.53,13.2938
2010,CHE,67881.41,73.56,13.626
2011,CHE,68349.92,73.14,13.5784
2012,CHE,68425.51,73.43,13.5951
2013,CHE,68855.47,74.78,13.7665
2014,CHE,69618.87,75.52,13.8831
2015,CHE,69962.87,75.02,13.8106
2016,CHE,70634.61,75.5,13.8813
2017,CHE,70932.21,76.71,14.0147
2018,CHE,72425.72,78.48,14.2766
2019,CHE,72732.13,78.92,14.3006
2020,CHE,70487.42,80.03,14.2612
2021,CHE,72902.99,81.37,14.5464
2022,CHE,73750.79,82.01,14.645
1890,CHL,2183.41,1.82,1.1704
1891,CHL,2332.39,1.98,1.217
1892,CHL,2257.97,1.95,1.1785
1893,CHL,2341.84,2.05,1.2225
1894,CHL,2276.31,2.03,1.1962
1895,CHL,2408.02,2.18,1.2651
1896,CHL,2394.21,2.17,1.2451
1897,CHL,2315.16,2.1,1.2153
1898,CHL,2567.44,2.32,1.3558
1899,CHL,2555.76,2.31,1.3571
1900,CHL,2464.01,2.23,1.3075
1901,CHL,2636.09,2.38,1.4035
1902,CHL,2741.38,2.47,1.4593
1903,CHL,2436.79,2.19,1.3009
1904,CHL,2673.23,2.4,1.43
1905,CHL,2612.1,2.34,1.3951
1906,CHL,2813.04,2.51,1.4902
1907,CHL,3014.34,2.69,1.5784
1908,CHL,3254.18,2.92,1.6865
1909,CHL,3087.44,2.79,1.5989
1910,CHL,3351.7,3.06,1.7285
1911,CHL,3301.73,3.03,1.6949
1912,CHL,3468.34,3.21,1.7613
1913,CHL,3452.4,3.23,1.7323
1914,CHL,3210.75,3.04,1.6029
1915,CHL,3103.49,2.98,1.5557
1916,CHL,3339.27,3.25,1.6965
1917,CHL,3511.34,3.47,1.8014
1918,CHL,3584.73,3.59,1.8549
1919,CHL,3133.16,3.19,1.6396
1920,CHL,3358.72,3.47,1.7785
1921,CHL,3287.81,3.46,1.763
1922,CHL,3226.59,3.45,1.7492
1923,CHL,3621.54,3.93,1.985
1924,CHL,3794.94,4.18,2.1017
1925,CHL,3840.7,4.29,2.1421
1926,CHL,3858.44,4.36,2.166
1927,CHL,3703.0,4.24,2.0873
1928,CHL,4152.91,4.81,2.3477
1929,CHL,4405.69,5.17,2.4928
1930,CHL,4022.46,4.77,2.2524
1931,CHL,3222.0,3.83,1.774
1932,CHL,2816.03,3.35,1.5566
1933,CHL,3327.44,3.97,1.8598
1934,CHL,3738.52,4.47,2.1098
1935,CHL,3810.39,4.57,2.1647
1936,CHL,3936.27,4.74,2.2362
1937,CHL,4269.93,5.16,2.4304
1938,CHL,4394.55,5.33,2.5026
1939,CHL,4322.9,5.27,2.4606
1940,CHL,4461.56,5.46,2.5457
1941,CHL,4350.49,5.38,2.4937
1942,CHL,4456.64,5.58,2.5733
1943,CHL,4479.42,5.68,2.6114
1944,CHL,4466.24,5.74,2.6296
1945,CHL,4773.08,6.22,2.8359
1946,CHL,4985.19,6.58,2.9842
1947,CHL,4581.27,6.14,2.7548
1948,CHL,5074.46,6.9,3.0622
1949,CHL,4965.71,6.85,3.0142
1950,CHL,5156.0,5.76,2.6854
1951,CHL,5287.09,6.06,2.7968
1952,CHL,5531.85,6.45,2.9484
1953,CHL,5768.52,6.83,3.0912
1954,CHL,5634.49,6.78,3.0382
1955,CHL,5601.92,6.86,3.0469
1956,CHL,5548.38,6.92,3.0409
1957,CHL,5859.36,7.45,3.2463
1958,CHL,5814.5,7.55,3.2539
1959,CHL,5669.73,7.52,3.2102
1960,CHL,5843.46,7.91,3.3577
1961,CHL,5986.81,8.18,3.4434
1962,CHL,6135.28,8.46,3.5383
1963,CHL,6391.76,8.89,3.6841
1964,CHL,6405.5,8.98,3.673
1965,CHL,6338.29,8.94,3.624
1966,CHL,6939.69,9.84,3.9587
1967,CHL,7056.59,10.05,4.0178
1968,CHL,7204.65,10.3,4.0914
1969,CHL,7366.99,10.58,4.1746
1970,CHL,7407.46,10.78,4.2097
1971,CHL,7939.91,11.35,4.4262
1972,CHL,7693.25,10.79,4.2089
1973,CHL,7116.87,10.06,3.9102
1974,CHL,7048.05,10.45,4.0067
1975,CHL,6010.08,9.44,3.5487
1976,CHL,6105.45,9.62,3.625
1977,CHL,6605.83,10.15,3.8691
1978,CHL,7050.07,10.92,4.1674
1979,CHL,7527.43,11.63,4.4529
1980,CHL,7992.42,11.84,4.5907
1981,CHL,8285.17,12.21,4.7358
1982,CHL,6949.21,11.18,4.2055
1983,CHL,6767.31,10.37,3.9646
1984,CHL,7081.51,10.53,4.0766
1985,CHL,7145.98,10.16,3.9927
1986,CHL,7436.47,10.17,4.0473
1987,CHL,7790.67,10.42,4.1746
1988,CHL,8219.08,10.54,4.2643
1989,CHL,8936.04,11.02,4.4896
1990,CHL,9115.07,11.14,4.5099
1991,CHL,9663.21,11.87,4.7569
1992,CHL,10656.57,12.76,5.1179
1993,CHL,11201.63,13.06,5.2198
1994,CHL,11637.54,13.83,5.4186
1995,CHL,12656.82,15.29,5.8772
1996,CHL,13408.32,16.33,6.1365
1997,CHL,14204.23,17.64,6.4621
1998,CHL,14600.18,17.65,6.3864
1999,CHL,14368.07,18.04,6.33
2000,CHL,14885.93,18.71,6.4754
2001,CHL,15183.96,19.28,6.5586
2002,CHL,15497.2,19.47,6.554
2003,CHL,16051.89,19.75,6.6028
2004,CHL,16941.7,20.54,6.7998
2005,CHL,17717.81,21.67,7.049
2006,CHL,18626.29,22.53,7.2087
2007,CHL,19385.75,23.44,7.363
2008,CHL,19922.02,24.0,7.4007
2009,CHL,19508.21,24.15,7.2231
2010,CHL,20485.01,23.02,6.9736
2011,CHL,21520.07,23.52,7.0668
2012,CHL,22596.74,24.69,7.2827
2013,CHL,23121.13,25.06,7.2612
2014,CHL,23303.12,25.49,7.2371
2015,CHL,23561.12,25.61,7.1825
2016,CHL,23715.87,25.97,7.1783
2017,CHL,23708.93,25.89,7.0951
2018,CHL,24218.12,26.44,7.2004
2019,CHL,23943.76,26.42,7.124
2020,CHL,22066.87,29.81,7.5139
2021,CHL,24381.23,30.23,7.7748
2022,CHL,24725.28,28.32,7.3977
1890,DEU,5952.12,4.81,2.2834
1891,DEU,5921.03,4.83,2.2801
1892,DEU,5943.52,4.89,2.2967
1893,DEU,6312.21,5.23,2.4429
1894,DEU,6442.7,5.34,2.4872
1895,DEU,6541.4,5.43,2.5223
1896,DEU,6682.71,5.54,2.5639
1897,DEU,6773.99,5.62,2.5946
1898,DEU,7038.07,5.85,2.6874
1899,DEU,6926.14,5.77,2.6346
1900,DEU,6920.2,5.65,2.5801
1901,DEU,6875.03,5.83,2.6236
1902,DEU,6911.79,5.92,2.6478
1903,DEU,7074.66,6.08,2.7054
1904,DEU,7227.55,6.22,2.746
1905,DEU,7464.84,6.44,2.8203
1906,DEU,7386.12,6.38,2.7749
1907,DEU,7536.45,6.51,2.8128
1908,DEU,7775.58,6.8,2.9152
1909,DEU,7764.15,6.82,2.9165
1910,DEU,7793.13,6.83,2.9246
1911,DEU,8025.26,7.02,2.9958
1912,DEU,8147.45,7.13,3.0221
1913,DEU,8429.44,7.38,3.112
1914,DEU,7789.18,6.97,2.9201
1915,DEU,6779.03,6.44,2.6429
1916,DEU,6712.12,6.99,2.7842
1917,DEU,5749.53,6.33,2.4759
1918,DEU,5641.67,6.31,2.4504
1919,DEU,5422.94,5.99,2.2882
1920,DEU,6036.93,6.62,2.5453
1921,DEU,6332.34,7.05,2.7064
1922,DEU,6676.93,7.36,2.8228
1923,DEU,5762.85,6.57,2.4853
1924,DEU,6384.76,7.1,2.7026
1925,DEU,6800.79,7.08,2.7485
1926,DEU,6838.69,7.79,2.9401
1927,DEU,7495.24,7.63,2.9725
1928,DEU,7694.83,7.79,3.026
1929,DEU,7535.81,7.7,2.9722
1930,DEU,6992.85,7.91,2.9554
1931,DEU,6064.58,7.81,2.8062
1932,DEU,5540.86,7.88,2.7574
1933,DEU,5942.5,7.73,2.7916
1934,DEU,6514.55,7.64,2.8536
1935,DEU,7265.54,8.38,3.1426
1936,DEU,8044.53,8.42,3.2388
1937,DEU,8880.64,9.12,3.5081
1938,DEU,9625.43,9.39,3.6483
1939,DEU,11329.78,10.06,3.9868
1940,DEU,13058.51,10.02,4.1169
1941,DEU,14836.43,11.38,4.6613
1942,DEU,15547.85,11.25,4.6851
1943,DEU,16630.43,11.83,4.9435
1944,DEU,15349.2,12.18,4.9413
1945,DEU,5208.77,4.59,1.8267
1946,DEU,4383.87,5.35,1.9391
1947,DEU,5094.97,6.59,2.3744
1948,DEU,5960.22,7.31,2.6972
1949,DEU,7098.96,7.76,2.9672
1950,DEU,7619.7,7.95,3.0637
1951,DEU,8278.49,8.61,3.2974
1952,DEU,8981.07,9.31,3.5436
1953,DEU,9679.62,9.95,3.7668
1954,DEU,10317.34,10.47,3.9355
1955,DEU,11445.86,11.43,4.2669
1956,DEU,12172.87,12.12,4.4555
1957,DEU,12733.26,12.66,4.5754
1958,DEU,13131.03,13.18,4.6782
1959,DEU,14002.92,14.17,4.9449
1960,DEU,15063.98,15.34,5.2535
1961,DEU,15536.09,15.97,5.3548
1962,DEU,16059.3,16.91,5.5276
1963,DEU,16345.75,17.6,5.6185
1964,DEU,17259.54,18.65,5.8497
1965,DEU,17984.95,19.64,6.032
1966,DEU,18330.49,20.52,6.1492
1967,DEU,18231.2,21.59,6.257
1968,DEU,19172.42,22.92,6.5454
1969,DEU,20405.7,24.47,6.9036
1970,DEU,21239.47,25.46,7.0804
1971,DEU,21727.02,26.58,7.2355
1972,DEU,22554.84,27.9,7.4499
1973,DEU,23560.26,29.32,7.693
1974,DEU,23763.04,30.51,7.8099
1975,DEU,23646.9,31.65,7.8987
1976,DEU,24931.95,33.13,8.1914
1977,DEU,25816.59,34.5,8.4248
1978,DEU,26621.55,35.56,8.5959
1979,DEU,27718.62,36.58,8.7855
1980,DEU,28037.7,36.89,8.7812
1981,DEU,28144.75,37.5,8.8069
1982,DEU,28063.33,37.89,8.7845
1983,DEU,28582.31,39.13,8.9629
1984,DEU,29493.38,40.16,9.1378
1985,DEU,30249.13,41.09,9.2851
1986,DEU,30932.27,41.71,9.3849
1987,DEU,31354.68,42.28,9.4504
1988,DEU,32351.82,43.37,9.6615
1989,DEU,33372.32,44.88,9.939
1990,DEU,34821.98,46.47,10.2602
1991,DEU,36322.06,48.09,10.5739
1992,DEU,36778.2,49.31,10.7235
1993,DEU,36218.27,50.27,10.7327
1994,DEU,36992.71,51.57,10.9127
1995,DEU,37489.56,52.35,10.9837
1996,DEU,37718.13,53.23,11.0514
1997,DEU,38373.49,54.54,11.2184
1998,DEU,39177.07,55.09,11.2883
1999,DEU,39928.08,55.72,11.3621
2000,DEU,41073.71,57.1,11.5749
2001,DEU,41733.23,58.53,11.7552
2002,DEU,41619.47,59.08,11.7546
2003,DEU,41343.03,59.53,11.7401
2004,DEU,41876.48,60.07,11.8099
2005,DEU,42244.74,61.02,11.9238
2006,DEU,43945.18,62.0,12.1522
2007,DEU,45354.32,62.73,12.3089
2008,DEU,45919.36,62.75,12.2921
2009,DEU,43455.85,60.86,11.7716
2010,DEU,45384.18,62.26,12.0784
2011,DEU,47171.03,63.88,12.4019
2012,DEU,47279.66,64.27,12.421
2013,DEU,47357.15,64.58,12.4325
2014,DEU,48201.96,65.25,12.564
2015,DEU,48499.63,65.58,12.62
2016,DEU,49182.44,66.47,12.7781
2017,DEU,50312.62,67.65,12.9887
2018,DEU,50653.87,67.79,12.9924
2019,DEU,51073.72,68.31,13.0458
2020,DEU,49145.42,68.98,12.9311
2021,DEU,50415.24,69.58,13.0642
2022,DEU,50963.38,69.92,13.1319
1890,DNK,4587.89,3.55,2.2758
1891,DNK,4645.96,3.62,2.306
1892,DNK,4723.44,3.71,2.344
1893,DNK,4779.71,3.76,2.3698
1894,DNK,4831.88,3.81,2.3917
1895,DNK,5036.97,4.02,2.5093
1896,DNK,5156.19,4.15,2.5729
1897,DNK,5205.64,4.23,2.5904
1898,DNK,5217.65,4.28,2.5797
1899,DNK,5367.66,4.44,2.6255
1900,DNK,5484.96,4.57,2.6584
1901,DNK,5644.22,4.72,2.7066
1902,DNK,5711.26,4.78,2.7107
1903,DNK,5982.59,5.02,2.812
1904,DNK,6046.75,5.06,2.8082
1905,DNK,6083.83,5.09,2.7981
1906,DNK,6185.33,5.18,2.8255
1907,DNK,6338.94,5.32,2.867
1908,DNK,6458.62,5.43,2.8977
1909,DNK,6623.02,5.58,2.9586
1910,DNK,6736.78,5.69,2.999
1911,DNK,7012.39,5.93,3.1086
1912,DNK,6931.59,5.87,3.0589
1913,DNK,7113.31,6.02,3.1198
1914,DNK,7473.76,6.35,3.2686
1915,DNK,6869.27,5.85,2.9987
1916,DNK,7075.29,6.01,3.0741
1917,DNK,6575.86,5.59,2.8509
1918,DNK,6288.61,5.35,2.7199
1919,DNK,7017.78,6.46,3.2008
1920,DNK,7258.45,7.19,3.4844
1921,DNK,6956.74,6.55,3.2185
1922,DNK,7575.48,7.09,3.4829
1923,DNK,8289.07,7.7,3.7773
1924,DNK,8233.4,7.61,3.7187
1925,DNK,7961.0,7.32,3.5647
1926,DNK,8359.75,7.64,3.7115
1927,DNK,8469.29,7.72,3.7374
1928,DNK,8701.19,7.89,3.8114
1929,DNK,9228.28,8.32,4.0094
1930,DNK,9710.9,8.72,4.1834
1931,DNK,9744.46,8.76,4.163
1932,DNK,9399.26,8.49,3.9919
1933,DNK,9619.52,8.68,4.066
1934,DNK,9822.33,8.88,4.132
1935,DNK,9963.46,9.01,4.1541
1936,DNK,10136.33,9.18,4.1987
1937,DNK,10306.7,9.35,4.2483
1938,DNK,10477.48,9.55,4.3065
1939,DNK,10896.7,9.93,4.4544
1940,DNK,9302.7,8.6,3.8118
1941,DNK,8316.23,7.63,3.3858
1942,DNK,8415.84,7.78,3.4431
1943,DNK,9236.64,8.62,3.7988
1944,DNK,10078.77,10.14,4.3582
1945,DNK,9211.52,9.37,4.0102
1946,DNK,10503.44,10.83,4.6151
1947,DNK,10972.88,11.46,4.8313
1948,DNK,11151.38,11.74,4.899
1949,DNK,11808.41,12.47,5.1389
1950,DNK,12624.32,13.41,5.4351
1951,DNK,12612.29,13.44,5.3522
1952,DNK,12646.38,13.79,5.3735
1953,DNK,13257.96,14.36,5.523
1954,DNK,13402.91,14.62,5.523
1955,DNK,13446.64,14.93,5.524
1956,DNK,13525.55,15.3,5.5643
1957,DNK,14482.56,16.54,5.9304
1958,DNK,14719.16,16.98,5.9963
1959,DNK,15704.53,18.02,6.3031
1960,DNK,16022.14,18.31,6.3246
1961,DNK,16919.3,19.07,6.5154
1962,DNK,17714.61,19.7,6.6404
1963,DNK,17685.81,19.46,6.4699
1964,DNK,19186.4,20.72,6.8274
1965,DNK,19906.02,21.14,6.8694
1966,DNK,20285.6,21.22,6.795
1967,DNK,21239.36,22.73,7.1175
1968,DNK,22282.71,24.37,7.4529
1969,DNK,23602.27,26.03,7.8105
1970,DNK,23799.65,26.41,7.7683
1971,DNK,24391.34,27.75,7.9611
1972,DNK,25202.51,29.23,8.205
1973,DNK,26077.32,30.82,8.4568
1974,DNK,25667.08,31.02,8.3123
1975,DNK,25218.22,32.3,8.3914
1976,DNK,26643.85,33.49,8.6612
1977,DNK,27056.83,34.73,8.8174
1978,DNK,27572.51,35.73,8.9457
1979,DNK,28566.57,36.96,9.1605
1980,DNK,28395.31,36.67,9.0012
1981,DNK,28217.18,37.75,9.0958
1982,DNK,29279.73,38.8,9.3348
1983,DNK,30063.34,39.96,9.5559
1984,DNK,31334.21,41.17,9.8272
1985,DNK,32576.0,42.21,10.0572
1986,DNK,34126.87,43.12,10.2781
1987,DNK,34166.93,44.0,10.3259
1988,DNK,34142.3,44.86,10.3602
1989,DNK,34349.19,45.8,10.4445
1990,DNK,34801.68,47.14,10.6227
1991,DNK,35190.83,48.38,10.7869
1992,DNK,35761.56,49.21,10.9194
1993,DNK,35641.32,50.15,11.0087
1994,DNK,37419.29,53.35,11.6273
1995,DNK,38375.28,54.14,11.7976
1996,DNK,39248.06,55.43,12.0252
1997,DNK,40351.52,55.84,12.1224
1998,DNK,41106.58,55.77,12.0976
1999,DNK,42175.25,56.34,12.1892
2000,DNK,43616.15,57.65,12.4296
2001,DNK,43819.21,57.44,12.3255
2002,DNK,43867.97,57.91,12.3194
2003,DNK,43924.7,58.87,12.3948
2004,DNK,44988.19,60.75,12.69
2005,DNK,45903.47,61.58,12.8166
2006,DNK,47541.76,62.39,12.991
2007,DNK,47771.94,62.51,12.9249
2008,DNK,47241.82,61.58,12.6622
2009,DNK,44679.85,61.01,12.3011
2010,DNK,45318.88,63.4,12.6522
2011,DNK,45735.06,63.62,12.6953
2012,DNK,45666.47,64.83,12.8367
2013,DNK,45912.04,65.34,12.9011
2014,DNK,46407.5,66.38,13.0613
2015,DNK,47168.65,67.33,13.2342
2016,DNK,48300.19,68.13,13.4143
2017,DNK,49352.97,69.4,13.6293
2018,DNK,50082.93,70.93,13.8413
2019,DNK,50629.93,71.46,13.891
2020,DNK,49292.25,71.88,13.7732
2021,DNK,52450.15,73.97,14.2536
2022,DNK,53765.48,72.69,14.1043
1890,EA,4380.64,3.18,1.6245
1891,EA,4375.35,3.2,1.6217
1892,EA,4440.29,3.26,1.6446
1893,EA,4510.26,3.34,1.6728
1894,EA,4655.75,3.44,1.7172
1895,EA,4672.05,3.45,1.7159
1896,EA,4732.06,3.48,1.7272
1897,EA,4748.98,3.49,1.7261
1898,EA,4935.08,3.63,1.7881
1899,EA,4961.95,3.65,1.7873
1900,EA,4994.02,3.64,1.78
1901,EA,4967.38,3.68,1.7792
1902,EA,5002.11,3.74,1.7968
1903,EA,5092.43,3.82,1.8274
1904,EA,5177.97,3.9,1.8517
1905,EA,5301.93,4.01,1.8908
1906,EA,5317.88,4.04,1.8923
1907,EA,5483.7,4.17,1.9441
1908,EA,5579.17,4.25,1.9721
1909,EA,5630.89,4.32,1.993
1910,EA,5585.85,4.31,1.9785
1911,EA,5857.8,4.54,2.069
1912,EA,5996.39,4.66,2.1102
1913,EA,6064.4,4.72,2.1198
1914,EA,5559.63,4.37,1.9497
1915,EA,5038.6,4.05,1.7891
1916,EA,5208.56,4.3,1.8814
1917,EA,4810.02,4.06,1.7631
1918,EA,4621.53,4.02,1.7292
1919,EA,4658.63,4.17,1.7711
1920,EA,5065.15,4.55,1.9367
1921,EA,5174.99,4.78,2.0182
1922,EA,5615.47,5.21,2.1907
1923,EA,5489.8,5.22,2.173
1924,EA,5876.99,5.6,2.3243
1925,EA,6128.62,5.78,2.3988
1926,EA,6203.3,6.08,2.4851
1927,EA,6423.08,6.13,2.5145
1928,EA,6642.79,6.38,2.5984
1929,EA,6820.88,6.53,2.6492
1930,EA,6505.26,6.52,2.5911
1931,EA,6061.73,6.48,2.5118
1932,EA,5778.99,6.52,2.4785
1933,EA,5892.6,6.47,2.4799
1934,EA,6014.83,6.47,2.4937
1935,EA,6281.12,6.67,2.5753
1936,EA,6349.63,6.54,2.5422
1937,EA,6746.03,6.99,2.7063
1938,EA,6948.74,7.07,2.7445
1939,EA,7621.89,7.49,2.9291
1940,EA,7742.32,7.27,2.8774
1941,EA,8157.08,7.71,3.0503
1942,EA,8281.07,7.64,3.054
1943,EA,8392.43,7.68,3.0883
1944,EA,7514.02,7.08,2.8427
1945,EA,4409.68,4.31,1.7348
1946,EA,4999.71,5.38,2.1227
1947,EA,5549.98,6.05,2.3854
1948,EA,6089.39,6.55,2.5913
1949,EA,6639.22,7.01,2.7777
1950,EA,7055.12,7.5,2.9463
1951,EA,7543.71,8.01,3.1219
1952,EA,7884.7,8.39,3.2441
1953,EA,8296.69,8.84,3.3924
1954,EA,8735.13,9.24,3.5237
1955,EA,9342.52,9.85,3.7251
1956,EA,9811.57,10.39,3.8769
1957,EA,10210.52,10.86,3.9946
1958,EA,10465.65,11.23,4.0705
1959,EA,10886.72,11.8,4.2145
1960,EA,11579.61,12.62,4.4391
1961,EA,12131.95,13.38,4.6225
1962,EA,12724.12,14.27,4.8325
1963,EA,13241.78,15.1,5.0134
1964,EA,13960.95,16.02,5.2331
1965,EA,14543.1,17.01,5.4369
1966,EA,15079.64,17.88,5.6005
1967,EA,15546.51,18.85,5.7733
1968,EA,16330.36,20.08,6.0385
1969,EA,17389.71,21.57,6.3771
1970,EA,18285.86,22.8,6.6248
1971,EA,18841.8,23.84,6.7835
1972,EA,19634.91,25.24,7.0328
1973,EA,20732.1,26.12,7.2056
1974,EA,21289.39,27.28,7.367
1975,EA,21048.25,27.75,7.3268
1976,EA,22033.93,28.99,7.5695
1977,EA,22617.87,30.18,7.7612
1978,EA,23223.84,31.33,7.9441
1979,EA,24020.18,32.46,8.1408
1980,EA,24447.34,33.2,8.2302
1981,EA,24477.21,33.7,8.2372
1982,EA,24578.56,34.44,8.3034
1983,EA,24870.86,35.28,8.4092
1984,EA,25422.54,36.44,8.5951
1985,EA,25972.87,37.38,8.7484
1986,EA,26568.1,38.06,8.8602
1987,EA,27192.9,38.6,8.9498
1988,EA,28264.97,39.72,9.176
1989,EA,29297.86,40.98,9.4088
1990,EA,30205.55,41.83,9.554
1991,EA,30875.88,42.65,9.6678
1992,EA,31167.93,43.56,9.7583
1993,EA,30823.74,44.23,9.7555
1994,EA,31484.08,45.46,9.9478
1995,EA,32169.44,46.26,10.0718
1996,EA,32625.82,46.77,10.1275
1997,EA,33418.91,47.66,10.2697
1998,EA,34352.95,48.16,10.3649
1999,EA,35279.46,48.83,10.4765
2000,EA,36518.39,50.01,10.6856
2001,EA,37208.57,50.77,10.7781
2002,EA,37368.71,51.21,10.7867
2003,EA,37416.98,51.46,10.7689
2004,EA,38074.87,52.08,10.8615
2005,EA,38507.61,52.55,10.9116
2006,EA,39574.1,53.3,11.0506
2007,EA,40545.41,53.78,11.1384
2008,EA,40516.63,53.67,11.0493
2009,EA,38568.44,53.06,10.7367
2010,EA,39296.44,54.38,10.9466
2011,EA,39860.24,55.23,11.0764
2012,EA,39423.23,55.58,11.0508
2013,EA,39270.96,56.11,11.0815
2014,EA,39746.45,56.51,11.1536
2015,EA,40438.54,57.15,11.2779
2016,EA,41068.7,57.32,11.3237
2017,EA,42059.39,58.18,11.4875
2018,EA,42704.78,58.24,11.507
2019,EA,43252.96,58.61,11.5609
2020,EA,40577.23,59.79,11.4448
2021,EA,42795.02,59.81,11.5915
2022,EA,44045.31,59.75,11.6516
1890,ESP,3979.88,4.09,2.4605
1891,ESP,4052.38,4.17,2.4963
1892,ESP,4336.84,4.46,2.6597
1893,ESP,4166.41,4.28,2.5443
1894,ESP,4194.34,4.31,2.5518
1895,ESP,4139.05,4.25,2.5098
1896,ESP,3792.28,3.89,2.2874
1897,ESP,3967.26,4.07,2.3866
1898,ESP,4254.0,4.36,2.5484
1899,ESP,4303.01,4.42,2.5715
1900,ESP,4377.32,4.49,2.5987
1901,ESP,4658.48,4.77,2.7359
1902,ESP,4492.02,4.6,2.6235
1903,ESP,4481.64,4.6,2.6097
1904,ESP,4436.03,4.55,2.5737
1905,ESP,4355.31,4.47,2.5116
1906,ESP,4536.7,4.67,2.6175
1907,ESP,4647.18,4.79,2.6763
1908,ESP,4796.08,4.95,2.7538
1909,ESP,4845.88,5.01,2.773
1910,ESP,4644.01,4.81,2.6473
1911,ESP,4943.22,5.18,2.8266
1912,ESP,4873.3,5.1,2.7679
1913,ESP,5037.35,5.27,2.8345
1914,ESP,4934.57,5.17,2.7569
1915,ESP,4981.72,5.25,2.7754
1916,ESP,5178.55,5.48,2.8872
1917,ESP,5080.98,5.41,2.8393
1918,ESP,5011.47,5.41,2.8249
1919,ESP,5009.11,5.42,2.8331
1920,ESP,5335.25,5.79,3.0235
1921,ESP,5421.58,5.9,3.0694
1922,ESP,5596.06,6.1,3.1645
1923,ESP,5611.52,6.13,3.1668
1924,ESP,5712.2,6.25,3.2136
1925,ESP,6005.07,6.59,3.3605
1926,ESP,5922.7,6.51,3.2967
1927,ESP,6371.13,7.02,3.5227
1928,ESP,6331.99,6.98,3.4718
1929,ESP,6711.76,7.41,3.6431
1930,ESP,6421.33,7.09,3.441
1931,ESP,6197.06,6.82,3.2791
1932,ESP,6271.98,6.88,3.3088
1933,ESP,6091.88,6.72,3.2291
1934,ESP,6263.04,6.9,3.3204
1935,ESP,6329.16,6.98,3.3613
1936,ESP,4873.69,5.49,2.6289
1937,ESP,4429.99,5.0,2.4156
1938,ESP,4386.98,4.94,2.4201
1939,ESP,4691.89,5.28,2.6183
1940,ESP,5098.09,5.92,2.9216
1941,ESP,4973.5,5.73,2.8456
1942,ESP,5210.48,5.97,2.9592
1943,ESP,5360.75,6.09,3.0139
1944,ESP,5566.25,6.31,3.1081
1945,ESP,5149.93,5.79,2.8474
1946,ESP,5339.23,5.96,2.929
1947,ESP,5385.07,5.97,2.9298
1948,ESP,5356.2,5.91,2.8869
1949,ESP,5280.45,5.79,2.8042
1950,ESP,5364.13,5.86,2.8228
1951,ESP,5848.16,6.44,3.0698
1952,ESP,6269.6,6.95,3.2942
1953,ESP,6194.01,6.89,3.2459
1954,ESP,6605.62,7.31,3.4244
1955,ESP,6808.36,7.56,3.5095
1956,ESP,7297.36,8.12,3.7146
1957,ESP,7464.59,8.3,3.7471
1958,ESP,7718.71,8.57,3.8278
1959,ESP,7475.21,8.51,3.7234
1960,ESP,7527.16,8.71,3.7528
1961,ESP,8413.77,9.89,4.1968
1962,ESP,9294.45,11.02,4.6016
1963,ESP,10154.27,12.18,4.994
1964,ESP,11042.55,13.6,5.4471
1965,ESP,11646.34,14.43,5.6645
1966,ESP,12388.15,15.34,5.895
1967,ESP,13058.47,16.22,6.0929
1968,ESP,13662.62,17.38,6.3464
1969,ESP,14746.79,18.83,6.7205
1970,ESP,15419.31,19.63,6.8567
1971,ESP,15988.02,20.43,6.9803
1972,ESP,17136.62,22.08,7.3875
1973,ESP,18305.77,23.47,7.7025
1974,ESP,19148.93,24.54,7.8709
1975,ESP,19053.29,24.96,7.7723
1976,ESP,19451.6,25.97,7.8878
1977,ESP,19767.25,26.93,7.9937
1978,ESP,19832.31,28.19,8.1364
1979,ESP,19664.09,29.34,8.2308
1980,ESP,19883.06,31.11,8.51
1981,ESP,19735.15,32.41,8.6579
1982,ESP,19874.27,33.48,8.8025
1983,ESP,20131.08,34.79,9.0042
1984,ESP,20406.84,37.11,9.393
1985,ESP,20803.99,38.58,9.656
1986,ESP,21415.58,39.11,9.7742
1987,ESP,22547.94,39.57,9.9352
1988,ESP,23644.57,40.27,10.1075
1989,ESP,24738.01,41.02,10.2602
1990,ESP,25634.43,40.97,10.2222
1991,ESP,26240.52,41.3,10.2089
1992,ESP,26422.61,42.47,10.2962
1993,ESP,26092.99,43.46,10.3091
1994,ESP,26667.02,44.73,10.4988
1995,ESP,27362.76,45.1,10.55
1996,ESP,27974.3,45.6,10.6101
1997,ESP,28890.01,45.53,10.6133
1998,ESP,30036.11,45.31,10.6114
1999,ESP,31263.93,45.15,10.6073
2000,ESP,32754.14,45.36,10.6749
2001,ESP,33865.61,45.43,10.6759
2002,ESP,34238.27,45.5,10.6407
2003,ESP,34613.56,45.64,10.625
2004,ESP,35142.33,45.79,10.6108
2005,ESP,35755.48,45.96,10.6179
2006,ESP,36636.81,46.23,10.6479
2007,ESP,37222.85,46.74,10.6941
2008,ESP,36942.86,46.86,10.5948
2009,ESP,35257.93,47.99,10.526
2010,ESP,35167.53,49.21,10.6437
2011,ESP,34751.43,49.94,10.6658
2012,ESP,33701.43,50.9,10.6682
2013,ESP,33351.98,51.66,10.7034
2014,ESP,33918.04,51.82,10.7496
2015,ESP,35254.12,52.23,10.9053
2016,ESP,36293.99,52.47,11.0066
2017,ESP,37307.35,52.92,11.1376
2018,ESP,37999.62,52.8,11.1525
2019,ESP,38443.73,53.1,11.211
2020,ESP,33909.61,53.11,10.7632
2021,ESP,35799.53,52.29,10.7871
2022,ESP,37526.47,52.99,11.0312
1890,FIN,2391.46,2.02,1.153
1891,FIN,2336.67,2.01,1.1363
1892,FIN,2213.0,1.93,1.0841
1893,FIN,2319.11,2.0,1.1147
1894,FIN,2420.37,2.11,1.1755
1895,FIN,2581.2,2.15,1.2025
1896,FIN,2714.81,2.22,1.2481
1897,FIN,2806.51,2.31,1.2881
1898,FIN,2884.82,2.4,1.3309
1899,FIN,2778.95,2.35,1.2872
1900,FIN,2885.33,2.48,1.3404
1901,FIN,2829.98,2.49,1.3268
1902,FIN,2752.86,2.45,1.2915
1903,FIN,2913.26,2.59,1.3566
1904,FIN,2995.52,2.66,1.3898
1905,FIN,3013.76,2.66,1.3846
1906,FIN,3104.09,2.73,1.4147
1907,FIN,3173.07,2.77,1.4323
1908,FIN,3164.44,2.79,1.433
1909,FIN,3262.12,2.92,1.4818
1910,FIN,3299.46,2.96,1.4938
1911,FIN,3352.72,2.98,1.5044
1912,FIN,3496.8,3.12,1.5676
1913,FIN,3651.34,3.26,1.6222
1914,FIN,3460.95,3.18,1.5609
1915,FIN,3252.51,3.09,1.4898
1916,FIN,3276.63,3.16,1.5137
1917,FIN,2733.96,2.79,1.3139
1918,FIN,2370.56,2.5,1.1654
1919,FIN,2869.97,2.95,1.3834
1920,FIN,3193.98,3.17,1.5009
1921,FIN,3262.17,3.39,1.5856
1922,FIN,3557.23,3.65,1.7169
1923,FIN,3782.19,3.86,1.8105
1924,FIN,3848.31,4.01,1.8621
1925,FIN,4025.55,4.24,1.9503
1926,FIN,4137.69,4.28,1.9707
1927,FIN,4420.39,4.5,2.0638
1928,FIN,4682.96,4.65,2.1307
1929,FIN,4701.55,4.85,2.1631
1930,FIN,4608.59,5.31,2.2689
1931,FIN,4462.7,5.58,2.3147
1932,FIN,4408.18,5.28,2.2158
1933,FIN,4674.87,5.45,2.2977
1934,FIN,5168.94,5.67,2.4267
1935,FIN,5348.97,5.71,2.453
1936,FIN,5671.71,5.9,2.5328
1937,FIN,5951.9,5.9,2.5462
1938,FIN,6209.91,5.95,2.5673
1939,FIN,5897.37,6.08,2.5342
1940,FIN,5569.64,5.47,2.2856
1941,FIN,5747.98,5.71,2.3543
1942,FIN,5756.94,5.76,2.3704
1943,FIN,6394.38,6.2,2.5756
1944,FIN,6374.85,5.95,2.497
1945,FIN,5975.92,6.0,2.4703
1946,FIN,6371.36,6.26,2.593
1947,FIN,6428.86,6.41,2.6322
1948,FIN,6844.31,6.47,2.6798
1949,FIN,7166.9,7.07,2.8619
1950,FIN,7357.44,7.24,2.8957
1951,FIN,7909.93,7.78,3.073
1952,FIN,8085.11,7.97,3.1018
1953,FIN,8048.34,7.95,3.0473
1954,FIN,8652.62,8.57,3.2328
1955,FIN,8989.42,8.92,3.3382
1956,FIN,9159.63,9.11,3.3512
1957,FIN,9498.17,9.38,3.4004
1958,FIN,9471.52,9.29,3.3216
1959,FIN,9952.11,10.17,3.5409
1960,FIN,10779.45,10.78,3.7193
1961,FIN,11519.4,11.47,3.8947
1962,FIN,11782.47,11.8,3.9266
1963,FIN,12079.73,12.24,3.9951
1964,FIN,12646.32,12.57,4.0667
1965,FIN,13272.66,13.22,4.211
1966,FIN,13536.98,13.67,4.2667
1967,FIN,13755.74,14.39,4.3795
1968,FIN,14009.46,15.12,4.4974
1969,FIN,15362.49,16.54,4.8613
1970,FIN,16572.53,17.44,5.0837
1971,FIN,16941.06,18.29,5.2189
1972,FIN,18141.4,19.68,5.5422
1973,FIN,19300.21,20.85,5.8062
1974,FIN,19818.69,21.51,5.9013
1975,FIN,20089.03,22.85,6.0988
1976,FIN,20097.22,23.18,6.0817
1977,FIN,20089.24,23.76,6.1245
1978,FIN,20616.62,24.61,6.2698
1979,FIN,22028.37,26.14,6.6208
1980,FIN,23143.6,27.06,6.8335
1981,FIN,23348.0,27.07,6.7958
1982,FIN,23939.51,27.85,6.9322
1983,FIN,24538.69,28.98,7.1222
1984,FIN,25198.25,29.89,7.2744
1985,FIN,25983.93,30.91,7.4573
1986,FIN,26613.09,32.19,7.6631
1987,FIN,27486.78,32.87,7.7901
1988,FIN,28836.61,34.39,8.0906
1989,FIN,30194.31,35.73,8.3468
1990,FIN,30262.58,36.59,8.4023
1991,FIN,28326.15,36.87,8.2106
1992,FIN,27239.14,38.21,8.2806
1993,FIN,26928.51,40.29,8.5462
1994,FIN,27875.2,42.08,8.8976
1995,FIN,28939.76,42.82,9.104
1996,FIN,29902.68,43.69,9.3055
1997,FIN,31702.62,45.04,9.6422
1998,FIN,33343.81,46.85,10.0149
1999,FIN,34723.27,47.92,10.2353
2000,FIN,36652.05,50.0,10.6433
2001,FIN,37523.14,50.96,10.7824
2002,FIN,38071.25,51.42,10.8215
2003,FIN,38741.74,52.52,10.9746
2004,FIN,40171.22,54.29,11.2885
2005,FIN,41147.04,55.31,11.4496
2006,FIN,42640.02,56.65,11.6979
2007,FIN,44709.48,58.5,12.0651
2008,FIN,44850.54,57.82,11.8944
2009,FIN,41032.18,55.24,11.1451
2010,FIN,42146.05,57.16,11.4644
2011,FIN,43020.06,57.96,11.6053
2012,FIN,42217.48,57.04,11.3644
2013,FIN,41644.5,57.22,11.3009
2014,FIN,41314.04,57.36,11.2608
2015,FIN,41402.21,57.8,11.2991
2016,FIN,42451.58,59.19,11.5438
2017,FIN,43704.21,60.67,11.8002
2018,FIN,44138.21,59.96,11.6804
2019,FIN,44635.1,59.91,11.6505
2020,FIN,43512.25,59.95,11.5149
2021,FIN,44803.92,60.4,11.6311
2022,FIN,45400.88,60.98,11.7113
1890,FRA,4105.47,2.79,1.182
1891,FRA,4149.17,2.8,1.1807
1892,FRA,4235.72,2.84,1.1948
1893,FRA,4074.76,2.76,1.1508
1894,FRA,4470.13,2.99,1.2488
1895,FRA,4377.58,2.93,1.2177
1896,FRA,4514.46,3.01,1.2469
1897,FRA,4382.02,2.93,1.2093
1898,FRA,4639.32,3.09,1.2738
1899,FRA,4801.32,3.19,1.3095
1900,FRA,4860.8,3.22,1.3175
1901,FRA,4618.43,3.08,1.2517
1902,FRA,4559.4,3.07,1.2364
1903,FRA,4708.1,3.17,1.2741
1904,FRA,4797.98,3.24,1.2964
1905,FRA,4916.38,3.35,1.3295
1906,FRA,4844.47,3.31,1.3088
1907,FRA,5231.48,3.58,1.41
1908,FRA,5209.39,3.59,1.4044
1909,FRA,5371.66,3.71,1.4469
1910,FRA,5109.42,3.56,1.3783
1911,FRA,5627.68,3.92,1.5111
1912,FRA,6092.32,4.26,1.6313
1913,FRA,6038.16,4.25,1.6133
1914,FRA,5061.73,3.55,1.342
1915,FRA,4455.32,3.05,1.1484
1916,FRA,5104.74,3.43,1.295
1917,FRA,5055.46,3.34,1.2639
1918,FRA,4330.74,2.8,1.0629
1919,FRA,4774.29,3.09,1.1807
1920,FRA,5099.35,3.41,1.2946
1921,FRA,4843.26,3.45,1.2879
1922,FRA,5803.14,4.22,1.5664
1923,FRA,6071.86,4.64,1.6987
1924,FRA,6733.54,5.4,1.9494
1925,FRA,6774.68,5.72,2.0237
1926,FRA,7001.67,6.2,2.1548
1927,FRA,6853.01,6.21,2.1283
1928,FRA,7252.63,6.6,2.2523
1929,FRA,7863.35,7.06,2.4069
1930,FRA,7586.34,7.01,2.3567
1931,FRA,7245.8,7.16,2.3414
1932,FRA,6606.07,7.09,2.2456
1933,FRA,6797.38,7.09,2.2585
1934,FRA,6557.14,6.97,2.2018
1935,FRA,6392.63,6.89,2.1619
1936,FRA,6480.51,6.91,2.1727
1937,FRA,6628.0,8.0,2.4207
1938,FRA,6459.97,7.86,2.37
1939,FRA,6725.01,8.12,2.4518
1940,FRA,5305.78,6.24,1.898
1941,FRA,5131.25,5.81,1.7871
1942,FRA,5164.59,5.8,1.8053
1943,FRA,5150.08,5.7,1.7982
1944,FRA,3942.51,3.91,1.2876
1945,FRA,4848.82,4.61,1.5669
1946,FRA,6472.85,5.89,2.0623
1947,FRA,6817.3,6.09,2.1466
1948,FRA,7643.72,6.87,2.415
1949,FRA,8052.05,7.53,2.5992
1950,FRA,8644.62,8.19,2.8122
1951,FRA,9071.89,8.58,2.928
1952,FRA,9284.63,8.88,3.0056
1953,FRA,9536.85,9.32,3.1238
1954,FRA,9993.72,9.81,3.2742
1955,FRA,10430.32,10.36,3.4365
1956,FRA,10842.92,11.12,3.6419
1957,FRA,11315.66,11.85,3.8405
1958,FRA,11492.91,12.28,3.9384
1959,FRA,11678.44,12.7,4.029
1960,FRA,12488.59,13.65,4.2913
1961,FRA,12938.78,14.47,4.4888
1962,FRA,13632.53,15.26,4.6963
1963,FRA,14280.31,16.07,4.8978
1964,FRA,15029.78,16.8,5.0826
1965,FRA,15574.62,17.59,5.2485
1966,FRA,16225.74,18.44,5.4298
1967,FRA,16874.85,19.59,5.6629
1968,FRA,17495.03,20.73,5.8778
1969,FRA,18598.43,22.68,6.293
1970,FRA,19584.18,23.95,6.5539
1971,FRA,20430.72,25.14,6.7807
1972,FRA,21163.55,26.83,7.0806
1973,FRA,22326.52,28.38,7.3858
1974,FRA,23135.37,29.83,7.6239
1975,FRA,22807.08,30.19,7.5505
1976,FRA,23705.35,30.81,7.6582
1977,FRA,24415.66,32.25,7.892
1978,FRA,25275.99,33.91,8.1781
1979,FRA,26059.28,34.95,8.3481
1980,FRA,26334.4,35.52,8.3931
1981,FRA,26465.73,36.35,8.4681
1982,FRA,26965.95,38.71,8.8305
1983,FRA,27153.61,39.65,8.9364
1984,FRA,27430.68,40.62,9.0615
1985,FRA,27737.09,42.25,9.296
1986,FRA,28240.85,43.18,9.4419
1987,FRA,28807.55,43.61,9.5134
1988,FRA,30000.52,45.01,9.7923
1989,FRA,31117.84,46.62,10.081
1990,FRA,31852.87,47.74,10.2467
1991,FRA,32026.22,48.34,10.276
1992,FRA,32377.5,49.5,10.4122
1993,FRA,32034.58,49.96,10.383
1994,FRA,32668.45,50.99,10.5437
1995,FRA,33236.2,52.26,10.7319
1996,FRA,33586.22,52.83,10.7992
1997,FRA,34248.98,53.7,10.9424
1998,FRA,35347.37,55.03,11.1935
1999,FRA,36369.12,55.82,11.3572
2000,FRA,37537.95,57.3,11.6262
2001,FRA,38004.74,58.37,11.7638
2002,FRA,38157.57,60.08,11.9601
2003,FRA,38200.15,60.42,11.9612
2004,FRA,38993.38,61.09,12.0788
2005,FRA,39344.65,61.63,12.1352
2006,FRA,40028.7,63.17,12.3545
2007,FRA,40746.93,62.87,12.3187
2008,FRA,40623.92,62.47,12.1833
2009,FRA,39254.96,61.83,11.9072
2010,FRA,39823.63,62.63,12.0262
2011,FRA,40498.23,63.26,12.1296
2012,FRA,40426.3,63.46,12.1085
2013,FRA,40449.87,64.32,12.1868
2014,FRA,40638.84,64.94,12.2514
2015,FRA,40925.17,65.47,12.3122
2016,FRA,41218.74,65.65,12.3279
2017,FRA,41983.87,67.04,12.5429
2018,FRA,42556.2,67.31,12.5906
2019,FRA,43140.01,67.57,12.633
2020,FRA,39640.11,67.92,12.3091
2021,FRA,42210.29,66.9,12.3808
2022,FRA,43119.42,65.8,12.2696
1890,GBR,6053.01,5.97,2.9045
1891,GBR,6002.25,6.0,2.9035
1892,GBR,5807.69,5.96,2.8595
1893,GBR,5753.98,5.97,2.8536
1894,GBR,6083.37,6.27,2.9982
1895,GBR,6217.46,6.32,3.031
1896,GBR,6415.05,6.35,3.0644
1897,GBR,6437.63,6.36,3.0678
1898,GBR,6685.57,6.57,3.1622
1899,GBR,6895.8,6.71,3.2259
1900,GBR,6782.35,6.62,3.1654
1901,GBR,6719.81,6.6,3.1346
1902,GBR,6832.88,6.75,3.1853
1903,GBR,6703.53,6.67,3.121
1904,GBR,6685.91,6.75,3.1273
1905,GBR,6825.62,6.81,3.1557
1906,GBR,6992.64,6.88,3.1903
1907,GBR,7064.35,6.96,3.2167
1908,GBR,6717.99,6.91,3.1512
1909,GBR,6810.6,6.99,3.1967
1910,GBR,6961.98,6.93,3.2016
1911,GBR,7110.13,6.95,3.2297
1912,GBR,7189.93,7.02,3.2592
1913,GBR,7429.7,7.14,3.329
1914,GBR,7438.82,7.23,3.3592
1915,GBR,7984.94,7.56,3.5343
1916,GBR,8130.06,7.59,3.5674
1917,GBR,8185.38,7.55,3.5735
1918,GBR,8243.21,7.5,3.5707
1919,GBR,7354.0,7.01,3.2921
1920,GBR,6867.05,7.45,3.364
1921,GBR,6702.83,8.09,3.4527
1922,GBR,7001.47,8.37,3.5754
1923,GBR,7186.85,8.38,3.6003
1924,GBR,7430.3,8.63,3.7045
1925,GBR,7767.85,8.95,3.8352
1926,GBR,7453.21,8.66,3.6845
1927,GBR,8025.21,9.01,3.8604
1928,GBR,8088.67,9.08,3.8795
1929,GBR,8309.65,9.22,3.9343
1930,GBR,8215.35,9.28,3.9203
1931,GBR,7758.67,8.96,3.7365
1932,GBR,7773.53,9.32,3.8324
1933,GBR,7968.62,9.62,3.9425
1934,GBR,8466.97,9.97,4.1162
1935,GBR,8756.12,10.14,4.2003
1936,GBR,9112.71,10.31,4.2842
1937,GBR,9388.2,10.32,4.3044
1938,GBR,9461.93,10.19,4.246
1939,GBR,9455.82,9.54,4.036
1940,GBR,10352.12,8.75,3.8792
1941,GBR,11296.84,9.19,4.1075
1942,GBR,11534.19,8.6,3.9485
1943,GBR,11692.49,8.57,3.9693
1944,GBR,11181.66,9.3,4.211
1945,GBR,10654.3,10.06,4.4603
1946,GBR,10185.02,10.87,4.7109
1947,GBR,9972.23,11.55,4.8705
1948,GBR,10185.47,11.72,4.9318
1949,GBR,10502.64,12.1,5.0568
1950,GBR,10734.85,11.7,4.9154
1951,GBR,11097.35,11.91,4.9716
1952,GBR,11234.43,12.28,5.0452
1953,GBR,11821.56,12.87,5.2484
1954,GBR,12295.08,13.22,5.3577
1955,GBR,12730.09,13.6,5.4605
1956,GBR,12885.74,13.8,5.4666
1957,GBR,13079.05,14.16,5.5171
1958,GBR,13199.45,14.67,5.591
1959,GBR,13669.16,15.12,5.695
1960,GBR,14421.62,15.83,5.9048
1961,GBR,14698.98,16.32,5.9815
1962,GBR,14734.9,16.67,5.98
1963,GBR,15335.75,17.52,6.1763
1964,GBR,16088.8,18.28,6.3693
1965,GBR,16326.31,18.69,6.3967
1966,GBR,16491.05,19.4,6.4826
1967,GBR,16857.77,20.37,6.6736
1968,GBR,17694.0,21.68,6.9883
1969,GBR,17962.27,22.17,7.0415
1970,GBR,18375.38,23.37,7.2672
1971,GBR,18918.73,24.9,7.5578
1972,GBR,19676.87,26.37,7.8591
1973,GBR,20913.59,26.85,8.0106
1974,GBR,20389.29,26.66,7.8051
1975,GBR,20092.4,26.44,7.6334
1976,GBR,20680.82,27.62,7.8544
1977,GBR,21198.91,28.56,8.0188
1978,GBR,22094.89,29.93,8.3108
1979,GBR,22897.95,30.87,8.5084
1980,GBR,22396.97,31.17,8.4391
1981,GBR,22209.5,33.03,8.7043
1982,GBR,22679.52,34.02,8.8903
1983,GBR,23626.52,35.81,9.2763
1984,GBR,24122.8,35.49,9.2206
1985,GBR,25058.86,35.89,9.3375
1986,GBR,25789.01,36.84,9.5241
1987,GBR,27122.33,38.2,9.8501
1988,GBR,28620.66,38.12,9.9156
1989,GBR,29275.58,38.28,9.9119
1990,GBR,29407.44,38.71,9.8915
1991,GBR,28981.27,39.49,9.8801
1992,GBR,29023.73,41.37,10.1247
1993,GBR,29679.89,42.88,10.3679
1994,GBR,30742.54,43.92,10.5769
1995,GBR,31432.29,44.54,10.6656
1996,GBR,31955.38,44.96,10.7017
1997,GBR,33315.15,46.17,10.9566
1998,GBR,34272.38,47.28,11.1659
1999,GBR,35179.64,48.32,11.3498
2000,GBR,36493.8,50.19,11.7061
2001,GBR,37137.96,50.7,11.7709
2002,GBR,37634.52,51.8,11.9215
2003,GBR,38633.5,53.21,12.1661
2004,GBR,39333.01,53.88,12.2634
2005,GBR,40073.06,54.34,12.3376
2006,GBR,40660.17,55.24,12.4595
2007,GBR,41367.87,56.02,12.5778
2008,GBR,40966.63,56.06,12.4761
2009,GBR,38844.27,54.71,12.0147
2010,GBR,39471.86,56.23,12.2886
2011,GBR,39562.32,56.25,12.2743
2012,GBR,39870.76,55.87,12.2183
2013,GBR,40342.41,56.14,12.2757
2014,GBR,41316.79,56.27,12.359
2015,GBR,41972.22,57.28,12.5352
2016,GBR,42529.59,57.06,12.507
2017,GBR,43310.21,58.09,12.6733
2018,GBR,43786.1,58.37,12.6931
2019,GBR,44248.13,58.64,12.7138
2020,GBR,39200.51,59.29,12.294
2021,GBR,42009.67,58.28,12.3682
2022,GBR,43448.9,58.73,12.526
1890,GRC,5921.87,5.75,2.1208
1891,GRC,5110.01,4.97,1.8324
1892,GRC,5276.97,5.13,1.8959
1893,GRC,5559.09,5.41,2.0009
1894,GRC,5627.47,5.47,2.0281
1895,GRC,5358.29,5.21,1.9334
1896,GRC,5824.66,5.66,2.1039
1897,GRC,4896.4,4.77,1.771
1898,GRC,5233.85,5.09,1.897
1899,GRC,5288.81,5.15,1.9209
1900,GRC,4674.35,4.56,1.7009
1901,GRC,4449.25,4.34,1.622
1902,GRC,5661.74,5.53,2.0686
1903,GRC,5495.14,5.37,2.0087
1904,GRC,5755.67,5.63,2.1048
1905,GRC,5859.52,5.74,2.1437
1906,GRC,5748.31,5.64,2.1036
1907,GRC,5788.23,5.69,2.1192
1908,GRC,5717.88,5.63,2.0943
1909,GRC,5789.63,5.7,2.1216
1910,GRC,5727.15,5.65,2.0994
1911,GRC,7096.17,7.05,2.6128
1912,GRC,6840.2,6.79,2.5104
1913,GRC,4066.89,4.04,1.4878
1914,GRC,5155.07,5.12,1.8915
1915,GRC,3894.03,3.88,1.4337
1916,GRC,3287.52,3.28,1.2172
1917,GRC,2849.23,2.85,1.0624
1918,GRC,4769.59,5.08,1.8689
1919,GRC,4219.71,4.77,1.728
1920,GRC,4711.06,5.33,1.9404
1921,GRC,6159.46,6.99,2.5632
1922,GRC,6248.48,7.1,2.6059
1923,GRC,6199.68,7.05,2.5987
1924,GRC,6425.5,7.32,2.6897
1925,GRC,6731.32,7.69,2.8056
1926,GRC,6761.62,7.74,2.8226
1927,GRC,6792.01,7.79,2.8397
1928,GRC,6749.39,7.82,2.8362
1929,GRC,6995.7,8.09,2.9292
1930,GRC,6664.76,7.72,2.7856
1931,GRC,6212.46,7.2,2.5942
1932,GRC,6583.14,7.63,2.7495
1933,GRC,6810.42,7.94,2.8566
1934,GRC,6777.31,7.93,2.8513
1935,GRC,6842.78,8.03,2.8828
1936,GRC,6683.31,7.84,2.8115
1937,GRC,7442.77,8.74,3.133
1938,GRC,7105.78,8.34,2.9852
1939,GRC,6908.85,8.08,2.8937
1940,GRC,5723.42,6.8,2.4238
1941,GRC,4771.13,5.78,2.0543
1942,GRC,4032.68,4.89,1.7396
1943,GRC,3408.64,4.14,1.4728
1944,GRC,2871.82,3.5,1.2472
1945,GRC,2400.16,2.92,1.0475
1946,GRC,3503.06,4.26,1.5413
1947,GRC,4388.55,5.34,1.9425
1948,GRC,4350.17,5.28,1.935
1949,GRC,4458.13,5.42,1.9884
1950,GRC,4744.19,5.7,2.0626
1951,GRC,5054.04,5.9,2.1462
1952,GRC,4976.58,5.65,2.0706
1953,GRC,5537.55,6.12,2.2573
1954,GRC,5600.06,6.01,2.2261
1955,GRC,5914.75,6.16,2.2868
1956,GRC,6315.36,6.38,2.3651
1957,GRC,6618.96,6.73,2.4639
1958,GRC,6795.49,6.96,2.519
1959,GRC,6900.61,7.15,2.5533
1960,GRC,7080.41,7.39,2.6081
1961,GRC,7951.99,8.37,2.9133
1962,GRC,7933.59,8.53,2.9077
1963,GRC,8840.47,9.72,3.2438
1964,GRC,9637.32,10.82,3.5499
1965,GRC,10625.25,12.12,3.9053
1966,GRC,11232.13,13.08,4.1259
1967,GRC,11772.66,14.06,4.3353
1968,GRC,12538.89,15.32,4.6311
1969,GRC,13937.83,17.22,5.0924
1970,GRC,15147.95,19.15,5.5054
1971,GRC,16265.53,20.58,5.8135
1972,GRC,17801.24,22.54,6.2547
1973,GRC,19155.55,24.1,6.543
1974,GRC,17856.22,22.51,5.9678
1975,GRC,18816.83,23.91,6.2771
1976,GRC,19840.74,25.23,6.5638
1977,GRC,20114.93,25.74,6.6264
1978,GRC,21293.32,27.47,6.9715
1979,GRC,21720.48,28.07,7.0173
1980,GRC,21652.2,27.88,6.8772
1981,GRC,21127.35,26.2,6.4797
1982,GRC,20757.8,26.18,6.4033
1983,GRC,20415.0,25.82,6.2762
1984,GRC,20722.44,27.31,6.5144
1985,GRC,21161.06,27.08,6.4984
1986,GRC,21200.48,27.28,6.5084
1987,GRC,20651.04,27.24,6.4217
1988,GRC,21459.23,28.1,6.6165
1989,GRC,22157.78,28.47,6.7213
1990,GRC,22002.82,28.41,6.6792
1991,GRC,22494.5,29.38,6.8633
1992,GRC,22487.32,28.79,6.7445
1993,GRC,22006.19,27.82,6.5274
1994,GRC,22344.89,28.31,6.6271
1995,GRC,22753.38,28.9,6.7495
1996,GRC,23301.68,29.91,6.9585
1997,GRC,24226.7,31.4,7.2729
1998,GRC,25031.19,31.24,7.3083
1999,GRC,25701.66,32.25,7.4998
2000,GRC,26600.13,33.36,7.7227
2001,GRC,27555.45,34.72,7.9915
2002,GRC,28531.71,35.35,8.136
2003,GRC,30112.94,36.92,8.4826
2004,GRC,31558.8,38.04,8.7255
2005,GRC,31654.87,36.96,8.5032
2006,GRC,33343.87,38.55,8.8599
2007,GRC,34347.86,39.55,9.0414
2008,GRC,34142.0,39.01,8.8627
2009,GRC,32587.86,37.99,8.5258
2010,GRC,30762.72,37.64,8.2935
2011,GRC,27681.43,34.99,7.6223
2012,GRC,25859.3,33.18,7.1992
2013,GRC,25392.13,32.43,7.0579
2014,GRC,25683.51,32.22,7.0668
2015,GRC,25802.45,33.38,7.27
2016,GRC,25783.81,32.0,7.0764
2017,GRC,26117.0,32.44,7.1963
2018,GRC,26606.68,31.31,7.077
2019,GRC,27136.66,31.93,7.2395
2020,GRC,24746.3,32.76,7.1906
2021,GRC,26980.23,32.3,7.3209
2022,GRC,28744.32,32.4,7.4786
1890,IRL,3535.07,1.8,1.606
1891,IRL,3585.94,1.83,1.6293
1892,IRL,3643.93,1.87,1.6523
1893,IRL,3687.81,1.9,1.6759
1894,IRL,3724.89,1.94,1.6997
1895,IRL,3771.34,1.97,1.7222
1896,IRL,3809.13,2.01,1.7449
1897,IRL,3842.13,2.04,1.7665
1898,IRL,3875.3,2.08,1.7877
1899,IRL,3912.12,2.11,1.8069
1900,IRL,3963.34,2.15,1.8229
1901,IRL,4004.65,2.19,1.8367
1902,IRL,4039.1,2.23,1.8509
1903,IRL,4068.26,2.26,1.861
1904,IRL,4097.56,2.3,1.8739
1905,IRL,4127.0,2.34,1.8871
1906,IRL,4147.12,2.38,1.8998
1907,IRL,4176.73,2.42,1.9135
1908,IRL,4206.48,2.47,1.9312
1909,IRL,4217.06,2.51,1.946
1910,IRL,4246.9,2.55,1.9707
1911,IRL,4271.02,2.6,1.9955
1912,IRL,4297.14,2.66,2.0296
1913,IRL,4337.25,2.73,2.0667
1914,IRL,4331.47,2.81,2.0998
1915,IRL,4355.96,2.88,2.125
1916,IRL,4339.99,2.96,2.1495
1917,IRL,4313.82,3.04,2.1693
1918,IRL,4277.63,3.12,2.194
1919,IRL,4183.11,3.21,2.2271
1920,IRL,4147.88,3.31,2.259
1921,IRL,4131.73,3.34,2.2391
1922,IRL,5914.33,4.8,3.1633
1923,IRL,6067.62,5.13,3.3172
1924,IRL,6012.47,5.26,3.3308
1925,IRL,5999.4,5.42,3.3479
1926,IRL,6008.3,5.62,3.3786
1927,IRL,6005.17,5.66,3.338
1928,IRL,6195.5,5.88,3.4025
1929,IRL,6391.82,6.12,3.4779
1930,IRL,6594.7,6.28,3.5195
1931,IRL,6765.62,6.44,3.5656
1932,IRL,6939.69,6.62,3.6234
1933,IRL,6737.32,6.44,3.493
1934,IRL,6539.04,6.26,3.35
1935,IRL,6729.88,6.43,3.3841
1936,IRL,6926.38,6.59,3.4192
1937,IRL,7127.77,6.76,3.4521
1938,IRL,6904.38,6.55,3.2965
1939,IRL,7128.22,6.71,3.3478
1940,IRL,7127.55,6.72,3.3269
1941,IRL,7127.35,6.75,3.3259
1942,IRL,7127.49,6.64,3.255
1943,IRL,7127.15,6.55,3.2021
1944,IRL,7127.05,6.51,3.1689
1945,IRL,7127.14,6.48,3.1484
1946,IRL,7050.07,6.38,3.083
1947,IRL,7127.39,6.41,3.0908
1948,IRL,7220.92,6.44,3.0961
1949,IRL,7544.02,6.64,3.1665
1950,IRL,7949.75,6.87,3.2478
1951,IRL,8063.41,7.09,3.2836
1952,IRL,8276.31,7.39,3.3496
1953,IRL,8505.99,7.72,3.4262
1954,IRL,8749.75,8.06,3.5052
1955,IRL,8859.89,8.26,3.5141
1956,IRL,9154.82,8.63,3.5918
1957,IRL,9100.66,8.9,3.6068
1958,IRL,9140.72,9.02,3.6039
1959,IRL,9036.31,9.02,3.563
1960,IRL,9430.43,9.46,3.702
1961,IRL,9999.88,10.16,3.9291
1962,IRL,10528.25,10.73,4.1137
1963,IRL,10826.35,11.15,4.2169
1964,IRL,11259.22,11.71,4.3622
1965,IRL,11642.86,12.29,4.4955
1966,IRL,11796.46,12.67,4.5431
1967,IRL,11864.14,13.0,4.575
1968,IRL,12498.03,13.86,4.7963
1969,IRL,13473.53,15.13,5.1433
1970,IRL,14220.2,16.48,5.4629
1971,IRL,14575.28,16.98,5.5505
1972,IRL,15285.08,18.47,5.9026
1973,IRL,15751.53,19.17,6.0584
1974,IRL,16154.48,20.03,6.2266
1975,IRL,16783.54,21.42,6.5575
1976,IRL,16748.77,21.97,6.6319
1977,IRL,17880.34,23.35,7.0118
1978,IRL,18922.46,24.98,7.423
1979,IRL,19191.24,24.74,7.3361
1980,IRL,19590.25,26.21,7.5725
1981,IRL,19994.75,27.57,7.7925
1982,IRL,20233.88,28.42,7.8701
1983,IRL,20040.48,28.74,7.7974
1984,IRL,20770.89,30.82,8.1942
1985,IRL,21339.24,31.8,8.3603
1986,IRL,21241.84,31.33,8.1905
1987,IRL,22226.09,32.93,8.5295
1988,IRL,23465.2,34.49,8.8883
1989,IRL,24977.99,36.41,9.323
1990,IRL,27123.67,38.05,9.7641
1991,IRL,27490.24,39.58,9.9901
1992,IRL,28177.57,41.56,10.3537
1993,IRL,28782.45,42.61,10.543
1994,IRL,30337.26,43.64,10.7942
1995,IRL,33118.77,45.8,11.3432
1996,IRL,35319.59,47.63,11.775
1997,IRL,38803.64,50.87,12.5444
1998,IRL,41638.42,50.7,12.6202
1999,IRL,45525.32,53.27,13.2168
2000,IRL,49158.51,56.21,13.8147
2001,IRL,50969.05,58.27,14.1104
2002,IRL,53041.65,61.3,14.583
2003,IRL,53749.83,63.01,14.7115
2004,IRL,56405.8,65.74,15.1581
2005,IRL,58314.7,66.4,15.2111
2006,IRL,59648.78,67.52,15.2627
2007,IRL,60955.19,69.27,15.4286
2008,IRL,56980.72,68.18,14.7467
2009,IRL,53563.32,72.7,14.9648
2010,IRL,54218.59,77.18,15.5362
2011,IRL,54687.83,79.59,15.8493
2012,IRL,54392.41,80.08,15.8362
2013,IRL,54762.09,78.02,15.4963
2014,IRL,59181.76,82.18,16.3928
2015,IRL,72987.17,99.23,19.8077
2016,IRL,73443.4,96.07,19.1146
2017,IRL,79391.18,100.8,19.6978
2018,IRL,85081.59,105.45,20.3227
2019,IRL,88379.45,107.83,20.5923
2020,IRL,93222.04,127.26,22.5052
2021,IRL,106503.0,137.49,24.1017
2022,IRL,114360.02,138.56,24.7508
1890,ITA,3478.9,2.02,1.4691
1891,ITA,3524.56,2.09,1.5058
1892,ITA,3528.72,2.12,1.5192
1893,ITA,3582.46,2.18,1.5554
1894,ITA,3604.6,2.18,1.5588
1895,ITA,3635.52,2.19,1.5644
1896,ITA,3688.58,2.2,1.5782
1897,ITA,3691.41,2.17,1.5662
1898,ITA,3680.94,2.17,1.5657
1899,ITA,3718.21,2.17,1.5718
1900,ITA,3822.06,2.21,1.6072
1901,ITA,3876.84,2.25,1.6322
1902,ITA,3937.02,2.32,1.6752
1903,ITA,3976.43,2.36,1.697
1904,ITA,4041.71,2.4,1.7225
1905,ITA,4127.57,2.46,1.7586
1906,ITA,4265.78,2.56,1.8125
1907,ITA,4342.12,2.61,1.8349
1908,ITA,4432.81,2.62,1.839
1909,ITA,4468.23,2.67,1.8583
1910,ITA,4467.34,2.71,1.8619
1911,ITA,4523.38,2.76,1.8726
1912,ITA,4534.41,2.77,1.8621
1913,ITA,4758.19,2.87,1.9131
1914,ITA,4467.17,2.7,1.7846
1915,ITA,4252.82,2.64,1.7197
1916,ITA,4628.75,2.87,1.8631
1917,ITA,4656.81,2.93,1.898
1918,ITA,4562.5,3.16,1.9888
1919,ITA,4335.46,3.43,2.078
1920,ITA,4434.04,3.43,2.0912
1921,ITA,4271.1,3.39,2.054
1922,ITA,4583.48,3.66,2.2111
1923,ITA,4960.93,4.01,2.4013
1924,ITA,5049.67,4.02,2.3984
1925,ITA,5349.47,4.19,2.492
1926,ITA,5346.97,4.21,2.4835
1927,ITA,5201.56,4.1,2.402
1928,ITA,5483.97,4.43,2.5602
1929,ITA,5718.17,4.54,2.6182
1930,ITA,5406.52,4.42,2.5045
1931,ITA,5306.32,4.55,2.5109
1932,ITA,5379.91,4.75,2.5736
1933,ITA,5275.2,4.67,2.513
1934,ITA,5219.32,4.59,2.4542
1935,ITA,5459.19,4.62,2.4766
1936,ITA,5226.0,4.46,2.3564
1937,ITA,5703.11,4.76,2.5062
1938,ITA,5818.11,4.85,2.5431
1939,ITA,6119.22,5.13,2.6802
1940,ITA,5952.16,5.27,2.7
1941,ITA,5805.17,5.48,2.7492
1942,ITA,5453.91,5.2,2.5942
1943,ITA,4606.71,4.42,2.1993
1944,ITA,3706.45,3.6,1.7859
1945,ITA,3314.45,3.26,1.6236
1946,ITA,4445.52,4.45,2.219
1947,ITA,5261.97,5.32,2.6287
1948,ITA,5627.12,5.66,2.7861
1949,ITA,6064.4,6.21,3.0239
1950,ITA,6522.58,7.31,3.4449
1951,ITA,7106.77,7.94,3.712
1952,ITA,7394.51,8.21,3.8042
1953,ITA,7880.87,8.68,3.9807
1954,ITA,8120.69,8.86,4.0123
1955,ITA,8623.44,9.45,4.1996
1956,ITA,8994.92,9.85,4.2904
1957,ITA,9454.99,10.34,4.4174
1958,ITA,9925.73,10.87,4.544
1959,ITA,10553.64,11.5,4.7132
1960,ITA,11227.67,12.3,4.9217
1961,ITA,12046.64,13.33,5.1996
1962,ITA,12763.43,14.62,5.5188
1963,ITA,13437.47,15.84,5.7916
1964,ITA,13830.64,16.55,5.8984
1965,ITA,14323.48,18.21,6.2396
1966,ITA,15152.24,19.57,6.5435
1967,ITA,16200.51,20.59,6.7942
1968,ITA,17258.91,22.17,7.1598
1969,ITA,18285.01,23.86,7.5205
1970,ITA,19292.5,25.43,7.8267
1971,ITA,19551.86,26.56,7.9094
1972,ITA,20158.67,27.88,8.0801
1973,ITA,21449.17,29.69,8.4328
1974,ITA,22481.29,31.34,8.7066
1975,ITA,21880.34,30.91,8.3955
1976,ITA,23322.74,32.82,8.7892
1977,ITA,23818.57,34.18,8.9721
1978,ITA,24502.87,35.36,9.1397
1979,ITA,25888.08,37.18,9.5007
1980,ITA,26720.91,37.89,9.5873
1981,ITA,26910.07,38.11,9.5118
1982,ITA,27005.5,37.96,9.3756
1983,ITA,27311.29,38.3,9.3623
1984,ITA,28186.04,39.75,9.6065
1985,ITA,28966.31,40.56,9.7253
1986,ITA,29793.11,41.25,9.8304
1987,ITA,30741.0,42.03,9.9626
1988,ITA,32014.89,43.25,10.1912
1989,ITA,33074.86,44.79,10.4412
1990,ITA,33703.46,45.22,10.4658
1991,ITA,34188.03,45.24,10.4096
1992,ITA,34460.15,45.87,10.4356
1993,ITA,34145.41,46.74,10.4551
1994,ITA,34872.77,48.7,10.7659
1995,ITA,35878.92,50.15,11.0197
1996,ITA,36323.2,50.2,10.9978
1997,ITA,36968.42,51.13,11.1276
1998,ITA,37627.0,51.17,11.1222
1999,ITA,38232.26,51.53,11.1582
2000,ITA,39662.12,53.01,11.4316
2001,ITA,40409.32,53.36,11.4662
2002,ITA,40433.88,52.94,11.3278
2003,ITA,40271.68,52.57,11.1911
2004,ITA,40541.98,53.01,11.2264
2005,ITA,40635.68,53.25,11.2129
2006,ITA,41198.15,53.13,11.1814
2007,ITA,41557.26,53.09,11.1511
2008,ITA,40841.2,52.79,11.0032
2009,ITA,38460.76,51.73,10.6163
2010,ITA,38947.13,52.91,10.803
2011,ITA,39087.1,53.27,10.8421
2012,ITA,37818.37,52.98,10.6738
2013,ITA,37048.0,53.4,10.6607
2014,ITA,37040.73,53.45,10.6633
2015,ITA,37385.48,53.48,10.6922
2016,ITA,37941.11,53.31,10.7075
2017,ITA,38646.5,53.66,10.8011
2018,ITA,39085.78,53.65,10.8181
2019,ITA,39372.03,53.92,10.856
2020,ITA,36011.73,55.58,10.7653
2021,ITA,38726.96,55.0,10.9025
2022,ITA,40200.64,54.86,10.9724
1890,JPN,1803.93,1.02,1.175
1891,JPN,1704.99,0.97,1.1048
1892,JPN,1805.27,1.03,1.1605
1893,JPN,1797.55,1.03,1.1484
1894,JPN,1995.52,1.15,1.2714
1895,JPN,2002.73,1.17,1.2716
1896,JPN,1873.78,1.1,1.1862
1897,JPN,1893.08,1.12,1.1875
1898,JPN,2226.31,1.33,1.3782
1899,JPN,2037.8,1.23,1.2502
1900,JPN,2102.65,1.28,1.2841
1901,JPN,2150.69,1.32,1.3096
1902,JPN,2012.43,1.25,1.2231
1903,JPN,2126.03,1.33,1.2877
1904,JPN,2117.94,1.34,1.2789
1905,JPN,2062.08,1.32,1.2456
1906,JPN,2312.46,1.49,1.3883
1907,JPN,2362.28,1.54,1.4083
1908,JPN,2350.31,1.55,1.3936
1909,JPN,2318.4,1.55,1.3695
1910,JPN,2324.13,1.57,1.3674
1911,JPN,2416.51,1.66,1.4091
1912,JPN,2467.32,1.71,1.4135
1913,JPN,2471.97,1.73,1.4073
1914,JPN,2364.68,1.67,1.3399
1915,JPN,2548.67,1.81,1.4379
1916,JPN,2905.2,2.09,1.6383
1917,JPN,2968.21,2.15,1.6704
1918,JPN,2974.18,2.16,1.658
1919,JPN,3257.27,2.39,1.7977
1920,JPN,3022.92,2.23,1.6524
1921,JPN,3314.83,2.47,1.7926
1922,JPN,3264.24,2.46,1.7523
1923,JPN,3225.43,2.45,1.7207
1924,JPN,3273.5,2.5,1.9312
1925,JPN,3360.57,2.59,1.9524
1926,JPN,3336.35,2.6,1.908
1927,JPN,3333.13,2.63,1.8784
1928,JPN,3551.69,2.81,1.9637
1929,JPN,3611.16,2.89,1.9777
1930,JPN,3298.59,2.69,1.7984
1931,JPN,3275.32,2.69,1.7675
1932,JPN,3496.8,2.88,1.8761
1933,JPN,3783.54,3.08,1.9968
1934,JPN,3740.59,3.04,1.9546
1935,JPN,3780.04,3.08,1.9548
1936,JPN,4001.0,3.24,2.0356
1937,JPN,4127.02,3.38,2.0872
1938,JPN,4366.18,3.59,2.1841
1939,JPN,5020.02,4.07,2.4515
1940,JPN,5123.83,4.15,2.4522
1941,JPN,5121.0,4.31,2.4957
1942,JPN,5023.87,4.4,2.4944
1943,JPN,5029.94,4.59,2.5544
1944,JPN,4740.0,4.52,2.4625
1945,JPN,2399.66,2.27,1.221
1946,JPN,2574.52,2.49,1.4611
1947,JPN,2746.95,2.71,1.5657
1948,JPN,3075.57,3.05,1.7373
1949,JPN,3208.45,3.19,1.7909
1950,JPN,3423.96,3.33,1.8634
1951,JPN,3789.2,3.71,2.0556
1952,JPN,4165.01,4.09,2.2452
1953,JPN,4410.87,4.34,2.3517
1954,JPN,4602.55,4.46,2.3845
1955,JPN,4939.26,4.63,2.4582
1956,JPN,5255.0,4.77,2.5093
1957,JPN,5590.14,4.93,2.562
1958,JPN,5862.92,5.13,2.6135
1959,JPN,6335.4,5.49,2.7449
1960,JPN,7106.38,6.02,2.9568
1961,JPN,7757.08,6.65,3.1756
1962,JPN,8370.82,7.23,3.3236
1963,JPN,8987.94,7.8,3.4586
1964,JPN,9932.65,8.57,3.6801
1965,JPN,10398.83,9.0,3.7391
1966,JPN,11400.97,9.72,3.9426
1967,JPN,12546.86,10.53,4.1713
1968,JPN,14115.29,11.67,4.459
1969,JPN,15551.8,13.1,4.838
1970,JPN,17023.68,14.42,5.1407
1971,JPN,17648.41,15.02,5.1659
1972,JPN,18875.62,16.28,5.4123
1973,JPN,19926.32,17.41,5.6157
1974,JPN,19414.23,17.78,5.4945
1975,JPN,19770.37,18.59,5.5757
1976,JPN,20328.34,19.03,5.6048
1977,JPN,21013.88,19.62,5.6779
1978,JPN,21921.59,20.52,5.8302
1979,JPN,22932.24,21.39,5.9771
1980,JPN,23392.66,21.89,6.0043
1981,JPN,24215.16,22.82,6.1454
1982,JPN,24835.36,23.39,6.2072
1983,JPN,25562.97,23.99,6.2845
1984,JPN,26519.91,24.8,6.4225
1985,JPN,27716.88,26.13,6.6658
1986,JPN,28486.1,26.8,6.7546
1987,JPN,29669.18,27.95,6.9501
1988,JPN,31515.18,29.53,7.2513
1989,JPN,32944.08,30.86,7.4599
1990,JPN,34425.44,32.43,7.7014
1991,JPN,35497.66,33.45,7.8174
1992,JPN,35683.35,33.93,7.7903
1993,JPN,35414.01,34.71,7.7927
1994,JPN,35746.76,35.17,7.798
1995,JPN,36593.66,36.25,7.9419
1996,JPN,37657.9,37.19,8.09
1997,JPN,37936.87,37.83,8.1189
1998,JPN,37354.75,38.25,8.0704
1999,JPN,37160.02,39.32,8.152
2000,JPN,38113.9,40.46,8.322
2001,JPN,38170.47,41.04,8.3548
2002,JPN,38106.16,41.79,8.4096
2003,JPN,38620.2,42.39,8.4889
2004,JPN,39433.58,43.41,8.647
2005,JPN,40138.33,44.04,8.743
2006,JPN,40662.75,44.11,8.7487
2007,JPN,41220.39,44.43,8.7952
2008,JPN,40695.06,44.3,8.7134
2009,JPN,38381.49,43.67,8.4531
2010,JPN,39951.53,45.02,8.7309
2011,JPN,40027.31,45.31,8.7632
2012,JPN,40666.34,45.8,8.8763
2013,JPN,41553.09,46.83,9.0564
2014,JPN,41699.42,46.91,9.0594
2015,JPN,42400.84,47.85,9.211
2016,JPN,42780.04,47.9,9.2184
2017,JPN,43574.67,48.34,9.3035
2018,JPN,43946.25,48.64,9.3404
2019,JPN,43865.29,49.06,9.3657
2020,JPN,42141.61,48.59,9.1624
2021,JPN,43115.29,49.35,9.3083
2022,JPN,43793.2,49.8,9.3837
1890,MEX,2813.08,2.89,2.6172
1891,MEX,2887.5,2.95,2.5132
1892,MEX,2958.79,3.01,2.5135
1893,MEX,3027.75,3.07,2.5216
1894,MEX,3093.71,3.12,2.5679
1895,MEX,3149.78,3.17,2.6034
1896,MEX,3206.96,3.2,2.6216
1897,MEX,3371.54,3.35,2.6886
1898,MEX,3513.59,3.48,2.6955
1899,MEX,3294.47,3.25,2.4574
1900,MEX,3271.28,3.21,2.3636
1901,MEX,3511.54,3.5,2.545
1902,MEX,3228.27,3.26,2.3483
1903,MEX,3551.28,3.64,2.5832
1904,MEX,3574.22,3.71,2.6061
1905,MEX,3903.18,4.11,2.8552
1906,MEX,3818.35,4.08,2.7897
1907,MEX,3997.49,4.33,2.8861
1908,MEX,3950.18,4.34,2.8245
1909,MEX,4023.72,4.49,2.8688
1910,MEX,4056.12,4.54,2.8394
1911,MEX,4087.75,4.64,2.826
1912,MEX,4115.42,4.74,2.8335
1913,MEX,4147.13,4.85,2.8626
1914,MEX,4177.76,4.96,2.9038
1915,MEX,4208.59,5.07,2.9669
1916,MEX,4239.62,5.19,3.0399
1917,MEX,4271.01,5.31,3.1092
1918,MEX,4302.61,5.43,3.1711
1919,MEX,4334.41,5.56,3.2324
1920,MEX,4366.41,5.69,3.2771
1921,MEX,4397.14,5.82,3.2965
1922,MEX,4431.72,5.97,3.3247
1923,MEX,4512.55,6.19,3.4249
1924,MEX,4371.08,6.1,3.3526
1925,MEX,4569.87,6.49,3.5332
1926,MEX,4769.01,6.9,3.7138
1927,MEX,4490.24,6.61,3.525
1928,MEX,4447.01,6.67,3.5256
1929,MEX,4208.65,6.43,3.363
1930,MEX,3874.92,6.04,3.1128
1931,MEX,3935.14,6.21,3.1733
1932,MEX,3287.26,5.26,2.6818
1933,MEX,3595.04,5.84,2.9802
1934,MEX,3769.65,6.21,3.1634
1935,MEX,3976.64,6.64,3.3527
1936,MEX,4235.52,7.15,3.5675
1937,MEX,4301.23,7.37,3.6298
1938,MEX,4297.38,7.47,3.6073
1939,MEX,4450.11,7.85,3.7665
1940,MEX,4435.56,7.94,3.7774
1941,MEX,4669.09,8.33,3.9565
1942,MEX,4866.88,8.66,4.0976
1943,MEX,4913.21,8.75,4.1309
1944,MEX,5172.14,9.22,4.3365
1945,MEX,5110.66,9.27,4.3157
1946,MEX,5294.5,9.66,4.4108
1947,MEX,5320.49,9.77,4.3542
1948,MEX,5383.99,9.96,4.3372
1949,MEX,5519.1,10.3,4.4286
1950,MEX,5664.38,11.1,4.7152
1951,MEX,5933.5,11.83,4.9384
1952,MEX,5997.22,12.16,4.9754
1953,MEX,5841.77,12.06,4.8365
1954,MEX,6239.48,13.12,5.1781
1955,MEX,6568.23,14.06,5.4678
1956,MEX,6808.74,14.82,5.6697
1957,MEX,7100.75,15.72,5.9049
1958,MEX,7245.31,16.33,6.0156
1959,MEX,7224.57,16.59,6.0184
1960,MEX,7556.92,17.68,6.3272
1961,MEX,7618.67,17.96,6.3306
1962,MEX,7723.1,18.35,6.3811
1963,MEX,8046.54,19.27,6.6171
1964,MEX,8629.69,20.83,7.0498
1965,MEX,8908.7,21.64,7.1952
1966,MEX,9167.3,22.37,7.3287
1967,MEX,9414.5,23.08,7.4428
1968,MEX,9789.48,24.11,7.6435
1969,MEX,10043.92,24.84,7.7432
1970,MEX,10381.59,25.72,7.8896
1971,MEX,10456.34,25.4,7.7288
1972,MEX,10975.82,26.07,7.8993
1973,MEX,11514.26,26.72,8.0509
1974,MEX,11833.26,26.81,8.016
1975,MEX,12115.83,26.59,7.9101
1976,MEX,12257.45,26.52,7.8042
1977,MEX,12314.68,26.26,7.6613
1978,MEX,12957.85,27.08,7.8734
1979,MEX,13752.98,27.83,8.0728
1980,MEX,14440.47,28.3,8.1722
1981,MEX,15347.26,29.77,8.4655
1982,MEX,14892.36,28.61,7.9955
1983,MEX,13933.89,27.31,7.4831
1984,MEX,14121.63,27.19,7.4551
1985,MEX,14206.23,26.66,7.3287
1986,MEX,13393.31,24.89,6.8223
1987,MEX,13368.47,24.52,6.7282
1988,MEX,13265.68,24.0,6.5948
1989,MEX,13552.99,24.09,6.6378
1990,MEX,13965.93,24.48,6.7551
1991,MEX,14298.43,20.52,5.9841
1992,MEX,14570.35,20.62,6.0056
1993,MEX,14846.36,20.54,5.9822
1994,MEX,15336.49,20.5,5.9943
1995,MEX,14153.38,19.23,5.5488
1996,MEX,14893.41,19.45,5.6808
1997,MEX,15695.74,19.22,5.7093
1998,MEX,16291.72,20.35,5.9791
1999,MEX,16535.32,19.99,5.8913
2000,MEX,17147.91,21.17,6.1548
2001,MEX,16873.53,21.31,6.1087
2002,MEX,16655.44,20.34,5.8604
2003,MEX,16686.27,20.98,5.9682
2004,MEX,17138.83,21.27,6.0509
2005,MEX,17337.39,19.47,5.6821
2006,MEX,17906.04,19.85,5.785
2007,MEX,18086.28,20.08,5.8139
2008,MEX,18045.14,19.96,5.7496
2009,MEX,16857.36,18.78,5.3607
2010,MEX,17496.5,19.45,5.5354
2011,MEX,17918.97,19.79,5.6197
2012,MEX,18354.25,19.95,5.6615
2013,MEX,18391.95,19.94,5.6307
2014,MEX,18707.8,20.45,5.7331
2015,MEX,19117.52,20.58,5.7698
2016,MEX,19716.17,20.97,5.8435
2017,MEX,19903.15,21.09,5.8578
2018,MEX,20088.12,20.95,5.8281
2019,MEX,19787.63,20.44,5.6882
2020,MEX,18001.98,20.35,5.5011
2021,MEX,18669.8,19.61,5.4251
2022,MEX,19144.82,19.36,5.4081
1890,NLD,6562.58,5.49,2.1945
1891,NLD,6367.4,5.33,2.1221
1892,NLD,6397.87,5.36,2.1285
1893,NLD,6390.5,5.35,2.1206
1894,NLD,6463.82,5.42,2.143
1895,NLD,6584.96,5.52,2.1812
1896,NLD,6252.14,5.24,2.0691
1897,NLD,6786.59,5.69,2.2458
1898,NLD,6832.9,5.73,2.2603
1899,NLD,6842.32,5.74,2.2636
1900,NLD,6761.11,5.69,2.237
1901,NLD,6792.71,5.73,2.248
1902,NLD,6997.11,5.93,2.3193
1903,NLD,7035.0,5.98,2.3341
1904,NLD,6980.28,5.96,2.317
1905,NLD,7098.65,6.08,2.3566
1906,NLD,7244.82,6.23,2.4066
1907,NLD,7152.08,6.17,2.3771
1908,NLD,7063.25,6.12,2.3521
1909,NLD,7228.73,6.28,2.4111
1910,NLD,7482.63,6.54,2.4981
1911,NLD,7677.38,6.72,2.5558
1912,NLD,7810.31,6.85,2.5979
1913,NLD,7995.28,7.04,2.6594
1914,NLD,7639.36,6.93,2.589
1915,NLD,7752.71,7.34,2.7087
1916,NLD,7812.96,7.79,2.844
1917,NLD,7162.09,7.61,2.7406
1918,NLD,6620.2,7.34,2.6297
1919,NLD,8140.19,9.38,3.3433
1920,NLD,8333.76,9.79,3.4893
1921,NLD,8751.44,10.42,3.7111
1922,NLD,9082.86,11.01,3.8706
1923,NLD,9153.52,11.13,3.8907
1924,NLD,9667.97,11.61,4.0696
1925,NLD,9935.53,11.87,4.1562
1926,NLD,10580.88,12.52,4.3798
1927,NLD,10870.08,12.88,4.4793
1928,NLD,11295.47,13.27,4.5965
1929,NLD,11234.63,13.34,4.5716
1930,NLD,11064.28,13.09,4.4519
1931,NLD,10239.8,12.59,4.1918
1932,NLD,9943.95,13.25,4.2779
1933,NLD,9788.37,13.19,4.2359
1934,NLD,9489.07,12.57,4.0515
1935,NLD,9735.04,13.21,4.2213
1936,NLD,10248.95,13.82,4.4184
1937,NLD,10728.88,13.97,4.5085
1938,NLD,10367.29,13.28,4.3006
1939,NLD,10948.64,13.52,4.411
1940,NLD,9541.31,11.46,3.7542
1941,NLD,8948.54,10.53,3.4814
1942,NLD,8110.26,9.45,3.1502
1943,NLD,7861.01,9.04,3.0447
1944,NLD,5231.78,6.03,2.0661
1945,NLD,5305.02,6.14,2.142
1946,NLD,8801.27,10.54,3.7253
1947,NLD,9969.31,12.03,4.2583
1948,NLD,10842.45,12.97,4.5892
1949,NLD,11613.18,14.15,4.9181
1950,NLD,11841.58,14.64,5.0036
1951,NLD,11912.36,15.0,5.0358
1952,NLD,12014.73,15.48,5.1052
1953,NLD,12920.66,16.64,5.4433
1954,NLD,13640.17,17.43,5.6496
1955,NLD,14467.6,18.53,5.9258
1956,NLD,14808.61,19.06,5.9988
1957,NLD,15035.79,19.63,6.0561
1958,NLD,14776.13,19.9,5.994
1959,NLD,15278.94,20.82,6.1879
1960,NLD,16364.99,22.31,6.5534
1961,NLD,16197.81,21.9,6.3648
1962,NLD,17062.46,22.77,6.5614
1963,NLD,17443.45,23.12,6.5942
1964,NLD,18638.27,24.44,6.9143
1965,NLD,19346.23,25.32,7.0621
1966,NLD,19621.6,25.62,7.048
1967,NLD,20421.54,26.84,7.2537
1968,NLD,21507.58,28.08,7.4813
1969,NLD,22628.71,28.6,7.5651
1970,NLD,23731.94,30.57,7.9175
1971,NLD,24455.69,32.14,8.1385
1972,NLD,24812.9,33.17,8.2276
1973,NLD,26037.19,35.37,8.6143
1974,NLD,26934.84,37.78,8.9948
1975,NLD,26736.98,39.05,9.0925
1976,NLD,27787.18,41.0,9.4363
1977,NLD,28151.39,42.27,9.5972
1978,NLD,28635.99,43.44,9.7512
1979,NLD,29017.21,43.99,9.8001
1980,NLD,29719.14,44.67,9.9208
1981,NLD,29281.35,44.52,9.8038
1982,NLD,28786.7,45.04,9.7961
1983,NLD,29268.05,46.84,10.085
1984,NLD,30049.11,48.13,10.3274
1985,NLD,30686.13,49.01,10.4873
1986,NLD,31370.29,49.68,10.6149
1987,NLD,31764.6,50.29,10.7017
1988,NLD,32643.97,51.2,10.8805
1989,NLD,33889.45,52.25,11.0888
1990,NLD,35068.5,53.0,11.2544
1991,NLD,35635.58,53.64,11.3456
1992,NLD,35971.39,53.54,11.3075
1993,NLD,36166.49,54.4,11.3941
1994,NLD,37017.09,55.35,11.5644
1995,NLD,37976.21,54.52,11.4798
1996,NLD,39125.21,54.72,11.5543
1997,NLD,40607.16,55.93,11.7995
1998,NLD,42241.28,57.3,12.0771
1999,NLD,44073.1,58.57,12.3449
2000,NLD,45593.53,60.46,12.6628
2001,NLD,46305.57,61.07,12.7259
2002,NLD,46110.2,61.52,12.6906
2003,NLD,45965.64,62.33,12.7231
2004,NLD,46713.93,63.41,12.8716
2005,NLD,47560.97,64.92,13.0895
2006,NLD,49128.78,65.88,13.2813
2007,NLD,50870.3,66.47,13.4218
2008,NLD,51772.09,66.86,13.4401
2009,NLD,49620.23,65.35,12.9795
2010,NLD,50029.24,66.7,13.1467
2011,NLD,50567.89,67.12,13.2132
2012,NLD,49861.67,67.02,13.0974
2013,NLD,49651.56,67.53,13.1188
2014,NLD,50176.15,68.03,13.2056
2015,NLD,50932.69,68.7,13.3444
2016,NLD,51773.92,68.59,13.3317
2017,NLD,52966.87,68.97,13.439
2018,NLD,53899.6,68.75,13.4378
2019,NLD,54595.64,68.29,13.3836
2020,NLD,52182.18,67.54,13.0475
2021,NLD,55125.62,69.44,13.4777
2022,NLD,56959.69,69.65,13.6075
1890,NOR,4306.46,3.64,1.7693
1891,NOR,4313.5,3.7,1.7798
1892,NOR,4367.72,3.73,1.7876
1893,NOR,4457.33,3.8,1.8103
1894,NOR,4443.08,3.79,1.7967
1895,NOR,4440.69,3.8,1.794
1896,NOR,4504.12,3.87,1.8189
1897,NOR,4676.58,4.04,1.8901
1898,NOR,4645.95,4.04,1.8778
1899,NOR,4723.88,4.13,1.9051
1900,NOR,4727.67,4.05,1.8678
1901,NOR,4791.77,4.16,1.8998
1902,NOR,4822.57,4.23,1.9173
1903,NOR,4764.96,4.24,1.9031
1904,NOR,4755.31,4.31,1.9143
1905,NOR,4766.49,4.35,1.9207
1906,NOR,4942.72,4.49,1.9756
1907,NOR,5135.22,4.63,2.0299
1908,NOR,5260.1,4.71,2.0541
1909,NOR,5327.29,4.75,2.0632
1910,NOR,5506.79,4.9,2.1178
1911,NOR,5680.92,5.02,2.1566
1912,NOR,5906.06,5.16,2.2032
1913,NOR,6164.54,5.36,2.269
1914,NOR,6228.06,5.62,2.3316
1915,NOR,6434.51,5.81,2.3885
1916,NOR,6619.93,5.94,2.4221
1917,NOR,5948.51,5.52,2.2029
1918,NOR,5650.17,5.36,2.1065
1919,NOR,6554.73,6.09,2.3954
1920,NOR,6900.12,6.47,2.5154
1921,NOR,6154.04,6.24,2.3484
1922,NOR,6746.5,7.11,2.6404
1923,NOR,6882.65,7.16,2.664
1924,NOR,6839.81,7.41,2.7123
1925,NOR,7212.73,7.83,2.8512
1926,NOR,7278.53,8.14,2.9208
1927,NOR,7521.11,8.46,3.0192
1928,NOR,7824.25,8.34,3.0103
1929,NOR,8533.36,8.95,3.2197
1930,NOR,9137.24,9.64,3.4313
1931,NOR,8372.31,9.45,3.2642
1932,NOR,8732.8,10.01,3.42
1933,NOR,8901.57,10.16,3.4662
1934,NOR,9164.73,10.33,3.525
1935,NOR,9571.85,10.42,3.5763
1936,NOR,10165.11,10.69,3.6816
1937,NOR,10562.91,10.99,3.7624
1938,NOR,10737.17,11.18,3.7817
1939,NOR,11186.64,11.27,3.8119
1940,NOR,10172.58,10.25,3.4318
1941,NOR,10359.96,10.33,3.4427
1942,NOR,9894.47,10.18,3.342
1943,NOR,9623.62,10.16,3.2961
1944,NOR,9037.58,9.83,3.1526
1945,NOR,10025.9,11.32,3.5828
1946,NOR,10921.47,11.78,3.7664
1947,NOR,12253.84,12.96,4.1488
1948,NOR,12958.27,13.62,4.3227
1949,NOR,13168.13,13.77,4.3359
1950,NOR,13677.78,13.93,4.3756
1951,NOR,14284.31,14.77,4.5706
1952,NOR,14646.17,15.37,4.705
1953,NOR,15077.62,16.06,4.8539
1954,NOR,15683.01,16.96,5.0407
1955,NOR,15874.16,17.43,5.0974
1956,NOR,16563.86,18.46,5.3119
1957,NOR,16907.28,19.1,5.4223
1958,NOR,16758.24,19.42,5.4158
1959,NOR,17317.88,20.34,5.5831
1960,NOR,18147.3,21.41,5.8106
1961,NOR,19132.14,22.66,6.1026
1962,NOR,19513.5,23.35,6.2188
1963,NOR,20107.15,24.35,6.4088
1964,NOR,20949.16,25.26,6.6009
1965,NOR,21890.84,27.08,6.9655
1966,NOR,22538.1,27.94,7.1189
1967,NOR,23746.67,29.62,7.466
1968,NOR,24076.7,30.8,7.6242
1969,NOR,24959.06,32.78,7.9788
1970,NOR,25270.73,33.17,8.0217
1971,NOR,26519.46,35.15,8.4004
1972,NOR,27720.05,37.27,8.7749
1973,NOR,28771.74,39.0,9.0683
1974,NOR,29720.38,40.46,9.2857
1975,NOR,31020.92,42.14,9.5531
1976,NOR,32673.09,44.47,9.9363
1977,NOR,33889.43,45.99,10.1278
1978,NOR,35061.99,48.0,10.3836
1979,NOR,36469.28,50.1,10.7025
1980,NOR,38012.65,51.13,10.8669
1981,NOR,38488.32,51.57,10.8617
1982,NOR,38438.27,52.03,10.8186
1983,NOR,39839.49,54.44,11.181
1984,NOR,42128.27,57.49,11.6858
1985,NOR,44328.61,59.27,11.9993
1986,NOR,45965.53,59.87,12.1086
1987,NOR,46548.08,60.75,12.1649
1988,NOR,46186.54,60.81,12.0391
1989,NOR,46467.37,63.36,12.3214
1990,NOR,47208.96,65.49,12.597
1991,NOR,48425.44,68.27,13.0208
1992,NOR,49875.5,70.41,13.3789
1993,NOR,50985.33,72.01,13.6413
1994,NOR,53254.1,74.7,14.1303
1995,NOR,55187.12,77.03,14.5343
1996,NOR,57670.84,79.53,14.9958
1997,NOR,60387.68,81.57,15.398
1998,NOR,61635.44,81.67,15.4015
1999,NOR,62475.47,82.67,15.4722
2000,NOR,64132.18,85.92,15.9199
2001,NOR,65124.35,89.11,16.3151
2002,NOR,65672.31,91.03,16.5173
2003,NOR,65900.76,93.98,16.8334
2004,NOR,68143.39,95.93,17.1754
2005,NOR,69503.88,96.99,17.3185
2006,NOR,70634.13,96.35,17.212
2007,NOR,71951.44,94.62,16.9738
2008,NOR,71403.56,91.82,16.4523
2009,NOR,69133.6,91.74,16.1683
2010,NOR,68822.6,92.21,16.1238
2011,NOR,68684.42,91.6,15.9919
2012,NOR,69623.49,92.4,16.0948
2013,NOR,69486.47,92.97,16.0749
2014,NOR,70122.83,93.71,16.1142
2015,NOR,70695.86,94.91,16.2088
2016,NOR,70890.95,95.54,16.223
2017,NOR,72073.16,97.52,16.4529
2018,NOR,72191.78,96.77,16.2803
2019,NOR,72511.62,96.39,16.169
2020,NOR,71172.24,97.27,16.0676
2021,NOR,73550.28,98.7,16.301
2022,NOR,75413.03,98.18,16.29
1890,NZL,6515.51,5.31,2.4506
1891,NZL,6594.84,5.35,2.4446
1892,NZL,6617.42,5.27,2.3933
1893,NZL,6772.89,5.3,2.3953
1894,NZL,6776.39,5.22,2.347
1895,NZL,6609.7,5.01,2.2458
1896,NZL,6914.11,5.16,2.3062
1897,NZL,7440.29,5.55,2.4692
1898,NZL,7480.29,5.59,2.4452
1899,NZL,7620.65,5.71,2.4736
1900,NZL,7863.47,5.92,2.5425
1901,NZL,8214.65,6.23,2.6476
1902,NZL,8226.39,6.17,2.6209
1903,NZL,8641.63,6.48,2.7395
1904,NZL,8952.62,6.74,2.8289
1905,NZL,8869.31,6.68,2.7971
1906,NZL,9514.83,7.11,2.9608
1907,NZL,9836.19,7.53,3.112
1908,NZL,9779.63,7.55,3.0989
1909,NZL,9051.0,7.01,2.8758
1910,NZL,9207.77,7.16,2.9288
1911,NZL,9954.77,7.81,3.1678
1912,NZL,10025.47,8.26,3.288
1913,NZL,9531.03,8.31,3.2514
1914,NZL,9420.1,8.67,3.3387
1915,NZL,9498.16,9.06,3.4359
1916,NZL,9488.6,9.31,3.4728
1917,NZL,9306.49,8.7,3.2772
1918,NZL,8987.03,8.06,3.069
1919,NZL,8943.24,7.79,2.9971
1920,NZL,9659.28,8.27,3.1816
1921,NZL,9989.25,8.39,3.2489
1922,NZL,9270.92,7.79,3.0174
1923,NZL,9118.34,7.63,2.9474
1924,NZL,9555.37,8.01,3.0792
1925,NZL,9651.82,8.12,3.1082
1926,NZL,9733.76,8.19,3.1247
1927,NZL,9097.73,7.73,2.9429
1928,NZL,8964.36,7.7,2.9224
1929,NZL,9588.72,8.32,3.134
1930,NZL,9563.73,8.37,3.1272
1931,NZL,8910.93,7.85,2.9271
1932,NZL,8175.59,7.23,2.6933
1933,NZL,8060.64,7.15,2.6606
1934,NZL,8906.64,7.91,2.9324
1935,NZL,8968.16,7.97,2.9435
1936,NZL,9715.29,8.97,3.2609
1937,NZL,11101.56,11.18,3.9255
1938,NZL,11390.49,11.61,4.0267
1939,NZL,12038.33,12.4,4.2577
1940,NZL,12539.62,13.04,4.4336
1941,NZL,12835.8,13.48,4.5361
1942,NZL,13322.62,14.16,4.7255
1943,NZL,14821.63,15.93,5.2557
1944,NZL,15854.63,17.24,5.6349
1945,NZL,15362.2,16.88,5.4738
1946,NZL,15527.03,16.9,5.4631
1947,NZL,15270.17,16.46,5.2946
1948,NZL,15420.34,16.36,5.2649
1949,NZL,14335.39,15.0,4.8664
1950,NZL,14465.73,15.19,4.9481
1951,NZL,16386.49,17.56,5.647
1952,NZL,15116.64,16.19,5.1812
1953,NZL,14712.15,16.12,5.1004
1954,NZL,14826.22,16.39,5.1419
1955,NZL,15508.44,17.39,5.3974
1956,NZL,15773.2,17.88,5.4812
1957,NZL,15708.4,18.04,5.4651
1958,NZL,16147.1,18.74,5.6216
1959,NZL,16244.68,19.13,5.6757
1960,NZL,16594.41,19.78,5.8063
1961,NZL,17265.19,20.54,5.9804
1962,NZL,17394.66,20.96,6.035
1963,NZL,17574.86,21.21,6.0572
1964,NZL,18259.56,21.93,6.2346
1965,NZL,19058.54,22.55,6.3935
1966,NZL,19860.84,23.14,6.5424
1967,NZL,20249.32,23.49,6.586
1968,NZL,19899.39,23.76,6.5357
1969,NZL,20142.33,23.8,6.5191
1970,NZL,20874.16,24.36,6.662
1971,NZL,21331.51,25.02,6.7992
1972,NZL,22046.3,26.22,7.0615
1973,NZL,23302.01,27.37,7.3529
1974,NZL,24201.7,27.66,7.4212
1975,NZL,23358.88,26.94,7.1226
1976,NZL,23356.42,26.78,7.0098
1977,NZL,22350.96,25.27,6.5741
1978,NZL,22414.89,25.61,6.592
1979,NZL,22840.48,25.95,6.6665
1980,NZL,23089.67,26.46,6.766
1981,NZL,24064.91,27.77,7.077
1982,NZL,24090.34,27.68,7.0542
1983,NZL,24599.3,28.1,7.174
1984,NZL,25525.15,28.77,7.3624
1985,NZL,25826.32,28.34,7.2799
1986,NZL,24810.14,27.51,7.0097
1987,NZL,25046.67,27.82,7.0611
1988,NZL,25510.07,29.46,7.35
1989,NZL,25489.04,30.8,7.551
1990,NZL,25392.96,31.9,7.7085
1991,NZL,24043.22,31.35,7.539
1992,NZL,24108.05,32.54,7.7493
1993,NZL,25358.09,33.3,8.0045
1994,NZL,26332.33,33.41,8.1138
1995,NZL,27049.09,33.68,8.2112
1996,NZL,27539.53,33.79,8.2508
1997,NZL,28059.83,34.94,8.4591
1998,NZL,28138.39,34.39,8.3231
1999,NZL,29459.66,34.79,8.4685
2000,NZL,29972.36,35.86,8.6398
2001,NZL,30881.63,36.54,8.7975
2002,NZL,31858.56,37.24,8.981
2003,NZL,32690.39,37.94,9.1436
2004,NZL,33276.52,37.78,9.1085
2005,NZL,33953.3,37.69,9.0789
2006,NZL,34359.9,38.17,9.1212
2007,NZL,35343.07,39.67,9.3839
2008,NZL,34490.36,38.4,9.0323
2009,NZL,34797.7,40.43,9.3424
2010,NZL,34760.92,40.09,9.259
2011,NZL,35428.29,40.85,9.3983
2012,NZL,36139.21,42.38,9.6544
2013,NZL,36512.21,41.49,9.5031
2014,NZL,37182.97,41.46,9.5223
2015,NZL,37962.12,42.42,9.7086
2016,NZL,38564.05,42.03,9.668
2017,NZL,39453.96,42.1,9.7167
2018,NZL,40292.04,42.96,9.874
2019,NZL,40562.89,42.69,9.8077
2020,NZL,39895.75,43.45,9.8334
2021,NZL,41445.16,44.51,10.0485
2022,NZL,41784.11,44.27,9.9735
1890,PRT,2277.12,1.93,1.3237
1891,PRT,2219.71,1.9,1.2986
1892,PRT,2194.56,1.89,1.2876
1893,PRT,2222.75,1.94,1.3103
1894,PRT,2178.41,1.92,1.2915
1895,PRT,2255.86,2.01,1.3472
1896,PRT,2271.11,2.05,1.3647
1897,PRT,2385.7,2.18,1.445
1898,PRT,2451.75,2.26,1.4854
1899,PRT,2521.22,2.35,1.5337
1900,PRT,2629.02,2.48,1.6044
1901,PRT,2562.68,2.43,1.5634
1902,PRT,2555.46,2.43,1.5585
1903,PRT,2570.22,2.45,1.5647
1904,PRT,2582.1,2.38,1.526
1905,PRT,2489.2,2.4,1.5123
1906,PRT,2484.43,2.42,1.5101
1907,PRT,2522.35,2.48,1.5317
1908,PRT,2461.54,2.44,1.4944
1909,PRT,2439.06,2.44,1.4855
1910,PRT,2479.06,2.49,1.5095
1911,PRT,2506.74,2.56,1.5298
1912,PRT,2536.87,2.61,1.5478
1913,PRT,2524.34,2.61,1.5361
1914,PRT,2538.86,2.63,1.5355
1915,PRT,2478.83,2.58,1.4943
1916,PRT,2490.67,2.61,1.4992
1917,PRT,2447.94,2.58,1.4738
1918,PRT,2321.12,2.53,1.4257
1919,PRT,2368.67,2.62,1.4654
1920,PRT,2481.73,2.78,1.5328
1921,PRT,2604.23,2.93,1.6086
1922,PRT,2886.82,3.29,1.7951
1923,PRT,2974.71,3.43,1.8609
1924,PRT,2829.07,3.3,1.776
1925,PRT,2919.51,3.44,1.8389
1926,PRT,2865.03,3.41,1.8108
1927,PRT,3326.39,4.01,2.1182
1928,PRT,2968.46,3.62,1.9005
1929,PRT,3250.6,4.02,2.0892
1930,PRT,3171.25,3.96,2.0396
1931,PRT,3293.08,4.12,2.1157
1932,PRT,3316.12,4.16,2.1331
1933,PRT,3497.0,4.44,2.2683
1934,PRT,3601.62,4.6,2.3398
1935,PRT,3368.9,4.35,2.1977
1936,PRT,3074.42,3.97,1.996
1937,PRT,3547.88,4.6,2.2949
1938,PRT,3527.74,4.58,2.2706
1939,PRT,3531.07,4.59,2.2611
1940,PRT,3260.81,4.26,2.0821
1941,PRT,3526.95,4.6,2.2386
1942,PRT,3448.91,4.48,2.1744
1943,PRT,3646.92,4.71,2.2742
1944,PRT,3821.2,4.93,2.3682
1945,PRT,3641.27,4.66,2.2348
1946,PRT,3892.24,4.95,2.3643
1947,PRT,4180.23,5.29,2.5023
1948,PRT,4131.28,5.2,2.436
1949,PRT,4152.04,5.2,2.4266
1950,PRT,4212.32,5.26,2.4399
1951,PRT,4376.37,5.49,2.5131
1952,PRT,4363.68,5.48,2.485
1953,PRT,4639.41,5.85,2.6217
1954,PRT,4832.1,6.12,2.7045
1955,PRT,4996.36,6.36,2.7752
1956,PRT,5176.69,6.62,2.8522
1957,PRT,5368.09,7.11,2.9895
1958,PRT,5395.23,7.0,2.9205
1959,PRT,5641.0,7.37,3.0243
1960,PRT,5967.64,7.85,3.1651
1961,PRT,6243.14,8.35,3.3036
1962,PRT,6609.7,8.98,3.4733
1963,PRT,6973.81,9.59,3.6286
1964,PRT,7429.46,10.31,3.8316
1965,PRT,8015.11,11.17,4.0782
1966,PRT,8404.38,11.76,4.2067
1967,PRT,9096.29,12.8,4.4687
1968,PRT,9947.98,14.11,4.8073
1969,PRT,10250.74,14.58,4.8576
1970,PRT,11284.45,15.4,5.0774
1971,PRT,12138.6,16.24,5.2694
1972,PRT,13131.33,17.74,5.6073
1973,PRT,14597.05,20.0,6.1355
1974,PRT,14559.83,19.02,5.7841
1975,PRT,13407.67,17.48,5.2607
1976,PRT,13931.46,18.54,5.5144
1977,PRT,14556.4,19.58,5.7629
1978,PRT,14805.03,20.3,5.8832
1979,PRT,15473.17,21.31,6.1263
1980,PRT,16009.3,21.93,6.248
1981,PRT,16129.62,22.31,6.284
1982,PRT,16372.68,22.93,6.3574
1983,PRT,16273.77,22.01,6.095
1984,PRT,15913.37,21.78,5.9495
1985,PRT,16324.19,22.62,6.1154
1986,PRT,17000.17,23.66,6.3482
1987,PRT,18115.84,24.33,6.5529
1988,PRT,19523.25,25.49,6.8584
1989,PRT,20845.5,26.26,7.0558
1990,PRT,21752.3,26.88,7.1769
1991,PRT,22766.88,28.28,7.456
1992,PRT,23024.18,29.3,7.5919
1993,PRT,22528.63,29.26,7.4606
1994,PRT,22691.39,29.45,7.4601
1995,PRT,23596.19,29.86,7.5757
1996,PRT,24331.57,30.38,7.6902
1997,PRT,25289.04,30.99,7.836
1998,PRT,26371.36,31.34,7.9283
1999,PRT,27247.11,32.04,8.0484
2000,PRT,28088.7,32.38,8.1003
2001,PRT,28433.49,32.73,8.1077
2002,PRT,28496.23,32.97,8.0753
2003,PRT,28125.25,33.11,7.9956
2004,PRT,28559.8,33.83,8.0968
2005,PRT,28729.93,34.21,8.1199
2006,PRT,29144.08,34.85,8.2073
2007,PRT,29815.94,35.39,8.3049
2008,PRT,29868.07,35.62,8.295
2009,PRT,28908.18,35.47,8.1401
2010,PRT,29396.87,36.55,8.318
2011,PRT,28940.68,37.09,8.3266
2012,PRT,27879.49,37.46,8.2637
2013,PRT,27774.15,38.0,8.3267
2014,PRT,28145.43,37.61,8.2939
2015,PRT,28768.74,37.61,8.3415
2016,PRT,29442.39,37.63,8.3947
2017,PRT,30549.3,37.94,8.5274
2018,PRT,31470.16,37.9,8.5801
2019,PRT,32306.57,38.47,8.7202
2020,PRT,29593.89,38.91,8.5394
2021,PRT,31249.99,39.3,8.7189
2022,PRT,33423.74,41.42,9.1934
1890,SWE,3085.85,2.69,1.4349
1891,SWE,3024.23,2.62,1.3944
1892,SWE,3180.9,2.83,1.4895
1893,SWE,3313.2,2.98,1.5603
1894,SWE,3339.02,2.97,1.5627
1895,SWE,3454.12,3.06,1.6071
1896,SWE,3554.15,3.12,1.6359
1897,SWE,3700.85,3.3,1.7177
1898,SWE,3802.96,3.39,1.7518
1899,SWE,3971.65,3.52,1.8103
1900,SWE,3937.98,3.54,1.8012
1901,SWE,3990.61,3.6,1.8124
1902,SWE,3959.34,3.61,1.7985
1903,SWE,4158.94,3.78,1.8735
1904,SWE,4295.99,3.89,1.9104
1905,SWE,4274.34,3.91,1.8969
1906,SWE,4603.67,4.17,2.0128
1907,SWE,4883.74,4.41,2.1109
1908,SWE,4773.97,4.38,2.0703
1909,SWE,4743.24,4.41,2.0685
1910,SWE,4968.56,4.6,2.1516
1911,SWE,5070.46,4.68,2.1812
1912,SWE,5266.27,4.86,2.2516
1913,SWE,5567.87,5.04,2.3314
1914,SWE,5497.95,5.21,2.3544
1915,SWE,5621.44,5.01,2.2891
1916,SWE,5938.64,5.05,2.33
1917,SWE,5183.62,4.64,2.1017
1918,SWE,5045.18,4.9,2.1565
1919,SWE,5098.07,5.13,2.223
1920,SWE,5299.89,6.28,2.5804
1921,SWE,4730.21,6.67,2.5961
1922,SWE,5245.73,6.7,2.6814
1923,SWE,5394.74,6.55,2.6535
1924,SWE,5667.54,6.66,2.7132
1925,SWE,5654.73,6.7,2.7116
1926,SWE,6034.99,6.88,2.8013
1927,SWE,6210.23,6.95,2.8343
1928,SWE,6333.19,7.32,2.9423
1929,SWE,6796.63,7.32,2.9897
1930,SWE,7046.38,7.49,3.0531
1931,SWE,6962.28,7.55,3.0335
1932,SWE,6643.9,7.37,2.9254
1933,SWE,6861.47,7.68,3.0259
1934,SWE,7276.51,7.76,3.0927
1935,SWE,7724.05,8.08,3.2232
1936,SWE,8169.21,8.41,3.3452
1937,SWE,8351.95,8.5,3.3586
1938,SWE,8655.38,8.72,3.4283
1939,SWE,9423.09,8.89,3.5295
1940,SWE,8554.59,8.85,3.3812
1941,SWE,8526.63,9.12,3.4382
1942,SWE,8578.12,9.18,3.4515
1943,SWE,8971.91,9.62,3.598
1944,SWE,9152.43,9.88,3.6704
1945,SWE,9237.82,9.95,3.6816
1946,SWE,10118.56,10.92,4.0122
1947,SWE,10673.86,11.54,4.2009
1948,SWE,10711.33,11.64,4.1828
1949,SWE,10843.78,11.9,4.2323
1950,SWE,11510.49,12.74,4.4834
1951,SWE,11739.77,13.17,4.5793
1952,SWE,11840.54,13.4,4.6105
1953,SWE,12171.8,14.01,4.7544
1954,SWE,12792.98,14.75,4.9464
1955,SWE,13089.35,15.29,5.0453
1956,SWE,13427.7,16.02,5.191
1957,SWE,13655.64,16.16,5.1911
1958,SWE,13899.97,16.57,5.2528
1959,SWE,14572.66,17.43,5.4505
1960,SWE,15036.5,17.83,5.513
1961,SWE,15816.09,18.67,5.6988
1962,SWE,16399.01,19.48,5.8593
1963,SWE,17175.65,20.49,6.0732
1964,SWE,18210.67,22.23,6.4579
1965,SWE,18729.36,22.98,6.5716
1966,SWE,18939.87,23.42,6.5883
1967,SWE,19427.65,24.88,6.8228
1968,SWE,20021.68,26.13,7.0154
1969,SWE,20877.35,27.47,7.2513
1970,SWE,22022.35,28.98,7.5362
1971,SWE,22079.39,29.87,7.6028
1972,SWE,22518.0,31.18,7.7819
1973,SWE,23368.35,32.61,8.0146
1974,SWE,24044.79,33.39,8.1171
1975,SWE,24565.31,34.08,8.2023
1976,SWE,24734.65,34.07,8.1339
1977,SWE,24254.28,34.16,8.0231
1978,SWE,24607.52,35.46,8.2009
1979,SWE,25493.92,36.61,8.4193
1980,SWE,25877.39,36.79,8.4258
1981,SWE,25963.84,37.12,8.4103
1982,SWE,26272.25,37.31,8.3884
1983,SWE,26758.74,37.68,8.4162
1984,SWE,27863.74,38.88,8.63
1985,SWE,28421.38,39.21,8.6522
1986,SWE,29116.56,40.07,8.7654
1987,SWE,29992.78,40.82,8.8849
1988,SWE,30621.74,40.78,8.8623
1989,SWE,31223.72,41.31,8.9293
1990,SWE,31216.77,41.32,8.859
1991,SWE,30651.32,41.84,8.8241
1992,SWE,30117.94,42.79,8.8724
1993,SWE,29324.29,43.72,8.9083
1994,SWE,30261.19,44.81,9.1581
1995,SWE,31287.41,45.63,9.3694
1996,SWE,31730.89,46.38,9.5013
1997,SWE,32686.34,48.28,9.8385
1998,SWE,34076.85,49.56,10.125
1999,SWE,35496.48,50.32,10.3306
2000,SWE,37128.85,52.14,10.7008
2001,SWE,37565.83,52.55,10.7597
2002,SWE,38266.38,54.46,11.0541
2003,SWE,39005.17,56.52,11.3777
2004,SWE,40537.03,58.51,11.7585
2005,SWE,41529.2,60.17,12.0365
2006,SWE,43221.95,61.9,12.3833
2007,SWE,44378.14,62.08,12.4549
2008,SWE,43835.36,60.99,12.1932
2009,SWE,41577.29,60.13,11.8322
2010,SWE,43678.05,62.23,12.2872
2011,SWE,44734.62,62.74,12.4176
2012,SWE,44143.67,62.44,12.2896
2013,SWE,44291.11,62.94,12.3455
2014,SWE,45019.36,63.66,12.488
2015,SWE,46545.6,65.48,12.8405
2016,SWE,46916.17,65.07,12.787
2017,SWE,47476.89,65.65,12.883
2018,SWE,47843.68,65.89,12.9009
2019,SWE,48301.81,67.4,13.0955
2020,SWE,46913.29,68.12,13.0258
2021,SWE,49498.88,70.48,13.5002
2022,SWE,50555.61,70.82,13.564
1890,USA,4730.2,4.66,1.718
1891,USA,4781.3,4.7,1.7183
1892,USA,4894.97,4.63,1.6983
1893,USA,4777.41,5.02,1.7742
1894,USA,4535.99,5.13,1.7623
1895,USA,4990.68,5.35,1.8603
1896,USA,4798.0,5.15,1.7838
1897,USA,5105.41,5.47,1.8834
1898,USA,5144.75,5.43,1.8664
1899,USA,5659.23,5.57,1.9441
1900,USA,5671.67,5.5,1.9156
1901,USA,6255.15,5.67,2.0028
1902,USA,6234.93,5.75,2.0064
1903,USA,6298.25,5.6,1.9557
1904,USA,6416.86,5.73,1.9775
1905,USA,6876.65,6.09,2.0921
1906,USA,7025.4,5.92,2.0538
1907,USA,6788.4,5.95,2.0256
1908,USA,6284.31,5.81,1.9339
1909,USA,6890.96,6.18,2.0649
1910,USA,6775.63,6.19,2.0467
1911,USA,6884.25,6.31,2.0657
1912,USA,7174.4,6.47,2.1148
1913,USA,7314.76,6.66,2.1585
1914,USA,6618.46,6.38,2.0219
1915,USA,6767.7,6.65,2.09
1916,USA,7770.41,7.52,2.3693
1917,USA,7658.07,7.6,2.372
1918,USA,8163.03,8.61,2.634
1919,USA,7886.93,9.5,2.7861
1920,USA,7614.01,8.91,2.6334
1921,USA,7196.99,10.02,2.803
1922,USA,7613.88,8.71,2.5795
1923,USA,8547.79,9.33,2.7946
1924,USA,8609.19,10.75,3.0815
1925,USA,8674.4,9.92,2.9044
1926,USA,9078.2,10.7,3.0877
1927,USA,9001.74,10.73,3.0668
1928,USA,9056.66,10.7,3.0464
1929,USA,9544.89,10.81,3.0966
1930,USA,8632.04,10.79,2.9804
1931,USA,8017.16,11.24,2.9809
1932,USA,6937.85,11.62,2.9133
1933,USA,6811.9,11.25,2.8344
1934,USA,7500.19,12.46,3.1427
1935,USA,8111.96,12.5,3.2299
1936,USA,9097.94,12.78,3.3998
1937,USA,9507.37,13.38,3.5483
1938,USA,9120.3,15.4,3.8579
1939,USA,9773.07,14.78,3.8232
1940,USA,10546.19,15.12,3.9681
1941,USA,12295.64,15.81,4.2825
1942,USA,14460.09,16.83,4.6858
1943,USA,16688.58,16.71,4.8636
1944,USA,17800.41,19.14,5.4741
1945,USA,17433.46,19.78,5.5882
1946,USA,15250.49,17.77,4.9931
1947,USA,14790.14,17.72,4.9431
1948,USA,15135.67,18.66,5.162
1949,USA,14792.11,18.88,5.1585
1950,USA,15812.77,20.54,5.5731
1951,USA,16796.42,21.21,5.7877
1952,USA,17185.57,21.8,5.9213
1953,USA,17697.57,22.45,6.0755
1954,USA,17288.24,22.84,6.0805
1955,USA,18199.09,23.55,6.2805
1956,USA,18261.57,23.45,6.2384
1957,USA,18313.55,24.2,6.349
1958,USA,17878.56,24.74,6.3681
1959,USA,18796.26,25.65,6.605
1960,USA,18892.87,25.94,6.6434
1961,USA,19062.75,26.76,6.7771
1962,USA,19922.06,27.72,7.0024
1963,USA,20492.07,28.31,7.1251
1964,USA,21375.85,29.23,7.3345
1965,USA,22481.28,30.21,7.566
1966,USA,23690.01,31.56,7.8551
1967,USA,24075.49,32.16,7.9221
1968,USA,25008.69,33.24,8.1286
1969,USA,25536.47,33.44,8.1429
1970,USA,25290.65,33.71,8.1038
1971,USA,25796.15,34.97,8.3162
1972,USA,26864.05,35.82,8.5011
1973,USA,28110.89,36.67,8.6898
1974,USA,27702.87,36.34,8.5303
1975,USA,27379.33,37.34,8.6143
1976,USA,28576.06,38.24,8.84
1977,USA,29598.47,38.65,8.9596
1978,USA,30908.51,38.96,9.078
1979,USA,31536.24,39.13,9.1028
1980,USA,31093.38,39.14,9.0073
1981,USA,31566.12,40.05,9.1455
1982,USA,30702.03,39.92,9.004
1983,USA,31819.57,41.01,9.2412
1984,USA,33824.74,41.87,9.508
1985,USA,34923.11,42.64,9.6641
1986,USA,35805.55,43.6,9.8259
1987,USA,36714.66,43.92,9.8882
1988,USA,37902.08,44.42,10.0054
1989,USA,38924.63,44.82,10.0938
1990,USA,39215.83,45.58,10.1916
1991,USA,38655.91,46.18,10.2072
1992,USA,39489.22,47.77,10.4985
1993,USA,40052.08,47.95,10.5485
1994,USA,41163.88,48.36,10.6704
1995,USA,41772.06,48.46,10.7005
1996,USA,42845.53,49.67,10.9332
1997,USA,44219.1,50.39,11.1044
1998,USA,45666.03,51.52,11.3336
1999,USA,47311.71,53.04,11.6216
2000,USA,48705.38,54.5,11.8657
2001,USA,48682.85,55.69,11.9547
2002,USA,49039.11,57.23,12.1305
2003,USA,49947.05,58.97,12.384
2004,USA,51405.04,60.51,12.6449
2005,USA,52704.77,61.77,12.8449
2006,USA,53659.31,62.36,12.9135
2007,USA,54215.97,63.23,12.9975
2008,USA,53774.76,64.04,13.0096
2009,USA,51916.91,66.09,13.1052
2010,USA,52875.98,67.84,13.4013
2011,USA,53273.22,67.86,13.4134
2012,USA,54067.51,68.12,13.4814
2013,USA,54651.13,68.41,13.5271
2014,USA,55463.79,68.67,13.5842
2015,USA,56520.61,69.05,13.6696
2016,USA,57021.23,69.26,13.6874
2017,USA,57898.1,69.88,13.7868
2018,USA,59252.83,70.66,13.9349
2019,USA,60297.1,71.52,14.0608
2020,USA,58407.66,73.96,14.1858
2021,USA,61796.08,74.84,14.4756
2022,USA,62881.15,73.99,14.3621
