,date,N - Activités de services administratifs et de soutien,"M - Activités spécialisées, scientifiques et techniques",G - Commerce,J - Information et communication,K - Activités financières et d'assurance,Q - Santé humaine et action sociale,L - Activités immobilières,P - Enseignement,I - Hébergement et restauration,"B,C - Industrie",S - Autres services,0 - Administration,F - Construction,H - Transports et entreposage,"D,E - Electricité - Eau","R - Arts, spectacles et activités récréatives",A - Agriculture,nan
0,2019-01-01,0.30486423090685005,0.130262791714706,0.09744364489325329,0.05225022860096211,0.14943545501530633,0.04391126307001153,0.036526458076571386,0.02681588677294955,0.020892140102572256,0.052796883075577464,0.027988709100306125,0.004800620204349381,0.026100266369816723,0.01270226215560768,0.00369737208285294,0.004790681032083648,0.0037768854609788096,0.0009442213652447024
1,2019-02-01,0.2944679283235498,0.1406692656599302,0.09935921372985407,0.056097427394982254,0.12665362191120605,0.04517368942528392,0.04085697072896284,0.029783865330326068,0.023858957315767725,0.05736705054095904,0.025855501949244946,0.005262712412931236,0.02744377561029042,0.013039776546326308,0.004122541038701101,0.005098408241098946,0.0038536796666118985,0.0010356141739732234
2,2019-03-01,0.28729278881568987,0.16323513277711316,0.09327311387537814,0.07984650829889611,0.09628756967990348,0.04121236501559473,0.03919314981897593,0.026576320065200023,0.02766559915574341,0.05644137484261616,0.023331992414229074,0.005864344264436215,0.026725214329375017,0.017182920521809093,0.006483430941795406,0.004822084415211249,0.0037275809645213715,0.0008385098035118151
3,2019-04-01,0.2825356306142195,0.1724939137819964,0.09082398585150352,0.09016771179918015,0.07450881988896423,0.041560002026728694,0.038652611464046076,0.025068703689852607,0.032152603019343196,0.05917082668815643,0.022764506189967212,0.006355242109631546,0.02652119258506832,0.019613425629914517,0.008410924067644484,0.004806242324368277,0.003621571149034529,0.000772087120380446
4,2019-05-01,0.27068070610355377,0.17906982100346103,0.08737518503707024,0.10317059842087743,0.06615899683212349,0.038479335520626795,0.03630390676853564,0.021398346339144947,0.03601287250815001,0.06300158917268801,0.02389202838316859,0.0066393499257757956,0.02737397064950891,0.021900851536933087,0.009694162773996194,0.004734017717495766,0.00356150558932344,0.0005527557175669536
5,2019-06-01,0.278177002029779,0.16988674806419235,0.08803668637483254,0.09442009790698398,0.06920705956229302,0.039012439582015904,0.03690306147267317,0.020857194659779872,0.03919153772337519,0.06591917146104286,0.023950507002516226,0.006027426337597787,0.028067553165614934,0.022387267669911077,0.00904556168272654,0.005109824749152049,0.003402864685826484,0.00039799586968730806
6,2019-07-01,0.27812090319113425,0.16804957291403727,0.0863312135104105,0.09000154711788226,0.07029207957071551,0.0407115927985734,0.03857005594052554,0.021458117890382628,0.03727129119201362,0.06804265159719565,0.025059238329438398,0.006322826502943596,0.028640001954254174,0.023874471740670474,0.008022620491983488,0.005763014111343632,0.0032204480127677945,0.00024835313372798413
7,2019-08-01,0.2827264823795534,0.15960173217250853,0.09253567146406481,0.0774327258643351,0.07077432725864333,0.04973815517859422,0.03982884289722744,0.02296241053806947,0.0374287703800149,0.06738126336521068,0.024301506792308223,0.006658398605691775,0.027307262846053365,0.02501431802917993,0.006961240373958078,0.006065075957659835,0.0029521922035755923,0.00032962369335107797
8,2019-09-01,0.2719916455666663,0.16016164350528375,0.09644742113267137,0.07608251753147498,0.06870626854758098,0.05457801943922617,0.040525613650241724,0.023993714727994744,0.03680345689960289,0.06791672014593032,0.02618928158874252,0.009200378049776553,0.026132885274338897,0.025726442870533512,0.006843401047804627,0.005697972455262165,0.00255533645263293,0.0004472811142355966
9,2019-10-01,0.2624188941467366,0.16342584303193078,0.09752994841625102,0.08068892015176705,0.07159142260306092,0.04886899433005073,0.03949865711727842,0.02468005286268491,0.03782069318327152,0.07250202498188174,0.02605789316621904,0.008865583834249903,0.025403077972460247,0.024743147035000215,0.008147674468175811,0.005236816302169928,0.002078697190604084,0.00044165920620710235
10,2019-11-01,0.26450067766204316,0.16662745889634425,0.08994616646658056,0.087268908136953,0.07239828619041619,0.041362427016632695,0.038714005369693855,0.022776426163673973,0.03532038313327252,0.07273673778197343,0.03193738493784177,0.008869556506997448,0.025512875578820517,0.025054524096083827,0.009575296372800633,0.005076773873358396,0.001995801986088577,0.00032630983042512856
11,2019-12-01,0.2620711028713819,0.16956871595958023,0.08637910691280232,0.09082772681221153,0.07416729090027224,0.03821699425612432,0.03855609555429859,0.020311333904987707,0.033666921919146574,0.07255378021510696,0.0349357722684626,0.007136414615265951,0.027376870789897558,0.02540758169353303,0.010970760851588981,0.005413112936019645,0.002226394588832727,0.00021402295048704117
12,2020-01-01,0.26483709593979826,0.16919595953131417,0.08392665717348523,0.09110787560732361,0.07369748750686657,0.04061668346639787,0.04197799501874636,0.017542385988490852,0.03148616288806046,0.06395764334437315,0.039092707850007735,0.007766542401988235,0.027728889671098593,0.0257449214145907,0.013017125059332385,0.005469245825400127,0.002614624832669344,0.0002199964800563191
13,2020-02-01,0.2639992352993753,0.1731302076609099,0.08461238616388428,0.08694372995143654,0.07204199894729524,0.04394173378487084,0.04596645248428391,0.017846324967971953,0.03337992710516123,0.05763061980475306,0.03470822202139175,0.0068835470191572394,0.028000953392986604,0.025811128876883197,0.01589360730140129,0.005696771374375577,0.0032834953770371324,0.0002296584668249034
14,2020-03-01,0.26824838305466603,0.17331375700887264,0.07919931145341552,0.08763653853456023,0.07186451833381852,0.04332527497563507,0.04657941701368233,0.01766046046552837,0.035431037756148184,0.05273836495500398,0.035641145721265206,0.0072246762945055495,0.02674066854835647,0.024811725543306285,0.020345032718619867,0.00533243889781918,0.0036566380194160007,0.0002506107053805359
15,2020-04-01,0.2682599919725153,0.17269380072421242,0.07072445876060852,0.08479429208162531,0.06888567209898439,0.04122562593370225,0.04595662550044992,0.016501262807388183,0.04194288314213719,0.04828227766113292,0.051712071221467294,0.007036365664969883,0.025266290794909357,0.02380424529327126,0.023996962886648727,0.005057025570581732,0.0036703283009408387,0.00018981958445450054
16,2020-05-01,0.2766947868121895,0.16672486869091535,0.06449079728500852,0.08436929982078505,0.07034586183607593,0.03844347106236717,0.04460874944826254,0.014640320353395603,0.041134354498189245,0.04404681924460272,0.06077000391755758,0.010077518005697299,0.025731794436359194,0.023019639194720342,0.02689642580482764,0.004507850182671633,0.003329037610325335,0.00016840179604947115
17,2020-06-01,0.28361579808366444,0.17138022902547326,0.06561159149333957,0.07054919373685441,0.072080392615097,0.044137415283944846,0.04720729142322973,0.015899041832203784,0.035008179481187195,0.03974386538910961,0.06260528160785231,0.0108773077821921,0.02520775882215471,0.02421313390979201,0.02440196307548493,0.004552465529329283,0.002710913764898341,0.00019817714419256838
18,2020-07-01,0.30784547330780915,0.17150519600050895,0.07105524499443965,0.06073429756914093,0.07398166156347648,0.04933763180028322,0.05331828539419046,0.017844366193692094,0.02657734844516563,0.03951571193221157,0.040297301450649976,0.00983018191372111,0.025063741682185545,0.023061021816757742,0.020974029085705507,0.004615178699785352,0.004241734236430003,0.00020159391384669278
19,2020-08-01,0.2993145938283313,0.16985360688361864,0.07832168032839806,0.05819137137191712,0.07481932222698894,0.05307916247584146,0.05315233751196267,0.01832532473215784,0.026228228633248144,0.039365299823949464,0.04829121942610683,0.009954674521743742,0.022761740647584714,0.022014207435444542,0.017925014240435945,0.0047334204738011835,0.0035310541940056723,0.0001377412444634476
20,2020-09-01,0.2988391972249752,0.15591179385530227,0.08669350842418234,0.06082383548067393,0.07304633300297324,0.050810208126858276,0.052571853320118926,0.021289643211100096,0.027267096134786915,0.03871531219028741,0.04756442021803766,0.01958250743310208,0.02251362735381566,0.020101585728444005,0.016088949454905847,0.004385530227948463,0.003740089197224975,5.4509415262636265e-05
21,2020-10-01,0.28994024934472223,0.1498904070895659,0.09589574272410943,0.07021619439591564,0.07582428214141544,0.04557308028917849,0.05173163470809142,0.02251464296953973,0.027203062151579614,0.03729606321803929,0.04526837752450132,0.02158162975945162,0.0237857205608755,0.020710891566961768,0.015669951303160345,0.004781831708437263,0.002088437197312833,2.780134714207712e-05
22,2020-11-01,0.29370310588970366,0.14667887954622494,0.10143207347279677,0.07570639359121353,0.07707290430280857,0.042748620472370664,0.05163200270326847,0.022338093451905943,0.024043575327574722,0.04210149370459354,0.035806618544804235,0.020312767311703644,0.024871345035453834,0.019424429088613863,0.01563411516306213,0.00475197193021232,0.0017161079309688946,2.5502532720280785e-05
23,2020-12-01,0.3048387414891486,0.1524328656149664,0.1006416291837991,0.07365396453340448,0.07729031307061243,0.040576999135290226,0.052731725090804905,0.020241267521272588,0.020652342034756556,0.04022613250509431,0.040603988876074526,0.010996243235696215,0.02505270784955088,0.018623959208121002,0.01566858259224003,0.0048384300690625945,0.0008740523746300589,5.605561547508691e-05
24,2021-01-01,0.3180358283582678,0.1495250356864013,0.11566435855172358,0.066273196160853,0.07259126649263795,0.03901844651771701,0.04890910022949708,0.019400783917854242,0.02002874628348804,0.036236484514862104,0.0415815582141815,0.010677331840156469,0.023068991080371293,0.018335120939439585,0.015679342897026,0.0041759004408552115,0.0007068273409096286,9.168053375815266e-05
25,2021-02-01,0.33729893347924533,0.14856215905510942,0.12008721556836584,0.060561761113352604,0.06803238066813684,0.036220069160803475,0.04801001486754619,0.01910212548798529,0.023397501441617705,0.026883176459534298,0.03712649205129764,0.013181820694076748,0.020760216141328277,0.01938031625315728,0.016325744805109867,0.004082587653120066,0.000857601332367956,0.00012988376784520066
26,2021-03-01,0.3464897179391688,0.14544398406337175,0.12604395767408924,0.05934231349686881,0.06319608564181,0.03458869804805192,0.050107626112273124,0.017044509662927664,0.032564218475152305,0.02588257706177981,0.02720906791961106,0.011870492644182686,0.01888239046300699,0.0187855777105814,0.017163964107452787,0.0040872157979674004,0.0011672182651310914,0.0001303849165731721
27,2021-04-01,0.35054112456700687,0.1537602462634329,0.11511679996011928,0.05709174019097048,0.05739984643154121,0.03451482267966575,0.05646860397408584,0.015795810724451242,0.03586148928171088,0.030911710598923912,0.023637633827157244,0.009232801613507377,0.017451275940641428,0.017409041152608138,0.019064506368798324,0.0040953896920807005,0.0015045277769892413,0.00014262895630915033
28,2021-05-01,0.33371737005099017,0.1544407172588208,0.11301626887253609,0.05712955970424488,0.054858708442368134,0.033785278982771026,0.05816107296112213,0.015331026771340087,0.04168437567689398,0.047546789839418784,0.022878870370045132,0.007845823307984567,0.018207789622812717,0.01737414894302089,0.01780619025038491,0.0042882148732269025,0.0018007575358424508,0.00012703653617614167
29,2021-06-01,0.3262451419457879,0.15998572832263896,0.10563517405706196,0.05831353344446034,0.05217153475682436,0.03458855812163116,0.05913066576024258,0.01727401958191189,0.043368228409867274,0.049042570792809694,0.02484543705886392,0.009767319884791098,0.018657854543694636,0.017723104697610396,0.01690597238182815,0.004354099674385154,0.0018666858756540721,0.0001243706899365541
30,2021-07-01,0.31256338520276405,0.15943946278295124,0.10520128118729719,0.06013475116435791,0.05552302536525364,0.03785972451527617,0.059826998071718644,0.019996333370744458,0.04886215149882357,0.047970378510911765,0.024045876540225507,0.009297088889351587,0.020331510006292176,0.018750085698571586,0.01366962045308771,0.004320731538242383,0.0020902833816884873,0.00011731182244170082
31,2021-08-01,0.310703610054651,0.1616810320833029,0.10234625207922743,0.06548985500436912,0.058253607271282426,0.044823470590007755,0.06352464353729892,0.020861475573514383,0.049834044837259756,0.0356960643167545,0.022908400615098932,0.007593744621586989,0.018624566471183962,0.01839117207397734,0.012242736301612975,0.004104574989824106,0.0028073719944087484,0.00011337758463866513
32,2021-09-01,0.30711311474453346,0.15851350799432876,0.10455154547947494,0.0691726778910764,0.06262289056103247,0.049045367645771776,0.06322385093071062,0.02259727681323746,0.05051324738368304,0.03235996553715938,0.0190454843371057,0.007083650182719179,0.017568366535259256,0.018712914035439152,0.010387473574275004,0.0038799868527763775,0.0034924743813900655,0.0001162051200267612
33,2021-10-01,0.2976069375921876,0.15664965611560394,0.10814556736686842,0.07995335755876928,0.06366570782165107,0.048655262250705,0.059525155082349526,0.021323940796500688,0.04987077255781798,0.030266724687150914,0.018367345016549026,0.012566709428517068,0.01846812735119535,0.018083835832170096,0.009552658298907217,0.0037925240229293943,0.0033842142839650598,0.00012150393616239708
34,2021-11-01,0.3055273143977174,0.1559656257415314,0.10407724079922372,0.07673245838260799,0.06113835552220206,0.0477010840103173,0.05638917880286214,0.02170432118652733,0.048246561706018876,0.02920258974096803,0.021355620590601386,0.01863884264198336,0.019808894710747312,0.01719629287377521,0.009155440404511985,0.003957245352105612,0.0030722306999284277,0.00013070243637058144
35,2021-12-01,0.2949739915192097,0.15298850829783145,0.10477047993756267,0.0743809027825321,0.06274519432114727,0.0484097219828675,0.05159674649651576,0.02044936573490661,0.04953863688836868,0.03164927810353628,0.02190737043092821,0.030858423872371712,0.021296878179647143,0.017562629753210986,0.009557768478486169,0.004369764722046608,0.0028017486613316667,0.00014258983749952195
36,2022-01-01,0.3108682440468088,0.15378814226731147,0.09662990268478616,0.06760640945749967,0.059202357388234955,0.05005956658948783,0.04833704158256537,0.019803129724678552,0.048117166633873804,0.03355867090730782,0.02363963934343697,0.03406109543959836,0.020067185153714685,0.01624505987739403,0.010273502859658652,0.004732962388540612,0.0028506684352558186,0.00015925521984669377
37,2022-02-01,0.3164253358121023,0.16502269692288282,0.09374745596892176,0.06531381739153203,0.05531812587925284,0.04983801514397728,0.04448358847039164,0.020878788672247864,0.046236976346164374,0.03301063315726456,0.022047079154774683,0.03309442253172452,0.019793811488189744,0.015762399994287087,0.012224203227319144,0.004342289116188726,0.0022784996941211753,0.0001818610286573943
38,2022-03-01,0.34268059005568685,0.17485990291294454,0.08666734200525145,0.06220201279433704,0.04778400959931971,0.051161178113893466,0.0429182426548606,0.021842922903442273,0.040466097765247545,0.032995996954318096,0.02382042842148166,0.020407590615456977,0.01792215438715639,0.013005499253560626,0.01530212603244764,0.004091029934144975,0.0016850173281417866,0.00018785826830821498
39,2022-04-01,0.3506836969065082,0.1722384187886644,0.09044066559463769,0.05564284472057139,0.04908559126224988,0.04932932507579736,0.041289107711497984,0.02384479167826794,0.04305221557891707,0.03162542610581903,0.0244680477392725,0.013691072317407394,0.018170805572380377,0.014029044160797494,0.01718730322456837,0.0036504385923579814,0.0014080018367848728,0.0001632031335001632
40,2022-05-01,0.3659309376262702,0.17151566110347588,0.08625234124332498,0.05431161452837105,0.04765086716993863,0.04986254389899342,0.038791083725956084,0.027421914604171323,0.04213475187506511,0.03020329205945287,0.026276410772094864,0.00843915513425889,0.016382709866283787,0.014073830947520842,0.015544940320906708,0.003546790213700976,0.0015269025585098338,0.0001342523517045472
41,2022-06-01,0.3801550465805084,0.17081520129659195,0.0794836593149928,0.05240290889545728,0.04599431110291633,0.05025554810970936,0.03647599743777851,0.031298500978662505,0.04217272208202675,0.025664396819053328,0.027129020376444785,0.010342816712885514,0.015440732972772701,0.014483596259643666,0.012093146231442703,0.0037911485075233734,0.0019094899170148123,9.175640457529614e-05
42,2022-07-01,0.4018317970661938,0.17999091428655167,0.06559836261766243,0.050297728083158695,0.040596042341378584,0.05553617921325538,0.036443480512121616,0.03580894600839207,0.0356277202186433,0.02095331604116903,0.02606476257467626,0.009944459912953004,0.012576874416877935,0.013785860480565855,0.008389142083950038,0.004196036479627975,0.0022841288217392793,7.424884108305612e-05
43,2022-08-01,0.3981831384425286,0.18033701138868571,0.0665310093289471,0.047081147171798475,0.04210906041398984,0.058315896735257236,0.03930140963039249,0.03605060924000619,0.03700687944412971,0.018746005822623018,0.02496772264121312,0.009077569840118878,0.012866369402255965,0.013688917268892294,0.007548055817154916,0.005893112314842505,0.0022458096446976755,5.02754524661146e-05
44,2022-09-01,0.38978221751876424,0.18389484967563946,0.06832656800772054,0.0484704983682512,0.041250109408444174,0.058392849632444455,0.04296711153750408,0.033694390671693955,0.03736483084033642,0.019627590706704664,0.02687128224423147,0.00551759571960065,0.013813313387842419,0.014428274097422962,0.007420450114864657,0.006004676429499471,0.0021290599058121176,4.433173322299657e-05
45,2022-10-01,0.3822480690555887,0.18271534462925004,0.06981996592196649,0.054342678844806556,0.042696467647491285,0.05636660266223825,0.04478363908421772,0.029874499424825066,0.03392667168322998,0.022568047951425828,0.027826790177915013,0.0057171523218903795,0.014005293339214821,0.016732509060086317,0.007561604262348963,0.006428552894470536,0.002361244453670308,2.486658536374409e-05
46,2022-11-01,0.37958911726013594,0.17966754455077188,0.0707803721534681,0.06099757246408551,0.04548834385986971,0.053581504350859586,0.04611493771935294,0.02583256855560325,0.028487347802361167,0.026331370246376086,0.027698437276975615,0.006373634414431034,0.014130309880550392,0.01819286414713413,0.008127684988181802,0.0061561816112222145,0.002415684221428789,3.452449719192168e-05
47,2022-12-01,0.3793871701681294,0.17463187857656434,0.07007849973899084,0.061386894384855575,0.048989943759910975,0.0515847688837672,0.04639856592697653,0.023547459346590634,0.02428911936491052,0.02789006096780231,0.025412443735287463,0.013968422815156263,0.01441952545578111,0.02007209762727891,0.00858769415634942,0.006840902599257356,0.002475154881856416,3.9397610534921063e-05
48,2023-01-01,0.3897872573902914,0.16456971145249605,0.07349508375328775,0.0617050075613839,0.05108477812837256,0.05063163396925381,0.045644108905482955,0.02296534598413849,0.024215533977728826,0.027461515813751388,0.021786191399274873,0.013934795249873488,0.01517910461653472,0.020351316542995056,0.008580835774188224,0.0067094728684221235,0.0018380506865011542,6.0255926023358734e-05
49,2023-02-01,0.40450630291120054,0.15520381355005056,0.07500751830726902,0.06269988393056596,0.05087260705382599,0.04766835792536445,0.04204959996499089,0.025402464783536357,0.0244173248259849,0.02667256258004898,0.017915197564831724,0.013858619185905988,0.016260915539005386,0.02017094417217967,0.009665668126905974,0.005809577941820769,0.0017580880957336216,6.0553540779247745e-05
50,2023-03-01,0.41937534346486083,0.14741296568770212,0.08070290954306827,0.060535919143623385,0.049045136031078344,0.045514380572994347,0.041808885388466666,0.03180870811628042,0.024566886062100977,0.02778766844023268,0.012427286747891094,0.00616451365375703,0.016766403375262424,0.018597371813215892,0.011091667447508438,0.004978815973743456,0.0013482815994003135,6.685693881323868e-05
51,2023-04-01,0.4232649601702474,0.14528545163545856,0.0794441494912565,0.057405887019580784,0.04878501123559428,0.043530108015609706,0.04076591377020484,0.03782677752969724,0.024815189836977315,0.02718078206822406,0.01058232986198959,0.007348117408223271,0.01710943784382884,0.016775608656971412,0.013459461344739259,0.005021278150575233,0.0013314414500698384,6.809451075201253e-05
52,2023-05-01,0.4231737514554341,0.14495788459776385,0.0756177633357991,0.05259061683588067,0.04860032494452031,0.04314230737427396,0.04239587360686183,0.04132594795971046,0.026576617850494234,0.026753169549971957,0.012589365330162854,0.008873399022484641,0.01682437128598917,0.016550045702307017,0.013416811744487231,0.005442932456683376,0.001106800369194187,6.20165779810978e-05
53,2023-06-01,0.4073474668629177,0.1491565977195962,0.07207998656597155,0.05342731142489735,0.05147250250479263,0.04375244421553501,0.043270081449432486,0.045086267425073163,0.027830528378821568,0.026545730356959712,0.013902867015515625,0.012005535901652091,0.01620705083630208,0.016499511438646947,0.013765371086860234,0.0061625224417022895,0.0014239844742302199,6.423990109309262e-05
54,2023-07-01,0.3872876351040824,0.15547626611124027,0.07521398871026021,0.05994358405026782,0.05571784601982635,0.044478321669161054,0.04489860302842739,0.045299234869598144,0.02763540974157608,0.025888240090911764,0.013660235816049943,0.011531538022363333,0.01650122864070092,0.016929151479226634,0.012319156206027377,0.005606116676655171,0.0015446704502905398,6.877331333449046e-05
55,2023-08-01,0.37139132778681616,0.15741039647051439,0.08090659882144502,0.06294700550922808,0.06082950585282236,0.0456133397684015,0.049402998272972634,0.04307713451955933,0.02587664485775198,0.02423165392970648,0.0110440258809065,0.01605890431245453,0.015945970997446223,0.01648613317394821,0.012122752120962242,0.004902477820855802,0.0016806821172226513,7.244778698645977e-05
56,2023-09-01,0.3637423505315681,0.15460079433991272,0.08651169698757392,0.0675365491913271,0.06276822474169415,0.043457081964080234,0.048230599535527205,0.03787187945310197,0.02500228497359818,0.02284817804514278,0.014095690539793858,0.025585472553312602,0.015042915958671065,0.016829869174875268,0.010820907923872993,0.003704773102121703,0.001281662463700079,6.906852012646293e-05
57,2023-10-01,0.3573874941953828,0.15452085641128083,0.08611328018595531,0.06800494981438196,0.06215597103787854,0.04457063992175765,0.046448352526402906,0.038608033330825575,0.024407150769581994,0.024420121981274762,0.015715401238491297,0.029448282481859763,0.01457704770033388,0.016391460791918416,0.011774747126228051,0.00418295634668417,0.0012146242629108958,5.862987685131619e-05
58,2023-11-01,0.35656959278146616,0.15619059837283641,0.08292280060296994,0.07193623913531544,0.06062841442423853,0.04543068518340336,0.040086810566941425,0.0397596672974331,0.025278766691255866,0.025922896821578625,0.01728353485786373,0.02887199717758748,0.015028277579995083,0.016391909084105753,0.012272148989170062,0.0042774517036039215,0.0010776484172038872,7.05603130312069e-05
59,2023-12-01,0.36118679588295244,0.1544093680276918,0.07705978625141167,0.0804397776206697,0.05748108582079274,0.04825755419463241,0.03582905621918412,0.040171398272015275,0.024442674428213344,0.026584865902142076,0.01839426882006739,0.026525759092119395,0.015930146079898636,0.014976977036717378,0.012806666789088537,0.0043991534527558695,0.0010317868390366622,7.287927061048727e-05
60,2024-01-01,0.37483009081540847,0.14803254037191668,0.07326191387947112,0.07711557560530635,0.0548385590331288,0.04658765072337883,0.035491794857425735,0.03605841824900919,0.026333666458074546,0.02459954981460208,0.0204052913907491,0.034347340139040665,0.01654913901264318,0.014356742351362545,0.012689250656131211,0.003433364155155184,0.0009128240572102829,0.00015628842998620805
61,2024-02-01,0.37631558987662667,0.14212163011661136,0.07771027262454636,0.07078828049976667,0.05263709323895753,0.044320289812221116,0.03672403176313147,0.03611789947845627,0.025739089297490754,0.024585316814996597,0.019719546512778914,0.04202110085964084,0.01682193851774624,0.017113756181842257,0.013323340399520236,0.002929103734109114,0.000808604893023758,0.00020311537853378976
62,2024-03-01,0.3836502738578784,0.141917274415053,0.07694671077114487,0.058091839221640205,0.05528249166827192,0.04556680261174735,0.039905991456656034,0.038552754493126465,0.028538800963007618,0.026134734071675995,0.013593127213250128,0.03757165769456752,0.017518895261530307,0.018517252735644474,0.01437883316452393,0.0027934677318574774,0.0007463516110078924,0.0002927410574166017
63,2024-04-01,0.3659010196426256,0.13929849890866428,0.08147010462795759,0.0588095691827486,0.05511015016580793,0.044680650593345146,0.03724497422379147,0.041023028918801926,0.02754303178085724,0.02876153057617282,0.00912882295141661,0.0557321512950446,0.017100072047283418,0.019458433959844795,0.014245101032677728,0.002993823202909095,0.0011993711979472546,0.00029966569210377355
64,2024-05-01,0.36207271155620807,0.14170070437616575,0.08140781783563,0.05964886322486695,0.054815962744769756,0.044185294930749984,0.03689856438091605,0.04343691959053513,0.027199277323292706,0.02909163120125535,0.008392550511441735,0.05984354983782607,0.015533655474782249,0.017908053406431673,0.013088391616015703,0.0030550223305545075,0.00139784988104648,0.0003231797775121388
65,2024-06-01,0.3537764717908109,0.14245760178870184,0.08040359655354007,0.06924232484657457,0.05214200408616926,0.04814640855740628,0.043131858534180584,0.04839031068084275,0.025550850034482712,0.02751565308190065,0.010379749783593474,0.046664234114984646,0.01669273896262022,0.018106983105411006,0.01229538423318337,0.003197899724526461,0.001603802026522577,0.0003021280945486258
66,2024-07-01,0.35158008031386706,0.1470519020817312,0.07713559048097741,0.07768617205496581,0.049562110041719884,0.06767935194772673,0.04302661795499795,0.049400931726108765,0.02708816942283067,0.023880143719551508,0.011857484623677495,0.023328230093367982,0.01569601503265304,0.016407774922252556,0.012157196367582468,0.0031796085897829824,0.003027310622139418,0.0002553100040671994
67,2024-08-01,0.33932511508947816,0.1433736238690784,0.079425699202161,0.0806442833478545,0.04942745859886703,0.07524458599218209,0.0565595120325527,0.04947240925323267,0.0258297697648554,0.021637770068272315,0.014105023692155444,0.014958383771128125,0.015089372787365494,0.01511781812333125,0.01125803185666922,0.003481217474426414,0.004817445910842485,0.00023247916554729002
68,2024-09-01,0.32974125958454664,0.14090282736502371,0.08321398520670374,0.08046446180882531,0.046787965914988,0.07529974784462026,0.06321024555679458,0.04795389662035915,0.02424471943818535,0.02362246066254131,0.02338094160590865,0.014273674626068884,0.013463078409348043,0.013600266653297872,0.010414112029613693,0.0034076882324327916,0.005820846380330526,0.00019782206041160538
69,2024-10-01,0.3395169960180689,0.12947923866003555,0.0829627428566668,0.0843897953424145,0.04710765863071694,0.06611199880031784,0.06665005069837401,0.04589721542521895,0.02141828397546067,0.02450496621901906,0.029780651862024058,0.01579859224795653,0.014632928845587092,0.012725795214670559,0.011463282470651004,0.0029460944895501645,0.004448474241025729,0.0001652340022417672
70,2024-11-01,0.37435065566151926,0.118701505697832,0.07378361137764017,0.08477144174852495,0.04396828510187889,0.058487375357163675,0.05476810203616431,0.046518835801009684,0.020716465488755418,0.025024164320916316,0.03415659893588635,0.016953016078329504,0.017824521970536314,0.012447054956822289,0.012652738829192265,0.002210924923619541,0.0025169768711666195,0.00014772484304235425
71,2024-12-01,0.3965482153407272,0.11076515366815998,0.06854350322702688,0.0851174845775997,0.04402500217406311,0.057341026677771564,0.05001062377232673,0.04579787219736369,0.02096783014156961,0.020706942567976453,0.027917211676646438,0.023188512340161532,0.01947108854667691,0.012553981762972432,0.013863350495731215,0.0018239717129734637,0.001206268832541556,0.00015196028771147807
72,2025-01-01,0.43373010440907445,0.100709956817701,0.06059832995258657,0.07713650750193925,0.042790816813303954,0.056169655412720725,0.04849297509862239,0.05103631295344524,0.020214998900738784,0.017365734576120725,0.02483656267240771,0.017607364635314905,0.019990998502515855,0.012300836682968917,0.013818543084817335,0.0018656329463104227,0.0011884465572383237,0.0001462224821733016
73,2025-02-01,0.41525926347825864,0.10543637340676593,0.060826438708622955,0.07409049148500434,0.04793198404227657,0.05764244694997981,0.04682442789679483,0.05660918188189204,0.02122929445763799,0.018146214745788314,0.023113192361886692,0.020453571791182637,0.02093089196343888,0.012343462509007792,0.015889623269946532,0.0023141670608221045,0.0007918190665573761,0.00016715492413642811
74,2025-03-01,0.3901158413845157,0.10882937442102723,0.061739508976881505,0.07318905706384957,0.05285851693250317,0.0589012792000698,0.0378179204358953,0.06830880058292911,0.02257026183988479,0.02147874877303381,0.024756739008576806,0.025434620881621114,0.0207831187200407,0.012862500412891683,0.01605372176868501,0.0025236925877191465,0.0015721929404642232,0.00020410406941115975
75,2025-04-01,0.34698100217702765,0.1156466888711088,0.06742512646165214,0.07461117859867464,0.05596104210249307,0.06247511303797703,0.036310376633767585,0.08136873639357683,0.024772927238364592,0.024651183808655476,0.025188662443746825,0.027864891374557745,0.021005792116448384,0.014113731755099002,0.0168404656021648,0.0028022254060993987,0.0017511915173005917,0.0002296644612853235
76,2025-05-01,0.34036553793925467,0.11304142346631638,0.07140577935043987,0.07678972248021045,0.05619860719255327,0.06141094398835051,0.03353176800578089,0.09436539100475784,0.025281505661912496,0.024079713061051285,0.024025435019315308,0.02841811855859452,0.015652361752731176,0.014322823861723673,0.016387034236834287,0.002753377026243159,0.0017418317029817836,0.00022862569094850605
77,2025-06-01,0.33715893290218274,0.11734583670169767,0.07521940177849637,0.07909199676637026,0.05393112368633792,0.06210897332255457,0.03384834276475344,0.09890767987065481,0.025281164106709785,0.02108455941794665,0.024157154405820537,0.024335650767987067,0.012807113985448667,0.014572675828617624,0.016302021018593373,0.002733063864187551,0.0008931285367825384,0.00022118027485852873
78,2025-07-01,0.34003189971267855,0.12379216233338237,0.0784894510177832,0.07245986139462855,0.05312246034133011,0.05511019319003525,0.03530885448995654,0.10048569472262925,0.026174882095846314,0.01973014826807277,0.024380723230797777,0.028176213116957075,0.009425133262089573,0.014666828778212206,0.014698824477990155,0.002620447811814092,0.0009974659405775862,0.0003287558152184346
79,2025-08-01,0.3294571052081064,0.13519208248774478,0.08328786385467594,0.06103765304163854,0.0515170990400728,0.05814989184374601,0.039962819265831465,0.0956401060211654,0.02856921029759684,0.019910240014147658,0.022353730258518247,0.033777532398351455,0.00966720654933025,0.01422637546071545,0.013297935434059192,0.002526521466266679,0.0009812780769537677,0.00044534928107901764
80,2025-09-01,0.3402279453371858,0.14173347621646795,0.08005503337556398,0.06008853412920574,0.05344972633539812,0.0514341727717492,0.04037491800077117,0.08360916788935237,0.030616383821489554,0.022048403331046535,0.020780232051558108,0.03494043475865937,0.009699695037982542,0.013427843182421368,0.01227735018553108,0.0026264791158605288,0.002059369945467383,0.000550834514289148
81,2025-10-01,0.3402188846007828,0.14447503475550968,0.07946242990858414,0.0621775385178448,0.05304960819820336,0.051098110228908394,0.03426661094860008,0.08444564620666486,0.029368064261503457,0.02626396707171516,0.018642336444258716,0.03579612650186137,0.009671454596603929,0.01382982500703304,0.01096881153910234,0.0038893395497215464,0.001906431886029241,0.00046977977707310815
