year,entity,fractional_patents,share,sector
1987,US,2.0,1.0,additive
1989,EU,1.0,0.2,additive
1989,EUR,1.0,0.2,additive
1989,US,4.0,0.8,additive
1990,US,2.0,1.0,additive
1991,EUR,1.0,0.111111,additive
1991,RoW_EU,1.0,0.111111,additive
1991,US,8.0,0.888889,additive
1992,US,14.0,1.0,additive
1993,EU,1.0,0.047619,additive
1993,EUR,1.0,0.047619,additive
1993,JP,2.0,0.095238,additive
1993,US,18.0,0.857143,additive
1994,EU,3.0,0.1,additive
1994,EUR,4.0,0.133333,additive
1994,JP,4.0,0.133333,additive
1994,RoW_EU,3.0,0.1,additive
1994,RoW_EUR,2.0,0.066667,additive
1994,US,20.0,0.666667,additive
1995,EU,5.12,0.131833,additive
1995,EUR,7.12,0.18328,additive
1995,RoW_EU,2.0,0.051447,additive
1995,US,31.75,0.81672,additive
1996,EU,4.0,0.064516,additive
1996,EUR,8.0,0.129032,additive
1996,JP,2.0,0.032258,additive
1996,RoW_EU,4.0,0.064516,additive
1996,US,52.0,0.83871,additive
1997,EU,5.13,0.105048,additive
1997,EUR,8.13,0.166439,additive
1997,RoW_EU,4.0,0.081855,additive
1997,RoW_EUR,1.0,0.020464,additive
1997,US,39.73,0.813097,additive
1998,EU,4.25,0.053741,additive
1998,EUR,7.58,0.09589,additive
1998,JP,6.0,0.075869,additive
1998,RoW_EU,4.67,0.059009,additive
1998,RoW_EUR,1.33,0.01686,additive
1998,US,64.17,0.81138,additive
1999,EU,7.0,0.073684,additive
1999,EUR,8.0,0.084211,additive
1999,JP,2.0,0.021053,additive
1999,RoW_EU,2.0,0.021053,additive
1999,RoW_EUR,1.0,0.010526,additive
1999,US,84.0,0.884211,additive
2000,EU,19.0,0.163324,additive
2000,EUR,28.0,0.240688,additive
2000,JP,4.0,0.034384,additive
2000,RoW_EU,14.0,0.120344,additive
2000,RoW_EUR,5.0,0.04298,additive
2000,US,79.33,0.681948,additive
2001,EU,14.83,0.101656,additive
2001,EUR,17.83,0.122216,additive
2001,JP,4.0,0.027413,additive
2001,RoW_EU,13.25,0.090805,additive
2001,RoW_EUR,10.25,0.070246,additive
2001,US,113.83,0.780126,additive
2002,EU,16.48,0.113262,additive
2002,EUR,25.24,0.173521,additive
2002,JP,2.9,0.019934,additive
2002,RoW_EU,15.54,0.106809,additive
2002,RoW_EUR,6.77,0.04655,additive
2002,US,110.57,0.759995,additive
2003,EU,24.23,0.1259,additive
2003,EUR,31.23,0.162267,additive
2003,JP,14.47,0.075163,additive
2003,RoW_EU,13.29,0.069024,additive
2003,RoW_EUR,6.29,0.032656,additive
2003,US,140.49,0.729913,additive
2004,CN,0.29,0.001333,additive
2004,EU,28.75,0.134162,additive
2004,EUR,32.95,0.153762,additive
2004,JP,24.0,0.111996,additive
2004,RoW_EU,24.56,0.114596,additive
2004,RoW_EUR,20.36,0.094997,additive
2004,US,136.7,0.637912,additive
2005,EU,29.26,0.152668,additive
2005,EUR,36.72,0.191582,additive
2005,JP,6.0,0.031308,additive
2005,RoW_EU,15.1,0.078795,additive
2005,RoW_EUR,7.64,0.039881,additive
2005,US,141.28,0.737229,additive
2006,CN,2.0,0.010488,additive
2006,EU,28.0,0.14685,additive
2006,EUR,34.69,0.181911,additive
2006,JP,22.0,0.115372,additive
2006,RoW_EU,9.31,0.048827,additive
2006,RoW_EUR,2.62,0.013766,additive
2006,US,129.37,0.678462,additive
2007,CN,2.0,0.008156,additive
2007,EU,40.87,0.166655,additive
2007,EUR,50.12,0.204377,additive
2007,JP,10.0,0.04078,additive
2007,RoW_EU,17.92,0.073065,additive
2007,RoW_EUR,8.67,0.035343,additive
2007,US,174.43,0.711344,additive
2008,CN,2.0,0.007337,additive
2008,EU,39.74,0.145797,additive
2008,EUR,51.64,0.189452,additive
2008,JP,18.0,0.066033,additive
2008,RoW_EU,25.67,0.094158,additive
2008,RoW_EUR,13.77,0.050503,additive
2008,US,187.18,0.686675,additive
2009,EU,40.16,0.156566,additive
2009,EUR,58.73,0.228965,additive
2009,JP,16.0,0.062374,additive
2009,RoW_EU,23.32,0.090916,additive
2009,RoW_EUR,4.75,0.018517,additive
2009,US,177.03,0.690144,additive
2010,CN,4.0,0.016019,additive
2010,EU,42.08,0.168538,additive
2010,EUR,55.75,0.223271,additive
2010,JP,22.5,0.090109,additive
2010,RoW_EU,20.22,0.080979,additive
2010,RoW_EUR,6.55,0.026246,additive
2010,US,160.89,0.644354,additive
2011,CN,2.0,0.006253,additive
2011,EU,89.33,0.27929,additive
2011,EUR,104.03,0.325248,additive
2011,JP,18.0,0.056275,additive
2011,RoW_EU,36.41,0.113826,additive
2011,RoW_EUR,21.71,0.067869,additive
2011,US,174.12,0.544356,additive
2012,CN,6.0,0.020527,additive
2012,EU,68.32,0.233718,additive
2012,EUR,85.65,0.293017,additive
2012,JP,13.89,0.047516,additive
2012,RoW_EU,33.88,0.115919,additive
2012,RoW_EUR,16.55,0.05662,additive
2012,US,170.21,0.58232,additive
2013,CN,12.0,0.026618,additive
2013,EU,94.13,0.208794,additive
2013,EUR,115.75,0.256749,additive
2013,JP,32.0,0.070981,additive
2013,RoW_EU,41.05,0.091045,additive
2013,RoW_EUR,19.43,0.04309,additive
2013,US,271.65,0.602562,additive
2014,CN,62.67,0.063346,additive
2014,EU,166.2,0.168,additive
2014,EUR,204.22,0.206429,additive
2014,JP,95.0,0.096029,additive
2014,RoW_EU,104.52,0.105649,additive
2014,RoW_EUR,66.5,0.06722,additive
2014,US,560.9,0.566976,additive
2015,CN,126.27,0.073354,additive
2015,EU,301.64,0.175238,additive
2015,EUR,359.88,0.209069,additive
2015,JP,301.73,0.175291,additive
2015,RoW_EU,171.02,0.099356,additive
2015,RoW_EUR,112.79,0.065525,additive
2015,US,820.66,0.476761,additive
2016,CN,200.24,0.082006,additive
2016,EU,515.75,0.211217,additive
2016,EUR,578.72,0.237004,additive
2016,JP,376.0,0.153985,additive
2016,RoW_EU,242.45,0.09929,additive
2016,RoW_EUR,179.48,0.073503,additive
2016,US,1107.36,0.453503,additive
2017,CN,205.93,0.068314,additive
2017,EU,562.37,0.186559,additive
2017,EUR,655.11,0.217326,additive
2017,JP,372.37,0.123528,additive
2017,RoW_EU,286.21,0.094948,additive
2017,RoW_EUR,193.47,0.064181,additive
2017,US,1587.55,0.52665,additive
2018,CN,274.72,0.074263,additive
2018,EU,652.47,0.17638,additive
2018,EUR,757.42,0.204751,additive
2018,JP,400.32,0.108216,additive
2018,RoW_EU,342.25,0.092519,additive
2018,RoW_EUR,237.3,0.064147,additive
2018,US,2029.48,0.548622,additive
2019,CN,286.33,0.073755,additive
2019,EU,829.89,0.213767,additive
2019,EUR,959.25,0.247089,additive
2019,JP,459.75,0.118426,additive
2019,RoW_EU,356.41,0.091807,additive
2019,RoW_EUR,227.05,0.058485,additive
2019,US,1949.82,0.502246,additive
2020,CN,488.32,0.135524,additive
2020,EU,838.2,0.232627,additive
2020,EUR,963.7,0.267456,additive
2020,JP,375.44,0.104196,additive
2020,RoW_EU,394.11,0.109378,additive
2020,RoW_EUR,268.61,0.074549,additive
2020,US,1507.12,0.418274,additive
2021,CN,413.15,0.130461,additive
2021,EU,670.53,0.211731,additive
2021,EUR,778.04,0.24568,additive
2021,JP,377.87,0.119318,additive
2021,RoW_EU,410.38,0.129586,additive
2021,RoW_EUR,302.87,0.095638,additive
2021,US,1294.95,0.408903,additive
2022,CN,415.73,0.12973,additive
2022,EU,714.12,0.222841,additive
2022,EUR,807.05,0.251839,additive
2022,JP,439.02,0.136996,additive
2022,RoW_EU,383.6,0.119701,additive
2022,RoW_EUR,290.67,0.090704,additive
2022,US,1252.15,0.390732,additive
2023,CN,393.61,0.144963,additive
2023,EU,605.87,0.223137,additive
2023,EUR,696.66,0.256576,additive
2023,JP,341.57,0.125797,additive
2023,RoW_EU,358.84,0.132158,additive
2023,RoW_EUR,268.04,0.098718,additive
2023,US,1015.35,0.373946,additive
2024,CN,455.58,0.190076,additive
2024,EU,463.69,0.193459,additive
2024,EUR,540.78,0.225621,additive
2024,JP,258.8,0.107975,additive
2024,RoW_EU,280.66,0.117095,additive
2024,RoW_EUR,203.57,0.084933,additive
2024,US,938.11,0.391394,additive
2025,CN,92.0,0.095538,additive
2025,EU,243.73,0.253097,additive
2025,EUR,289.72,0.30086,additive
2025,JP,129.67,0.134653,additive
2025,RoW_EU,131.3,0.136353,additive
2025,RoW_EUR,85.31,0.08859,additive
2025,US,366.28,0.38036,additive
1985,US,6.0,1.0,ai
1986,JP,2.0,0.166667,ai
1986,US,10.0,0.833333,ai
1987,EU,1.0,0.125,ai
1987,EUR,2.0,0.25,ai
1987,RoW_EU,1.0,0.125,ai
1987,US,6.0,0.75,ai
1988,EUR,2.0,0.095238,ai
1988,RoW_EU,3.0,0.142857,ai
1988,RoW_EUR,1.0,0.047619,ai
1988,US,18.0,0.857143,ai
1989,EU,1.0,0.035714,ai
1989,EUR,2.0,0.071429,ai
1989,JP,10.0,0.357143,ai
1989,RoW_EU,1.0,0.035714,ai
1989,US,16.0,0.571429,ai
1990,EU,5.0,0.072464,ai
1990,EUR,9.0,0.130435,ai
1990,JP,12.0,0.173913,ai
1990,RoW_EU,4.0,0.057971,ai
1990,US,48.0,0.695652,ai
1991,EU,5.0,0.054348,ai
1991,EUR,11.0,0.119565,ai
1991,JP,16.0,0.173913,ai
1991,RoW_EU,7.0,0.076087,ai
1991,RoW_EUR,1.0,0.01087,ai
1991,US,64.0,0.695652,ai
1992,EU,4.0,0.059701,ai
1992,EUR,11.0,0.164179,ai
1992,JP,12.0,0.179104,ai
1992,RoW_EU,9.0,0.134328,ai
1992,RoW_EUR,2.0,0.029851,ai
1992,US,42.0,0.626866,ai
1993,EU,6.5,0.12381,ai
1993,EUR,11.5,0.219048,ai
1993,JP,8.0,0.152381,ai
1993,RoW_EU,7.0,0.133333,ai
1993,RoW_EUR,2.0,0.038095,ai
1993,US,31.0,0.590476,ai
1994,EU,11.83,0.176179,ai
1994,EUR,14.83,0.220844,ai
1994,JP,17.0,0.253102,ai
1994,RoW_EU,3.0,0.044665,ai
1994,US,35.33,0.526055,ai
1995,EU,19.9,0.311842,ai
1995,EUR,20.9,0.327513,ai
1995,JP,2.0,0.031341,ai
1995,RoW_EU,2.29,0.035818,ai
1995,RoW_EUR,1.29,0.020148,ai
1995,US,39.63,0.620998,ai
1996,EU,7.0,0.148936,ai
1996,EUR,12.0,0.255319,ai
1996,JP,6.0,0.12766,ai
1996,RoW_EU,6.0,0.12766,ai
1996,RoW_EUR,1.0,0.021277,ai
1996,US,28.0,0.595745,ai
1997,EU,17.46,0.236857,ai
1997,EUR,19.46,0.263991,ai
1997,JP,2.67,0.036179,ai
1997,RoW_EU,2.83,0.03844,ai
1997,RoW_EUR,0.83,0.011306,ai
1997,US,50.75,0.688525,ai
1998,CN,2.0,0.02087,ai
1998,EU,15.0,0.156522,ai
1998,EUR,27.33,0.285217,ai
1998,JP,8.0,0.083478,ai
1998,RoW_EU,23.17,0.241739,ai
1998,RoW_EUR,10.83,0.113043,ai
1998,US,47.67,0.497391,ai
1999,EU,12.57,0.135907,ai
1999,EUR,15.0,0.162162,ai
1999,JP,16.67,0.18018,ai
1999,RoW_EU,8.93,0.096525,ai
1999,RoW_EUR,6.5,0.07027,ai
1999,US,54.33,0.587387,ai
2000,CN,2.0,0.013834,ai
2000,EU,19.17,0.13258,ai
2000,EUR,32.63,0.225732,ai
2000,JP,28.67,0.198294,ai
2000,RoW_EU,22.27,0.154024,ai
2000,RoW_EUR,8.8,0.060872,ai
2000,US,72.47,0.501268,ai
2001,EU,31.55,0.140691,ai
2001,EUR,40.08,0.178744,ai
2001,JP,33.6,0.149833,ai
2001,RoW_EU,22.2,0.098997,ai
2001,RoW_EUR,13.67,0.060944,ai
2001,US,136.9,0.610479,ai
2002,EU,25.53,0.111305,ai
2002,EUR,37.27,0.162453,ai
2002,JP,23.33,0.101715,ai
2002,RoW_EU,33.07,0.144144,ai
2002,RoW_EUR,21.33,0.092996,ai
2002,US,147.47,0.642836,ai
2003,EU,24.63,0.13006,ai
2003,EUR,38.33,0.202394,ai
2003,JP,33.0,0.174234,ai
2003,RoW_EU,31.97,0.168779,ai
2003,RoW_EUR,18.27,0.096445,ai
2003,US,99.8,0.526927,ai
2004,CN,4.0,0.019674,ai
2004,EU,24.33,0.119682,ai
2004,EUR,34.6,0.170178,ai
2004,JP,31.4,0.154439,ai
2004,RoW_EU,30.85,0.151734,ai
2004,RoW_EUR,20.58,0.101238,ai
2004,US,112.73,0.554472,ai
2005,CN,6.0,0.023013,ai
2005,EU,25.25,0.096847,ai
2005,EUR,40.37,0.154832,ai
2005,JP,47.9,0.183722,ai
2005,RoW_EU,37.96,0.145609,ai
2005,RoW_EUR,22.85,0.087624,ai
2005,US,143.61,0.550809,ai
2006,CN,2.0,0.006615,ai
2006,EU,20.97,0.06935,ai
2006,EUR,33.53,0.110916,ai
2006,JP,36.33,0.120178,ai
2006,RoW_EU,34.7,0.114787,ai
2006,RoW_EUR,22.14,0.073221,ai
2006,US,208.33,0.689069,ai
2007,CN,4.0,0.015625,ai
2007,EU,16.5,0.064452,ai
2007,EUR,21.25,0.083006,ai
2007,JP,25.0,0.097654,ai
2007,RoW_EU,31.49,0.123019,ai
2007,RoW_EUR,26.74,0.104465,ai
2007,US,179.01,0.699251,ai
2008,CN,2.0,0.005684,ai
2008,EU,32.25,0.091661,ai
2008,EUR,43.52,0.123683,ai
2008,JP,53.5,0.152058,ai
2008,RoW_EU,43.91,0.1248,ai
2008,RoW_EUR,32.64,0.092777,ai
2008,US,220.18,0.625798,ai
2009,CN,4.74,0.016527,ai
2009,EU,25.68,0.089477,ai
2009,EUR,35.84,0.124905,ai
2009,JP,48.0,0.167264,ai
2009,RoW_EU,43.35,0.151064,ai
2009,RoW_EUR,33.18,0.115637,ai
2009,US,165.2,0.575667,ai
2010,CN,24.8,0.073099,ai
2010,EU,44.17,0.130183,ai
2010,EUR,58.9,0.17361,ai
2010,JP,36.67,0.108076,ai
2010,RoW_EU,54.57,0.160837,ai
2010,RoW_EUR,39.83,0.11741,ai
2010,US,179.07,0.527805,ai
2011,CN,24.25,0.048435,ai
2011,EU,67.28,0.134388,ai
2011,EUR,77.88,0.15556,ai
2011,JP,76.67,0.153129,ai
2011,RoW_EU,50.05,0.099967,ai
2011,RoW_EUR,39.45,0.078795,ai
2011,US,282.42,0.56408,ai
2012,CN,52.6,0.083168,ai
2012,EU,66.26,0.104767,ai
2012,EUR,84.26,0.133228,ai
2012,JP,88.33,0.139658,ai
2012,RoW_EU,61.15,0.096695,ai
2012,RoW_EUR,43.15,0.068234,ai
2012,US,364.11,0.575711,ai
2013,CN,74.57,0.074895,ai
2013,EU,76.11,0.076441,ai
2013,EUR,112.34,0.112824,ai
2013,JP,127.59,0.128139,ai
2013,RoW_EU,116.2,0.116708,ai
2013,RoW_EUR,79.98,0.080325,ai
2013,US,601.21,0.603817,ai
2014,CN,127.43,0.102425,ai
2014,EU,76.8,0.06173,ai
2014,EUR,111.94,0.089971,ai
2014,JP,158.0,0.126993,ai
2014,RoW_EU,119.04,0.095676,ai
2014,RoW_EUR,83.9,0.067435,ai
2014,US,762.89,0.613176,ai
2015,CN,205.33,0.11848,ai
2015,EU,88.67,0.051163,ai
2015,EUR,125.93,0.072662,ai
2015,JP,290.62,0.16769,ai
2015,RoW_EU,169.76,0.097954,ai
2015,RoW_EUR,132.5,0.076455,ai
2015,US,978.69,0.564712,ai
2016,CN,455.98,0.180276,ai
2016,EU,128.23,0.050696,ai
2016,EUR,209.35,0.082767,ai
2016,JP,324.6,0.128333,ai
2016,RoW_EU,258.08,0.102032,ai
2016,RoW_EUR,176.96,0.069961,ai
2016,US,1362.48,0.538664,ai
2017,CN,985.2,0.203379,ai
2017,EU,229.61,0.047399,ai
2017,EUR,339.65,0.070115,ai
2017,JP,703.8,0.145289,ai
2017,RoW_EU,506.25,0.104508,ai
2017,RoW_EUR,396.21,0.081792,ai
2017,US,2419.28,0.499425,ai
2018,CN,1856.51,0.225187,ai
2018,EU,427.38,0.051839,ai
2018,EUR,615.28,0.074631,ai
2018,JP,1428.35,0.173252,ai
2018,RoW_EU,883.11,0.107117,ai
2018,RoW_EUR,695.21,0.084326,ai
2018,US,3648.98,0.442605,ai
2019,CN,3039.61,0.23169,ai
2019,EU,774.13,0.059007,ai
2019,EUR,1037.7,0.079098,ai
2019,JP,2387.27,0.181966,ai
2019,RoW_EU,1517.64,0.11568,ai
2019,RoW_EUR,1254.06,0.095589,ai
2019,US,5400.63,0.411656,ai
2020,CN,4605.73,0.287251,ai
2020,EU,847.69,0.052869,ai
2020,EUR,1177.85,0.07346,ai
2020,JP,2397.03,0.149498,ai
2020,RoW_EU,1963.8,0.122479,ai
2020,RoW_EUR,1633.64,0.101887,ai
2020,US,6219.6,0.387904,ai
2021,CN,5239.77,0.302423,ai
2021,EU,1067.12,0.061591,ai
2021,EUR,1377.34,0.079496,ai
2021,JP,1969.62,0.11368,ai
2021,RoW_EU,2380.41,0.13739,ai
2021,RoW_EUR,2070.2,0.119485,ai
2021,US,6669.05,0.384916,ai
2022,CN,5339.72,0.3179,ai
2022,EU,950.93,0.056614,ai
2022,EUR,1265.79,0.075359,ai
2022,JP,1894.65,0.112798,ai
2022,RoW_EU,2374.96,0.141393,ai
2022,RoW_EUR,2060.1,0.122648,ai
2022,US,6236.59,0.371295,ai
2023,CN,4364.9,0.284398,ai
2023,EU,1054.64,0.068716,ai
2023,EUR,1407.13,0.091682,ai
2023,JP,1890.91,0.123204,ai
2023,RoW_EU,2464.44,0.160572,ai
2023,RoW_EUR,2111.96,0.137606,ai
2023,US,5572.95,0.36311,ai
2024,CN,4031.56,0.273044,ai
2024,EU,1063.37,0.072019,ai
2024,EUR,1414.65,0.095809,ai
2024,JP,1313.0,0.088925,ai
2024,RoW_EU,2433.06,0.164783,ai
2024,RoW_EUR,2081.78,0.140992,ai
2024,US,5924.22,0.401229,ai
2025,CN,1395.59,0.230953,ai
2025,EU,515.78,0.085355,ai
2025,EUR,712.2,0.11786,ai
2025,JP,387.27,0.064088,ai
2025,RoW_EU,1213.67,0.200847,ai
2025,RoW_EUR,1017.25,0.168342,ai
2025,US,2530.45,0.418758,ai
1980,EU,1.0,0.111111,batteries
1980,EUR,9.0,1.0,batteries
1980,RoW_EU,8.0,0.888889,batteries
1981,EU,1.0,1.0,batteries
1981,EUR,1.0,1.0,batteries
1982,EU,1.0,0.1,batteries
1982,EUR,3.0,0.3,batteries
1982,JP,2.0,0.2,batteries
1982,RoW_EU,3.0,0.3,batteries
1982,RoW_EUR,1.0,0.1,batteries
1982,US,4.0,0.4,batteries
1983,EU,2.0,0.125,batteries
1983,EUR,3.0,0.1875,batteries
1983,RoW_EU,2.0,0.125,batteries
1983,RoW_EUR,1.0,0.0625,batteries
1983,US,12.0,0.75,batteries
1984,EU,1.0,0.043478,batteries
1984,EUR,1.0,0.043478,batteries
1984,JP,8.0,0.347826,batteries
1984,US,14.0,0.608696,batteries
1985,EU,4.0,0.307692,batteries
1985,EUR,5.0,0.384615,batteries
1985,JP,4.0,0.307692,batteries
1985,RoW_EU,1.0,0.076923,batteries
1985,US,4.0,0.307692,batteries
1986,EU,4.0,0.190476,batteries
1986,EUR,5.0,0.238095,batteries
1986,RoW_EU,1.0,0.047619,batteries
1986,US,16.0,0.761905,batteries
1987,CN,0.67,0.036364,batteries
1987,EU,1.0,0.054545,batteries
1987,EUR,3.67,0.2,batteries
1987,JP,4.0,0.218182,batteries
1987,RoW_EU,2.67,0.145455,batteries
1987,US,10.0,0.545455,batteries
1988,EU,3.0,0.115385,batteries
1988,EUR,10.0,0.384615,batteries
1988,RoW_EU,11.0,0.423077,batteries
1988,RoW_EUR,4.0,0.153846,batteries
1988,US,12.0,0.461538,batteries
1989,EU,6.17,0.125424,batteries
1989,EUR,10.17,0.20678,batteries
1989,JP,6.0,0.122034,batteries
1989,RoW_EU,4.67,0.094915,batteries
1989,RoW_EUR,0.67,0.013559,batteries
1989,US,32.33,0.657627,batteries
1990,EU,5.33,0.088154,batteries
1990,EUR,9.83,0.162534,batteries
1990,JP,2.0,0.033058,batteries
1990,RoW_EU,10.17,0.168044,batteries
1990,RoW_EUR,5.67,0.093664,batteries
1990,US,43.0,0.710744,batteries
1991,EU,3.0,0.046875,batteries
1991,EUR,20.0,0.3125,batteries
1991,JP,4.0,0.0625,batteries
1991,RoW_EU,23.0,0.359375,batteries
1991,RoW_EUR,6.0,0.09375,batteries
1991,US,34.0,0.53125,batteries
1992,EU,11.67,0.128205,batteries
1992,EUR,19.67,0.216117,batteries
1992,JP,21.0,0.230769,batteries
1992,RoW_EU,17.33,0.190476,batteries
1992,RoW_EUR,9.33,0.102564,batteries
1992,US,41.0,0.450549,batteries
1993,EU,14.27,0.115989,batteries
1993,EUR,18.27,0.148509,batteries
1993,JP,22.0,0.178862,batteries
1993,RoW_EU,8.73,0.071003,batteries
1993,RoW_EUR,4.73,0.038482,batteries
1993,US,78.0,0.634146,batteries
1994,EU,11.5,0.073016,batteries
1994,EUR,14.5,0.092063,batteries
1994,JP,15.67,0.099471,batteries
1994,RoW_EU,17.0,0.107937,batteries
1994,RoW_EUR,14.0,0.088889,batteries
1994,US,113.33,0.719577,batteries
1995,EU,20.03,0.120361,batteries
1995,EUR,25.2,0.151409,batteries
1995,JP,30.0,0.180283,batteries
1995,RoW_EU,13.57,0.081528,batteries
1995,RoW_EUR,8.4,0.050479,batteries
1995,US,102.81,0.617828,batteries
1996,CN,2.0,0.006979,batteries
1996,EU,22.92,0.079965,batteries
1996,EUR,25.92,0.090433,batteries
1996,JP,57.0,0.198895,batteries
1996,RoW_EU,14.5,0.050596,batteries
1996,RoW_EUR,11.5,0.040128,batteries
1996,US,190.17,0.663565,batteries
1997,CN,2.0,0.006061,batteries
1997,EU,33.4,0.10122,batteries
1997,EUR,39.18,0.118746,batteries
1997,JP,112.0,0.33942,batteries
1997,RoW_EU,18.62,0.056444,batteries
1997,RoW_EUR,12.84,0.038917,batteries
1997,US,163.95,0.496856,batteries
1998,EU,29.38,0.060436,batteries
1998,EUR,37.38,0.07689,batteries
1998,JP,170.76,0.351213,batteries
1998,RoW_EU,36.42,0.074916,batteries
1998,RoW_EUR,28.42,0.058462,batteries
1998,US,249.63,0.513435,batteries
1999,CN,4.0,0.008057,batteries
1999,EU,40.8,0.082178,batteries
1999,EUR,56.23,0.113263,batteries
1999,JP,170.7,0.343818,batteries
1999,RoW_EU,48.72,0.098123,batteries
1999,RoW_EUR,33.28,0.067038,batteries
1999,US,232.27,0.467824,batteries
2000,CN,6.0,0.010932,batteries
2000,EU,56.67,0.103248,batteries
2000,EUR,70.08,0.127694,batteries
2000,JP,208.5,0.379893,batteries
2000,RoW_EU,44.49,0.081069,batteries
2000,RoW_EUR,31.08,0.056624,batteries
2000,US,233.18,0.424858,batteries
2001,CN,12.0,0.019541,batteries
2001,EU,43.84,0.071395,batteries
2001,EUR,62.4,0.10162,batteries
2001,JP,227.6,0.370624,batteries
2001,RoW_EU,60.06,0.097796,batteries
2001,RoW_EUR,41.5,0.067571,batteries
2001,US,270.6,0.440645,batteries
2002,CN,4.0,0.006422,batteries
2002,EU,51.74,0.083072,batteries
2002,EUR,62.4,0.100185,batteries
2002,JP,285.57,0.458491,batteries
2002,RoW_EU,53.41,0.085748,batteries
2002,RoW_EUR,42.75,0.068636,batteries
2002,US,228.13,0.366266,batteries
2003,CN,13.07,0.020322,batteries
2003,EU,61.26,0.095273,batteries
2003,EUR,73.76,0.114714,batteries
2003,JP,273.93,0.426046,batteries
2003,RoW_EU,56.11,0.087267,batteries
2003,RoW_EUR,43.61,0.067825,batteries
2003,US,238.6,0.371092,batteries
2004,CN,24.0,0.035279,batteries
2004,EU,54.27,0.079779,batteries
2004,EUR,69.17,0.101681,batteries
2004,JP,300.86,0.442252,batteries
2004,RoW_EU,92.78,0.136378,batteries
2004,RoW_EUR,77.88,0.114476,batteries
2004,US,208.38,0.306312,batteries
2005,CN,34.0,0.038955,batteries
2005,EU,78.64,0.090098,batteries
2005,EUR,90.07,0.103192,batteries
2005,JP,410.98,0.470866,batteries
2005,RoW_EU,94.05,0.10776,batteries
2005,RoW_EUR,82.62,0.094666,batteries
2005,US,255.14,0.292321,batteries
2006,CN,83.26,0.075079,batteries
2006,EU,77.63,0.070003,batteries
2006,EUR,87.55,0.078954,batteries
2006,JP,484.16,0.436599,batteries
2006,RoW_EU,172.68,0.155714,batteries
2006,RoW_EUR,162.75,0.146763,batteries
2006,US,291.21,0.262604,batteries
2007,CN,31.15,0.026501,batteries
2007,EU,111.17,0.094581,batteries
2007,EUR,134.92,0.114787,batteries
2007,JP,549.75,0.467701,batteries
2007,RoW_EU,184.65,0.157088,batteries
2007,RoW_EUR,160.9,0.136883,batteries
2007,US,298.71,0.254129,batteries
2008,CN,77.44,0.052474,batteries
2008,EU,164.91,0.11174,batteries
2008,EUR,185.01,0.125359,batteries
2008,JP,733.8,0.497198,batteries
2008,RoW_EU,147.22,0.099749,batteries
2008,RoW_EUR,127.12,0.08613,batteries
2008,US,352.5,0.238839,batteries
2009,CN,90.25,0.049878,batteries
2009,EU,202.22,0.111762,batteries
2009,EUR,228.05,0.126039,batteries
2009,JP,928.0,0.512877,batteries
2009,RoW_EU,157.38,0.086978,batteries
2009,RoW_EUR,131.55,0.072701,batteries
2009,US,431.55,0.238504,batteries
2010,CN,166.69,0.059793,batteries
2010,EU,323.92,0.116196,batteries
2010,EUR,348.86,0.125143,batteries
2010,JP,1446.9,0.51903,batteries
2010,RoW_EU,215.87,0.077435,batteries
2010,RoW_EUR,190.93,0.068488,batteries
2010,US,634.33,0.227546,batteries
2011,CN,255.67,0.06157,batteries
2011,EU,405.75,0.097714,batteries
2011,EUR,439.14,0.105755,batteries
2011,JP,2529.53,0.609163,batteries
2011,RoW_EU,313.78,0.075566,batteries
2011,RoW_EUR,280.39,0.067524,batteries
2011,US,647.73,0.155988,batteries
2012,CN,237.87,0.052399,batteries
2012,EU,490.65,0.108082,batteries
2012,EUR,512.9,0.112985,batteries
2012,JP,2819.58,0.621109,batteries
2012,RoW_EU,359.76,0.07925,batteries
2012,RoW_EUR,337.51,0.074347,batteries
2012,US,631.73,0.139161,batteries
2013,CN,297.74,0.062315,batteries
2013,EU,455.64,0.095361,batteries
2013,EUR,504.16,0.105515,batteries
2013,JP,2783.38,0.582534,batteries
2013,RoW_EU,497.31,0.104083,batteries
2013,RoW_EUR,448.79,0.093928,batteries
2013,US,743.98,0.155708,batteries
2014,CN,346.23,0.076216,batteries
2014,EU,395.68,0.087101,batteries
2014,EUR,430.97,0.094868,batteries
2014,JP,2325.01,0.511803,batteries
2014,RoW_EU,558.03,0.122839,batteries
2014,RoW_EUR,522.74,0.115071,batteries
2014,US,917.83,0.202042,batteries
2015,CN,477.98,0.10795,batteries
2015,EU,424.74,0.095926,batteries
2015,EUR,475.99,0.107501,batteries
2015,JP,2288.23,0.516787,batteries
2015,RoW_EU,435.2,0.098287,batteries
2015,RoW_EUR,383.94,0.086712,batteries
2015,US,801.65,0.18105,batteries
2016,CN,744.08,0.152428,batteries
2016,EU,390.47,0.07999,batteries
2016,EUR,452.93,0.092784,batteries
2016,JP,2271.9,0.465411,batteries
2016,RoW_EU,554.02,0.113495,batteries
2016,RoW_EUR,491.57,0.100701,batteries
2016,US,921.03,0.188677,batteries
2017,CN,1020.5,0.182467,batteries
2017,EU,392.56,0.07019,batteries
2017,EUR,440.64,0.078786,batteries
2017,JP,2391.34,0.427574,batteries
2017,RoW_EU,797.85,0.142656,batteries
2017,RoW_EUR,749.77,0.13406,batteries
2017,US,990.56,0.177113,batteries
2018,CN,965.16,0.154549,batteries
2018,EU,490.47,0.078538,batteries
2018,EUR,558.51,0.089433,batteries
2018,JP,2746.94,0.439862,batteries
2018,RoW_EU,1017.1,0.162866,batteries
2018,RoW_EUR,949.06,0.151972,batteries
2018,US,1025.33,0.164184,batteries
2019,CN,1484.09,0.220833,batteries
2019,EU,561.78,0.083593,batteries
2019,EUR,627.41,0.093359,batteries
2019,JP,2715.91,0.404129,batteries
2019,RoW_EU,982.3,0.146167,batteries
2019,RoW_EUR,916.67,0.1364,batteries
2019,US,976.33,0.145278,batteries
2020,CN,2552.33,0.314421,batteries
2020,EU,519.5,0.063997,batteries
2020,EUR,657.79,0.081034,batteries
2020,JP,2738.19,0.337317,batteries
2020,RoW_EU,1234.93,0.152131,batteries
2020,RoW_EUR,1096.64,0.135095,batteries
2020,US,1072.61,0.132134,batteries
2021,CN,3391.14,0.356813,batteries
2021,EU,532.48,0.056028,batteries
2021,EUR,657.67,0.069199,batteries
2021,JP,2954.05,0.310823,batteries
2021,RoW_EU,1605.02,0.168879,batteries
2021,RoW_EUR,1479.84,0.155708,batteries
2021,US,1021.27,0.107458,batteries
2022,CN,5565.93,0.448681,batteries
2022,EU,759.45,0.061221,batteries
2022,EUR,897.62,0.072359,batteries
2022,JP,2997.16,0.241607,batteries
2022,RoW_EU,1873.95,0.151063,batteries
2022,RoW_EUR,1735.78,0.139925,batteries
2022,US,1208.61,0.097428,batteries
2023,CN,6272.51,0.452196,batteries
2023,EU,840.51,0.060594,batteries
2023,EUR,977.47,0.070468,batteries
2023,JP,3267.13,0.235533,batteries
2023,RoW_EU,2164.46,0.15604,batteries
2023,RoW_EUR,2027.49,0.146166,batteries
2023,US,1326.61,0.095638,batteries
2024,CN,6877.95,0.50184,batteries
2024,EU,699.8,0.05106,batteries
2024,EUR,814.33,0.059417,batteries
2024,JP,2443.53,0.178289,batteries
2024,RoW_EU,2476.65,0.180706,batteries
2024,RoW_EUR,2362.12,0.172349,batteries
2024,US,1207.52,0.088105,batteries
2025,CN,1605.85,0.368952,batteries
2025,EU,370.27,0.085071,batteries
2025,EUR,444.89,0.102216,batteries
2025,JP,814.27,0.187083,batteries
2025,RoW_EU,962.29,0.221091,batteries
2025,RoW_EUR,887.66,0.203946,batteries
2025,US,599.78,0.137802,batteries
1980,EU,16.0,0.13913,biotech
1980,EUR,21.0,0.182609,biotech
1980,JP,14.0,0.121739,biotech
1980,RoW_EU,9.0,0.078261,biotech
1980,RoW_EUR,4.0,0.034783,biotech
1980,US,76.0,0.66087,biotech
1981,EU,24.17,0.190039,biotech
1981,EUR,31.0,0.243775,biotech
1981,JP,18.0,0.141547,biotech
1981,RoW_EU,10.67,0.083879,biotech
1981,RoW_EUR,3.83,0.030144,biotech
1981,US,74.33,0.584535,biotech
1982,EU,41.33,0.186452,biotech
1982,EUR,44.42,0.200361,biotech
1982,JP,26.7,0.120442,biotech
1982,RoW_EU,8.58,0.038719,biotech
1982,RoW_EUR,5.5,0.02481,biotech
1982,US,145.07,0.654387,biotech
1983,EU,26.5,0.090187,biotech
1983,EUR,44.75,0.152297,biotech
1983,JP,19.0,0.064663,biotech
1983,RoW_EU,25.67,0.087351,biotech
1983,RoW_EUR,7.42,0.025241,biotech
1983,US,222.67,0.757799,biotech
1984,EU,42.08,0.138774,biotech
1984,EUR,57.58,0.189887,biotech
1984,JP,24.0,0.079143,biotech
1984,RoW_EU,30.67,0.101127,biotech
1984,RoW_EUR,15.17,0.050014,biotech
1984,US,206.5,0.680956,biotech
1985,EU,86.19,0.13769,biotech
1985,EUR,150.03,0.239668,biotech
1985,JP,50.5,0.080674,biotech
1985,RoW_EU,94.62,0.151154,biotech
1985,RoW_EUR,30.78,0.049177,biotech
1985,US,394.67,0.630482,biotech
1986,EU,118.88,0.15659,biotech
1986,EUR,171.42,0.225786,biotech
1986,JP,43.07,0.056726,biotech
1986,RoW_EU,87.92,0.115802,biotech
1986,RoW_EUR,35.38,0.046606,biotech
1986,US,509.33,0.670882,biotech
1987,EU,92.57,0.099357,biotech
1987,EUR,155.35,0.166745,biotech
1987,JP,69.5,0.074598,biotech
1987,RoW_EU,118.77,0.127483,biotech
1987,RoW_EUR,55.99,0.060095,biotech
1987,US,650.82,0.698562,biotech
1988,EU,163.89,0.10878,biotech
1988,EUR,260.95,0.173204,biotech
1988,JP,134.97,0.089584,biotech
1988,RoW_EU,154.18,0.102337,biotech
1988,RoW_EUR,57.12,0.037913,biotech
1988,US,1053.56,0.699299,biotech
1989,CN,1.4,0.000665,biotech
1989,EU,231.43,0.109871,biotech
1989,EUR,351.32,0.16679,biotech
1989,JP,140.75,0.066823,biotech
1989,RoW_EU,189.74,0.090081,biotech
1989,RoW_EUR,69.85,0.033162,biotech
1989,US,1543.02,0.73256,biotech
1990,CN,0.57,0.000191,biotech
1990,EU,372.0,0.124627,biotech
1990,EUR,549.36,0.184045,biotech
1990,JP,172.1,0.057654,biotech
1990,RoW_EU,294.64,0.098709,biotech
1990,RoW_EUR,117.28,0.039291,biotech
1990,US,2145.63,0.718818,biotech
1991,CN,2.86,0.000784,biotech
1991,EU,492.92,0.135252,biotech
1991,EUR,703.13,0.19293,biotech
1991,JP,237.24,0.065096,biotech
1991,RoW_EU,356.39,0.097789,biotech
1991,RoW_EUR,146.18,0.040111,biotech
1991,US,2555.07,0.701078,biotech
1992,CN,1.06,0.000246,biotech
1992,EU,513.71,0.119727,biotech
1992,EUR,778.83,0.181519,biotech
1992,JP,281.61,0.065634,biotech
1992,RoW_EU,427.97,0.099745,biotech
1992,RoW_EUR,162.85,0.037954,biotech
1992,US,3066.3,0.714648,biotech
1993,CN,1.5,0.0003,biotech
1993,EU,648.39,0.129735,biotech
1993,EUR,956.74,0.191432,biotech
1993,JP,311.99,0.062426,biotech
1993,RoW_EU,521.14,0.104274,biotech
1993,RoW_EUR,212.79,0.042577,biotech
1993,US,3514.77,0.703265,biotech
1994,CN,10.54,0.001789,biotech
1994,EU,715.26,0.121429,biotech
1994,EUR,1032.67,0.175313,biotech
1994,JP,432.77,0.07347,biotech
1994,RoW_EU,590.3,0.100214,biotech
1994,RoW_EUR,272.9,0.04633,biotech
1994,US,4141.53,0.703098,biotech
1995,CN,11.64,0.001809,biotech
1995,EU,858.13,0.133364,biotech
1995,EUR,1219.81,0.189573,biotech
1995,JP,476.06,0.073985,biotech
1995,RoW_EU,663.63,0.103136,biotech
1995,RoW_EUR,301.95,0.046927,biotech
1995,US,4425.07,0.687707,biotech
1996,CN,19.9,0.002494,biotech
1996,EU,1011.65,0.126793,biotech
1996,EUR,1401.59,0.175665,biotech
1996,JP,654.2,0.081993,biotech
1996,RoW_EU,803.54,0.10071,biotech
1996,RoW_EUR,413.6,0.051838,biotech
1996,US,5489.46,0.68801,biotech
1997,CN,53.1,0.005814,biotech
1997,EU,1189.86,0.130276,biotech
1997,EUR,1640.98,0.179668,biotech
1997,JP,790.75,0.086578,biotech
1997,RoW_EU,939.16,0.102827,biotech
1997,RoW_EUR,488.04,0.053435,biotech
1997,US,6160.52,0.674505,biotech
1998,CN,111.4,0.010094,biotech
1998,EU,1440.3,0.130508,biotech
1998,EUR,2002.47,0.181448,biotech
1998,JP,872.91,0.079096,biotech
1998,RoW_EU,1190.64,0.107887,biotech
1998,RoW_EUR,628.47,0.056947,biotech
1998,US,7420.8,0.672415,biotech
1999,CN,53.83,0.0041,biotech
1999,EU,1695.95,0.129182,biotech
1999,EUR,2374.26,0.18085,biotech
1999,JP,1059.62,0.080712,biotech
1999,RoW_EU,1451.31,0.110548,biotech
1999,RoW_EUR,773.0,0.05888,biotech
1999,US,8867.63,0.675457,biotech
2000,CN,584.25,0.036321,biotech
2000,EU,2099.48,0.130517,biotech
2000,EUR,2893.02,0.179849,biotech
2000,JP,1449.4,0.090104,biotech
2000,RoW_EU,1742.29,0.108312,biotech
2000,RoW_EUR,948.75,0.05898,biotech
2000,US,10210.41,0.634746,biotech
2001,CN,1864.62,0.089869,biotech
2001,EU,2525.08,0.121701,biotech
2001,EUR,3305.46,0.159313,biotech
2001,JP,1840.38,0.088701,biotech
2001,RoW_EU,1843.38,0.088845,biotech
2001,RoW_EUR,1063.01,0.051234,biotech
2001,US,12674.74,0.610884,biotech
2002,CN,183.89,0.009777,biotech
2002,EU,2625.41,0.139582,biotech
2002,EUR,3474.73,0.184736,biotech
2002,JP,2089.1,0.111068,biotech
2002,RoW_EU,2191.23,0.116498,biotech
2002,RoW_EUR,1341.91,0.071344,biotech
2002,US,11719.51,0.623075,biotech
2003,CN,270.89,0.014862,biotech
2003,EU,2545.89,0.13967,biotech
2003,EUR,3375.63,0.18519,biotech
2003,JP,2446.92,0.13424,biotech
2003,RoW_EU,2074.7,0.11382,biotech
2003,RoW_EUR,1244.96,0.0683,biotech
2003,US,10889.49,0.597408,biotech
2004,CN,224.45,0.013113,biotech
2004,EU,2350.93,0.137353,biotech
2004,EUR,3066.93,0.179185,biotech
2004,JP,2573.78,0.150373,biotech
2004,RoW_EU,1922.84,0.112341,biotech
2004,RoW_EUR,1206.84,0.070509,biotech
2004,US,10044.02,0.58682,biotech
2005,CN,218.26,0.013753,biotech
2005,EU,2364.83,0.149011,biotech
2005,EUR,2982.1,0.187906,biotech
2005,JP,2575.65,0.162296,biotech
2005,RoW_EU,1652.76,0.104143,biotech
2005,RoW_EUR,1035.49,0.065248,biotech
2005,US,9058.63,0.570797,biotech
2006,CN,251.02,0.014849,biotech
2006,EU,2184.36,0.129212,biotech
2006,EUR,2865.66,0.169514,biotech
2006,JP,2865.28,0.169491,biotech
2006,RoW_EU,2056.9,0.121673,biotech
2006,RoW_EUR,1375.59,0.081371,biotech
2006,US,9547.61,0.564775,biotech
2007,CN,367.59,0.021763,biotech
2007,EU,2306.83,0.136577,biotech
2007,EUR,2900.8,0.171743,biotech
2007,JP,2312.62,0.136919,biotech
2007,RoW_EU,2064.47,0.122228,biotech
2007,RoW_EUR,1470.5,0.087061,biotech
2007,US,9838.9,0.582514,biotech
2008,CN,383.13,0.022482,biotech
2008,EU,2770.08,0.162548,biotech
2008,EUR,3578.3,0.209974,biotech
2008,JP,2342.06,0.137432,biotech
2008,RoW_EU,2364.13,0.138727,biotech
2008,RoW_EUR,1555.92,0.091301,biotech
2008,US,9182.2,0.538811,biotech
2009,CN,424.12,0.026551,biotech
2009,EU,2511.2,0.15721,biotech
2009,EUR,3123.85,0.195565,biotech
2009,JP,2240.51,0.140264,biotech
2009,RoW_EU,2068.48,0.129495,biotech
2009,RoW_EUR,1455.83,0.091141,biotech
2009,US,8729.18,0.546479,biotech
2010,CN,654.43,0.041694,biotech
2010,EU,2448.44,0.155992,biotech
2010,EUR,3054.62,0.194612,biotech
2010,JP,2305.26,0.14687,biotech
2010,RoW_EU,2091.19,0.133232,biotech
2010,RoW_EUR,1485.01,0.094611,biotech
2010,US,8196.61,0.522212,biotech
2011,CN,911.6,0.054218,biotech
2011,EU,2416.51,0.143722,biotech
2011,EUR,3022.61,0.17977,biotech
2011,JP,2544.43,0.15133,biotech
2011,RoW_EU,2261.53,0.134505,biotech
2011,RoW_EUR,1655.43,0.098457,biotech
2011,US,8679.67,0.516225,biotech
2012,CN,986.58,0.058426,biotech
2012,EU,2482.74,0.147029,biotech
2012,EUR,3061.32,0.181292,biotech
2012,JP,2428.12,0.143794,biotech
2012,RoW_EU,2258.94,0.133775,biotech
2012,RoW_EUR,1680.37,0.099512,biotech
2012,US,8729.74,0.516977,biotech
2013,CN,1019.86,0.061482,biotech
2013,EU,2304.64,0.138935,biotech
2013,EUR,2911.87,0.175542,biotech
2013,JP,2367.52,0.142726,biotech
2013,RoW_EU,2225.68,0.134175,biotech
2013,RoW_EUR,1618.44,0.097568,biotech
2013,US,8670.18,0.522682,biotech
2014,CN,1210.8,0.066689,biotech
2014,EU,2274.5,0.125277,biotech
2014,EUR,2933.53,0.161575,biotech
2014,JP,2533.16,0.139523,biotech
2014,RoW_EU,2350.2,0.129445,biotech
2014,RoW_EUR,1691.17,0.093147,biotech
2014,US,9787.21,0.539066,biotech
2015,CN,1388.69,0.07619,biotech
2015,EU,2398.94,0.131617,biotech
2015,EUR,3142.29,0.1724,biotech
2015,JP,2641.15,0.144906,biotech
2015,RoW_EU,2473.39,0.135701,biotech
2015,RoW_EUR,1730.04,0.094918,biotech
2015,US,9324.54,0.511586,biotech
2016,CN,1828.03,0.089926,biotech
2016,EU,2400.86,0.118106,biotech
2016,EUR,3149.97,0.154956,biotech
2016,JP,2841.08,0.139761,biotech
2016,RoW_EU,2693.88,0.13252,biotech
2016,RoW_EUR,1944.78,0.095669,biotech
2016,US,10564.25,0.519687,biotech
2017,CN,2643.11,0.120235,biotech
2017,EU,2319.85,0.10553,biotech
2017,EUR,3052.24,0.138846,biotech
2017,JP,3208.99,0.145977,biotech
2017,RoW_EU,2736.57,0.124486,biotech
2017,RoW_EUR,2004.17,0.09117,biotech
2017,US,11074.36,0.503772,biotech
2018,CN,3180.92,0.136206,biotech
2018,EU,2417.93,0.103535,biotech
2018,EUR,3177.3,0.136051,biotech
2018,JP,3077.37,0.131772,biotech
2018,RoW_EU,2992.38,0.128133,biotech
2018,RoW_EUR,2233.02,0.095617,biotech
2018,US,11685.16,0.500354,biotech
2019,CN,3514.33,0.139424,biotech
2019,EU,2362.01,0.093708,biotech
2019,EUR,3210.84,0.127383,biotech
2019,JP,3417.54,0.135584,biotech
2019,RoW_EU,3273.09,0.129853,biotech
2019,RoW_EUR,2424.26,0.096177,biotech
2019,US,12639.17,0.501432,biotech
2020,CN,4735.19,0.175768,biotech
2020,EU,2429.51,0.090182,biotech
2020,EUR,3305.12,0.122684,biotech
2020,JP,3254.57,0.120808,biotech
2020,RoW_EU,3399.16,0.126175,biotech
2020,RoW_EUR,2523.55,0.093673,biotech
2020,US,13121.62,0.487067,biotech
2021,CN,5726.67,0.184989,biotech
2021,EU,2853.03,0.092162,biotech
2021,EUR,3849.43,0.124349,biotech
2021,JP,3086.81,0.099714,biotech
2021,RoW_EU,4215.89,0.136186,biotech
2021,RoW_EUR,3219.49,0.104,biotech
2021,US,15074.36,0.486949,biotech
2022,CN,6480.38,0.205907,biotech
2022,EU,2720.68,0.086447,biotech
2022,EUR,3634.57,0.115485,biotech
2022,JP,3237.67,0.102874,biotech
2022,RoW_EU,4049.75,0.128677,biotech
2022,RoW_EUR,3135.86,0.099639,biotech
2022,US,14983.84,0.476096,biotech
2023,CN,6550.89,0.210369,biotech
2023,EU,2692.58,0.086467,biotech
2023,EUR,3678.14,0.118116,biotech
2023,JP,3161.82,0.101536,biotech
2023,RoW_EU,3962.87,0.12726,biotech
2023,RoW_EUR,2977.31,0.09561,biotech
2023,US,14771.85,0.474369,biotech
2024,CN,6366.51,0.213176,biotech
2024,EU,2773.84,0.092879,biotech
2024,EUR,3702.4,0.123971,biotech
2024,JP,3074.6,0.10295,biotech
2024,RoW_EU,3751.0,0.125599,biotech
2024,RoW_EUR,2822.44,0.094507,biotech
2024,US,13899.06,0.465396,biotech
2025,CN,2725.55,0.178749,biotech
2025,EU,1462.02,0.095883,biotech
2025,EUR,1953.02,0.128085,biotech
2025,JP,1623.45,0.10647,biotech
2025,RoW_EU,1829.58,0.119989,biotech
2025,RoW_EUR,1338.58,0.087788,biotech
2025,US,7607.31,0.498908,biotech
1980,EU,70.17,0.23018,green
1980,EUR,99.17,0.325314,green
1980,JP,14.0,0.045927,green
1980,RoW_EU,39.0,0.127939,green
1980,RoW_EUR,10.0,0.032805,green
1980,US,181.67,0.595954,green
1981,EU,65.5,0.202473,green
1981,EUR,79.5,0.24575,green
1981,JP,30.0,0.092736,green
1981,RoW_EU,35.0,0.108192,green
1981,RoW_EUR,21.0,0.064915,green
1981,US,193.0,0.5966,green
1982,EU,108.67,0.299495,green
1982,EUR,137.33,0.378503,green
1982,JP,50.0,0.137804,green
1982,RoW_EU,38.17,0.105191,green
1982,RoW_EUR,9.5,0.026183,green
1982,US,166.0,0.45751,green
1983,EU,79.16,0.228457,green
1983,EUR,99.82,0.288102,green
1983,JP,44.0,0.126987,green
1983,RoW_EU,31.67,0.091392,green
1983,RoW_EUR,11.0,0.031747,green
1983,US,191.67,0.553164,green
1984,EU,97.83,0.239396,green
1984,EUR,121.72,0.297838,green
1984,JP,86.0,0.21044,green
1984,RoW_EU,40.83,0.099918,green
1984,RoW_EUR,16.95,0.041476,green
1984,US,184.0,0.450245,green
1985,EU,111.36,0.273229,green
1985,EUR,149.61,0.367086,green
1985,JP,58.0,0.142311,green
1985,RoW_EU,58.37,0.143216,green
1985,RoW_EUR,20.12,0.049359,green
1985,US,179.83,0.441244,green
1986,EU,172.0,0.328349,green
1986,EUR,210.75,0.402323,green
1986,JP,50.0,0.09545,green
1986,RoW_EU,74.33,0.141903,green
1986,RoW_EUR,35.58,0.067929,green
1986,US,227.5,0.434298,green
1987,CN,0.67,0.001177,green
1987,EU,131.08,0.231382,green
1987,EUR,170.17,0.30037,green
1987,JP,101.33,0.178869,green
1987,RoW_EU,76.73,0.135433,green
1987,RoW_EUR,37.64,0.066445,green
1987,US,256.71,0.453139,green
1988,CN,2.0,0.00232,green
1988,EU,188.3,0.218467,green
1988,EUR,235.72,0.27348,green
1988,JP,158.37,0.183738,green
1988,RoW_EU,103.62,0.120217,green
1988,RoW_EUR,56.2,0.065204,green
1988,US,409.63,0.475259,green
1989,CN,1.0,0.000997,green
1989,EU,206.63,0.206046,green
1989,EUR,287.44,0.286636,green
1989,JP,148.0,0.147585,green
1989,RoW_EU,140.75,0.140355,green
1989,RoW_EUR,59.93,0.059765,green
1989,US,506.44,0.505017,green
1990,EU,299.27,0.196306,green
1990,EUR,402.1,0.263755,green
1990,JP,170.67,0.111947,green
1990,RoW_EU,201.59,0.132229,green
1990,RoW_EUR,98.76,0.06478,green
1990,US,853.0,0.559518,green
1991,CN,4.0,0.002292,green
1991,EU,382.13,0.218995,green
1991,EUR,529.82,0.303634,green
1991,JP,140.29,0.080396,green
1991,RoW_EU,263.66,0.151098,green
1991,RoW_EUR,115.97,0.066459,green
1991,US,954.87,0.547219,green
1992,EU,458.94,0.211887,green
1992,EUR,631.05,0.291352,green
1992,JP,191.62,0.088469,green
1992,RoW_EU,333.86,0.154139,green
1992,RoW_EUR,161.74,0.074674,green
1992,US,1181.53,0.545504,green
1993,CN,2.0,0.000781,green
1993,EU,536.02,0.209258,green
1993,EUR,700.18,0.273343,green
1993,JP,217.27,0.084819,green
1993,RoW_EU,349.33,0.136377,green
1993,RoW_EUR,185.18,0.072292,green
1993,US,1456.9,0.568765,green
1994,CN,18.0,0.00597,green
1994,EU,679.37,0.225335,green
1994,EUR,855.51,0.283757,green
1994,JP,249.9,0.082887,green
1994,RoW_EU,404.19,0.134063,green
1994,RoW_EUR,228.05,0.075641,green
1994,US,1663.48,0.551744,green
1995,CN,13.33,0.003921,green
1995,EU,765.82,0.225225,green
1995,EUR,963.87,0.283473,green
1995,JP,255.26,0.07507,green
1995,RoW_EU,439.62,0.129292,green
1995,RoW_EUR,241.56,0.071043,green
1995,US,1926.2,0.566492,green
1996,CN,25.0,0.006135,green
1996,EU,899.93,0.220838,green
1996,EUR,1124.4,0.275922,green
1996,JP,491.83,0.120693,green
1996,RoW_EU,517.68,0.127036,green
1996,RoW_EUR,293.21,0.071952,green
1996,US,2140.64,0.525299,green
1997,CN,27.4,0.005673,green
1997,EU,1075.8,0.222722,green
1997,EUR,1321.93,0.27368,green
1997,JP,731.87,0.151519,green
1997,RoW_EU,544.96,0.112824,green
1997,RoW_EUR,298.82,0.061866,green
1997,US,2450.18,0.507262,green
1998,CN,29.72,0.00551,green
1998,EU,1174.15,0.217662,green
1998,EUR,1425.36,0.26423,green
1998,JP,756.61,0.140258,green
1998,RoW_EU,609.36,0.112962,green
1998,RoW_EUR,358.15,0.066394,green
1998,US,2824.54,0.523607,green
1999,CN,29.07,0.004599,green
1999,EU,1410.02,0.223117,green
1999,EUR,1712.97,0.271055,green
1999,JP,985.94,0.156013,green
1999,RoW_EU,798.57,0.126364,green
1999,RoW_EUR,495.63,0.078427,green
1999,US,3096.03,0.489907,green
2000,CN,74.81,0.009433,green
2000,EU,1726.72,0.217732,green
2000,EUR,2116.06,0.266827,green
2000,JP,1384.15,0.174535,green
2000,RoW_EU,1005.05,0.126733,green
2000,RoW_EUR,615.71,0.077638,green
2000,US,3739.76,0.471567,green
2001,CN,80.1,0.00854,green
2001,EU,1899.41,0.202502,green
2001,EUR,2321.76,0.24753,green
2001,JP,1702.81,0.181542,green
2001,RoW_EU,1115.82,0.118961,green
2001,RoW_EUR,693.47,0.073933,green
2001,US,4581.57,0.488456,green
2002,CN,153.77,0.014941,green
2002,EU,2034.86,0.197723,green
2002,EUR,2490.45,0.241992,green
2002,JP,2052.23,0.199411,green
2002,RoW_EU,1274.58,0.123848,green
2002,RoW_EUR,818.99,0.079579,green
2002,US,4776.02,0.464076,green
2003,CN,144.18,0.012601,green
2003,EU,2126.89,0.185895,green
2003,EUR,2597.46,0.227024,green
2003,JP,2446.59,0.213838,green
2003,RoW_EU,1450.67,0.126792,green
2003,RoW_EUR,980.11,0.085664,green
2003,US,5273.03,0.460874,green
2004,CN,196.34,0.015853,green
2004,EU,2204.25,0.177986,green
2004,EUR,2663.25,0.215048,green
2004,JP,3081.44,0.248815,green
2004,RoW_EU,1551.69,0.125293,green
2004,RoW_EUR,1092.69,0.088231,green
2004,US,5350.73,0.432053,green
2005,CN,301.57,0.021202,green
2005,EU,2482.21,0.174508,green
2005,EUR,2965.67,0.208497,green
2005,JP,4008.75,0.281829,green
2005,RoW_EU,1703.74,0.119779,green
2005,RoW_EUR,1220.28,0.08579,green
2005,US,5727.77,0.402682,green
2006,CN,471.5,0.027765,green
2006,EU,2970.26,0.174912,green
2006,EUR,3518.56,0.2072,green
2006,JP,4650.77,0.273873,green
2006,RoW_EU,2045.58,0.12046,green
2006,RoW_EUR,1497.28,0.088172,green
2006,US,6843.34,0.402989,green
2007,CN,733.39,0.03837,green
2007,EU,3585.2,0.187572,green
2007,EUR,4296.6,0.224791,green
2007,JP,5091.77,0.266393,green
2007,RoW_EU,2436.82,0.12749,green
2007,RoW_EUR,1725.42,0.090271,green
2007,US,7266.56,0.380175,green
2008,CN,784.05,0.034468,green
2008,EU,4573.39,0.201055,green
2008,EUR,5471.91,0.240555,green
2008,JP,6154.67,0.270571,green
2008,RoW_EU,2861.95,0.125816,green
2008,RoW_EUR,1963.42,0.086316,green
2008,US,8372.93,0.36809,green
2009,CN,1109.55,0.046063,green
2009,EU,4846.65,0.201211,green
2009,EUR,5710.93,0.237092,green
2009,JP,6597.21,0.273887,green
2009,RoW_EU,2902.27,0.120489,green
2009,RoW_EUR,2037.99,0.084608,green
2009,US,8631.7,0.35835,green
2010,CN,2021.7,0.06803,green
2010,EU,5499.68,0.185062,green
2010,EUR,6428.58,0.21632,green
2010,JP,8810.88,0.296483,green
2010,RoW_EU,3582.21,0.12054,green
2010,RoW_EUR,2653.31,0.089283,green
2010,US,9803.51,0.329885,green
2011,CN,2678.6,0.074813,green
2011,EU,5943.72,0.166008,green
2011,EUR,6955.32,0.194262,green
2011,JP,12853.3,0.358992,green
2011,RoW_EU,4022.31,0.112343,green
2011,RoW_EUR,3010.72,0.084089,green
2011,US,10305.88,0.287843,green
2012,CN,2967.41,0.079765,green
2012,EU,6159.64,0.165573,green
2012,EUR,7170.87,0.192756,green
2012,JP,13575.42,0.364912,green
2012,RoW_EU,4274.44,0.114899,green
2012,RoW_EUR,3263.22,0.087717,green
2012,US,10224.97,0.274851,green
2013,CN,3435.83,0.088231,green
2013,EU,6118.98,0.157134,green
2013,EUR,7164.5,0.183982,green
2013,JP,12545.18,0.322157,green
2013,RoW_EU,4471.21,0.11482,green
2013,RoW_EUR,3425.69,0.087971,green
2013,US,12370.02,0.317659,green
2014,CN,3814.06,0.101715,green
2014,EU,5703.52,0.152105,green
2014,EUR,6744.47,0.179865,green
2014,JP,11656.15,0.310852,green
2014,RoW_EU,4382.1,0.116864,green
2014,RoW_EUR,3341.16,0.089104,green
2014,US,11941.54,0.318463,green
2015,CN,3954.58,0.112828,green
2015,EU,5601.84,0.159827,green
2015,EUR,6586.62,0.187923,green
2015,JP,10806.71,0.308327,green
2015,RoW_EU,4348.38,0.124064,green
2015,RoW_EUR,3363.6,0.095967,green
2015,US,10338.0,0.294954,green
2016,CN,5505.82,0.151331,green
2016,EU,5548.93,0.152516,green
2016,EUR,6541.84,0.179807,green
2016,JP,10395.13,0.285717,green
2016,RoW_EU,4565.7,0.125491,green
2016,RoW_EUR,3572.8,0.098201,green
2016,US,10367.05,0.284945,green
2017,CN,7730.01,0.196067,green
2017,EU,5599.33,0.142024,green
2017,EUR,6584.89,0.167022,green
2017,JP,10430.4,0.264561,green
2017,RoW_EU,4951.01,0.125579,green
2017,RoW_EUR,3965.44,0.100581,green
2017,US,10714.63,0.27177,green
2018,CN,9546.46,0.227152,green
2018,EU,5871.49,0.139709,green
2018,EUR,6862.54,0.16329,green
2018,JP,10868.66,0.258613,green
2018,RoW_EU,5305.33,0.126237,green
2018,RoW_EUR,4314.28,0.102656,green
2018,US,10434.74,0.248289,green
2019,CN,11182.11,0.254302,green
2019,EU,6383.31,0.145169,green
2019,EUR,7381.9,0.167878,green
2019,JP,11391.22,0.259058,green
2019,RoW_EU,5412.96,0.123101,green
2019,RoW_EUR,4414.38,0.100391,green
2019,US,9602.1,0.21837,green
2020,CN,15984.63,0.333267,green
2020,EU,6459.15,0.134668,green
2020,EUR,7528.51,0.156964,green
2020,JP,10522.95,0.219395,green
2020,RoW_EU,5701.66,0.118875,green
2020,RoW_EUR,4632.3,0.09658,green
2020,US,9295.01,0.193794,green
2021,CN,20605.26,0.370776,green
2021,EU,6759.93,0.12164,green
2021,EUR,7974.89,0.143502,green
2021,JP,11269.09,0.202779,green
2021,RoW_EU,6801.16,0.122382,green
2021,RoW_EUR,5586.21,0.10052,green
2021,US,10137.91,0.182424,green
2022,CN,26640.35,0.483169,green
2022,EU,4332.68,0.078581,green
2022,EUR,5188.16,0.094096,green
2022,JP,11153.01,0.202279,green
2022,RoW_EU,5972.91,0.108329,green
2022,RoW_EUR,5117.43,0.092813,green
2022,US,7037.76,0.127642,green
2023,CN,28694.97,0.568192,green
2023,EU,3202.12,0.063405,green
2023,EUR,3864.52,0.076522,green
2023,JP,8751.75,0.173294,green
2023,RoW_EU,4942.84,0.097874,green
2023,RoW_EUR,4280.44,0.084757,green
2023,US,4910.58,0.097235,green
2024,CN,20580.2,0.507815,green
2024,EU,3434.25,0.08474,green
2024,EUR,4120.22,0.101666,green
2024,JP,6943.99,0.171342,green
2024,RoW_EU,5483.77,0.135312,green
2024,RoW_EUR,4797.81,0.118386,green
2024,US,4084.75,0.100791,green
2025,CN,4096.94,0.335155,green
2025,EU,1496.29,0.122406,green
2025,EUR,1758.08,0.143822,green
2025,JP,2802.37,0.229251,green
2025,RoW_EU,2050.33,0.16773,green
2025,RoW_EUR,1788.55,0.146315,green
2025,US,1778.08,0.145458,green
1980,EU,55.3,0.087263,ict
1980,EUR,74.8,0.118034,ict
1980,JP,84.0,0.132551,ict
1980,RoW_EU,32.75,0.051679,ict
1980,RoW_EUR,13.25,0.020908,ict
1980,US,461.67,0.728506,ict
1981,EU,65.75,0.091035,ict
1981,EUR,99.75,0.13811,ict
1981,JP,104.0,0.143994,ict
1981,RoW_EU,48.0,0.066459,ict
1981,RoW_EUR,14.0,0.019384,ict
1981,US,504.5,0.698512,ict
1982,EU,90.1,0.103306,ict
1982,EUR,132.3,0.151691,ict
1982,JP,110.0,0.126123,ict
1982,RoW_EU,73.2,0.083929,ict
1982,RoW_EUR,31.0,0.035544,ict
1982,US,598.87,0.686642,ict
1983,EU,91.17,0.078875,ict
1983,EUR,143.0,0.12372,ict
1983,JP,173.33,0.149964,ict
1983,RoW_EU,69.0,0.059697,ict
1983,RoW_EUR,17.17,0.014852,ict
1983,US,822.33,0.711464,ict
1984,EU,82.83,0.070049,ict
1984,EUR,136.83,0.115715,ict
1984,JP,200.0,0.169133,ict
1984,RoW_EU,77.67,0.06568,ict
1984,RoW_EUR,23.67,0.020014,ict
1984,US,822.0,0.695137,ict
1985,EU,168.2,0.111012,ict
1985,EUR,250.5,0.165328,ict
1985,JP,251.33,0.165878,ict
1985,RoW_EU,116.63,0.076976,ict
1985,RoW_EUR,34.33,0.02266,ict
1985,US,979.0,0.646134,ict
1986,EU,219.5,0.126705,ict
1986,EUR,365.25,0.210839,ict
1986,JP,233.15,0.134586,ict
1986,RoW_EU,202.08,0.116653,ict
1986,RoW_EUR,56.33,0.032519,ict
1986,US,1077.61,0.622056,ict
1987,CN,0.92,0.000469,ict
1987,EU,239.43,0.122567,ict
1987,EUR,391.42,0.200367,ict
1987,JP,288.42,0.147641,ict
1987,RoW_EU,215.4,0.110263,ict
1987,RoW_EUR,63.42,0.032463,ict
1987,US,1209.33,0.61906,ict
1988,EU,312.79,0.115264,ict
1988,EUR,479.45,0.176682,ict
1988,JP,426.5,0.157168,ict
1988,RoW_EU,238.02,0.087714,ict
1988,RoW_EUR,71.36,0.026296,ict
1988,US,1736.35,0.639855,ict
1989,EU,355.79,0.128788,ict
1989,EUR,548.77,0.198639,ict
1989,JP,404.43,0.146392,ict
1989,RoW_EU,286.74,0.103792,ict
1989,RoW_EUR,93.77,0.033941,ict
1989,US,1715.68,0.621028,ict
1990,EU,587.92,0.145507,ict
1990,EUR,894.45,0.221371,ict
1990,JP,502.07,0.124259,ict
1990,RoW_EU,454.75,0.112547,ict
1990,RoW_EUR,148.22,0.036683,ict
1990,US,2495.77,0.617687,ict
1991,EU,646.45,0.13856,ict
1991,EUR,1020.37,0.218705,ict
1991,JP,590.67,0.126603,ict
1991,RoW_EU,505.0,0.108241,ict
1991,RoW_EUR,131.08,0.028096,ict
1991,US,2923.38,0.626596,ict
1992,CN,2.0,0.000401,ict
1992,EU,728.11,0.145807,ict
1992,EUR,1023.28,0.204915,ict
1992,JP,509.63,0.102056,ict
1992,RoW_EU,486.83,0.09749,ict
1992,RoW_EUR,191.66,0.038381,ict
1992,US,3267.1,0.654248,ict
1993,CN,1.0,0.00018,ict
1993,EU,909.87,0.163822,ict
1993,EUR,1256.87,0.226297,ict
1993,JP,420.1,0.075638,ict
1993,RoW_EU,565.26,0.101774,ict
1993,RoW_EUR,218.27,0.039298,ict
1993,US,3657.83,0.658587,ict
1994,CN,15.0,0.002076,ict
1994,EU,1035.12,0.143232,ict
1994,EUR,1458.48,0.201813,ict
1994,JP,658.11,0.091063,ict
1994,RoW_EU,746.24,0.103259,ict
1994,RoW_EUR,322.88,0.044678,ict
1994,US,4772.43,0.66037,ict
1995,CN,16.67,0.001742,ict
1995,EU,1664.03,0.173955,ict
1995,EUR,2233.91,0.233529,ict
1995,JP,914.51,0.095602,ict
1995,RoW_EU,985.58,0.103031,ict
1995,RoW_EUR,415.7,0.043457,ict
1995,US,5985.08,0.62567,ict
1996,CN,20.5,0.001596,ict
1996,EU,2174.95,0.169364,ict
1996,EUR,2845.22,0.221557,ict
1996,JP,1399.86,0.109007,ict
1996,RoW_EU,1210.0,0.094223,ict
1996,RoW_EUR,539.74,0.04203,ict
1996,US,8036.57,0.625809,ict
1997,CN,25.9,0.001599,ict
1997,EU,3076.63,0.189991,ict
1997,EUR,3791.45,0.234133,ict
1997,JP,1772.11,0.109433,ict
1997,RoW_EU,1403.59,0.086676,ict
1997,RoW_EUR,688.77,0.042533,ict
1997,US,9915.33,0.612301,ict
1998,CN,34.31,0.001662,ict
1998,EU,4130.53,0.200034,ict
1998,EUR,4950.76,0.239756,ict
1998,JP,2489.6,0.120567,ict
1998,RoW_EU,1781.82,0.08629,ict
1998,RoW_EUR,961.58,0.046568,ict
1998,US,12212.88,0.591448,ict
1999,CN,82.03,0.003216,ict
1999,EU,4909.4,0.192462,ict
1999,EUR,5910.49,0.231707,ict
1999,JP,3342.09,0.131019,ict
1999,RoW_EU,2291.23,0.089822,ict
1999,RoW_EUR,1290.14,0.050577,ict
1999,US,14883.7,0.583481,ict
2000,CN,191.96,0.005079,ict
2000,EU,6442.52,0.17045,ict
2000,EUR,7792.16,0.206157,ict
2000,JP,4927.81,0.130375,ict
2000,RoW_EU,3729.45,0.09867,ict
2000,RoW_EUR,2379.81,0.062963,ict
2000,US,22505.45,0.595426,ict
2001,CN,295.7,0.006281,ict
2001,EU,7506.09,0.159446,ict
2001,EUR,9430.65,0.200329,ict
2001,JP,6572.7,0.139619,ict
2001,RoW_EU,5165.65,0.10973,ict
2001,RoW_EUR,3241.09,0.068848,ict
2001,US,27535.76,0.584923,ict
2002,CN,484.19,0.010585,ict
2002,EU,8081.64,0.176668,ict
2002,EUR,9897.15,0.216356,ict
2002,JP,7616.03,0.16649,ict
2002,RoW_EU,4920.67,0.107568,ict
2002,RoW_EUR,3105.16,0.06788,ict
2002,US,24642.18,0.538689,ict
2003,CN,698.4,0.015698,ict
2003,EU,7332.18,0.164809,ict
2003,EUR,9067.27,0.20381,ict
2003,JP,9082.08,0.204143,ict
2003,RoW_EU,4710.43,0.105879,ict
2003,RoW_EUR,2975.33,0.066878,ict
2003,US,22665.73,0.50947,ict
2004,CN,1159.69,0.024234,ict
2004,EU,7136.88,0.149138,ict
2004,EUR,8783.54,0.183548,ict
2004,JP,10589.12,0.221279,ict
2004,RoW_EU,5191.69,0.10849,ict
2004,RoW_EUR,3545.04,0.07408,ict
2004,US,23776.73,0.496859,ict
2005,CN,1864.49,0.034766,ict
2005,EU,7356.49,0.137172,ict
2005,EUR,9057.31,0.168886,ict
2005,JP,13263.47,0.247316,ict
2005,RoW_EU,5637.18,0.105113,ict
2005,RoW_EUR,3936.36,0.073399,ict
2005,US,25507.97,0.475632,ict
2006,CN,4076.99,0.063681,ict
2006,EU,8067.71,0.126014,ict
2006,EUR,9825.55,0.15347,ict
2006,JP,14422.85,0.225278,ict
2006,RoW_EU,6966.99,0.108821,ict
2006,RoW_EUR,5209.15,0.081364,ict
2006,US,30488.01,0.476207,ict
2007,CN,5443.57,0.078533,ict
2007,EU,8112.17,0.117033,ict
2007,EUR,9997.81,0.144236,ict
2007,JP,15502.38,0.22365,ict
2007,RoW_EU,7681.5,0.11082,ict
2007,RoW_EUR,5795.86,0.083616,ict
2007,US,32575.8,0.469965,ict
2008,CN,6505.6,0.096631,ict
2008,EU,8176.58,0.121451,ict
2008,EUR,9900.5,0.147057,ict
2008,JP,15323.78,0.227612,ict
2008,RoW_EU,7982.8,0.118573,ict
2008,RoW_EUR,6258.88,0.092966,ict
2008,US,29335.44,0.435734,ict
2009,CN,9119.1,0.141834,ict
2009,EU,7285.18,0.11331,ict
2009,EUR,8992.23,0.139861,ict
2009,JP,16107.16,0.250523,ict
2009,RoW_EU,7500.54,0.11666,ict
2009,RoW_EUR,5793.49,0.090109,ict
2009,US,24282.04,0.377672,ict
2010,CN,13546.25,0.192346,ict
2010,EU,7059.55,0.10024,ict
2010,EUR,8567.4,0.12165,ict
2010,JP,18306.7,0.259941,ict
2010,RoW_EU,7990.89,0.113464,ict
2010,RoW_EUR,6483.04,0.092054,ict
2010,US,23523.04,0.334009,ict
2011,CN,18064.95,0.211601,ict
2011,EU,7347.98,0.086069,ict
2011,EUR,8901.74,0.104269,ict
2011,JP,23464.89,0.274852,ict
2011,RoW_EU,8957.53,0.104923,ict
2011,RoW_EUR,7403.76,0.086723,ict
2011,US,27537.39,0.322555,ict
2012,CN,19305.65,0.219095,ict
2012,EU,7718.1,0.087591,ict
2012,EUR,9300.86,0.105553,ict
2012,JP,23493.39,0.26662,ict
2012,RoW_EU,9480.34,0.10759,ict
2012,RoW_EUR,7897.59,0.089628,ict
2012,US,28118.07,0.319105,ict
2013,CN,22760.11,0.231111,ict
2013,EU,7816.56,0.079371,ict
2013,EUR,9543.87,0.09691,ict
2013,JP,23715.95,0.240817,ict
2013,RoW_EU,10440.9,0.106019,ict
2013,RoW_EUR,8713.59,0.08848,ict
2013,US,33747.89,0.342683,ict
2014,CN,26207.79,0.257659,ict
2014,EU,7860.26,0.077277,ict
2014,EUR,9752.75,0.095883,ict
2014,JP,21808.78,0.214411,ict
2014,RoW_EU,10706.83,0.105263,ict
2014,RoW_EUR,8814.34,0.086657,ict
2014,US,35131.23,0.345389,ict
2015,CN,29872.03,0.279155,ict
2015,EU,8055.53,0.075279,ict
2015,EUR,9811.08,0.091685,ict
2015,JP,22950.0,0.214468,ict
2015,RoW_EU,11239.01,0.105029,ict
2015,RoW_EUR,9483.45,0.088623,ict
2015,US,34892.18,0.326068,ict
2016,CN,40279.07,0.337531,ict
2016,EU,8225.58,0.068929,ict
2016,EUR,9992.7,0.083737,ict
2016,JP,23882.76,0.200133,ict
2016,RoW_EU,11841.78,0.099232,ict
2016,RoW_EUR,10074.65,0.084424,ict
2016,US,35105.11,0.294175,ict
2017,CN,43387.25,0.345009,ict
2017,EU,8520.31,0.067752,ict
2017,EUR,10389.42,0.082615,ict
2017,JP,26158.21,0.208006,ict
2017,RoW_EU,11976.68,0.095237,ict
2017,RoW_EUR,10107.58,0.080374,ict
2017,US,35714.37,0.283995,ict
2018,CN,47439.82,0.365308,ict
2018,EU,8856.09,0.068196,ict
2018,EUR,10831.73,0.083409,ict
2018,JP,26594.0,0.204786,ict
2018,RoW_EU,12565.51,0.09676,ict
2018,RoW_EUR,10589.87,0.081547,ict
2018,US,34407.19,0.264951,ict
2019,CN,53846.42,0.371856,ict
2019,EU,9316.56,0.064339,ict
2019,EUR,11301.66,0.078048,ict
2019,JP,30378.15,0.209787,ict
2019,RoW_EU,14247.49,0.098391,ict
2019,RoW_EUR,12262.38,0.084682,ict
2019,US,37015.91,0.255627,ict
2020,CN,60779.0,0.389986,ict
2020,EU,9463.93,0.060725,ict
2020,EUR,11365.46,0.072926,ict
2020,JP,29357.34,0.18837,ict
2020,RoW_EU,15060.62,0.096636,ict
2020,RoW_EUR,13159.09,0.084435,ict
2020,US,41188.23,0.264283,ict
2021,CN,59857.84,0.393534,ict
2021,EU,9453.43,0.062151,ict
2021,EUR,11411.57,0.075025,ict
2021,JP,28447.2,0.187025,ict
2021,RoW_EU,15299.7,0.100587,ict
2021,RoW_EUR,13341.56,0.087714,ict
2021,US,39045.31,0.256702,ict
2022,CN,59200.35,0.39301,ict
2022,EU,8942.26,0.059364,ict
2022,EUR,10939.35,0.072622,ict
2022,JP,28058.03,0.186267,ict
2022,RoW_EU,15729.59,0.104423,ict
2022,RoW_EUR,13732.51,0.091165,ict
2022,US,38703.06,0.256936,ict
2023,CN,56344.83,0.395509,ict
2023,EU,8715.29,0.061176,ict
2023,EUR,10616.3,0.07452,ict
2023,JP,25671.36,0.180198,ict
2023,RoW_EU,15149.45,0.10634,ict
2023,RoW_EUR,13248.44,0.092996,ict
2023,US,36580.82,0.256776,ict
2024,CN,48109.62,0.37645,ict
2024,EU,8194.36,0.06412,ict
2024,EUR,10046.03,0.078609,ict
2024,JP,22279.57,0.174334,ict
2024,RoW_EU,15742.71,0.123184,ict
2024,RoW_EUR,13891.04,0.108695,ict
2024,US,33471.89,0.261912,ict
2025,CN,17127.99,0.324076,ict
2025,EU,4189.91,0.079277,ict
2025,EUR,5233.62,0.099025,ict
2025,JP,8266.42,0.156408,ict
2025,RoW_EU,7089.66,0.134142,ict
2025,RoW_EUR,6045.95,0.114395,ict
2025,US,16177.72,0.306096,ict
1986,JP,2.0,1.0,nanotech
1990,EU,1.0,1.0,nanotech
1990,EUR,1.0,1.0,nanotech
1991,EU,0.5,0.142857,nanotech
1991,EUR,0.5,0.142857,nanotech
1991,US,3.0,0.857143,nanotech
1992,JP,2.0,0.5,nanotech
1992,US,2.0,0.5,nanotech
1993,US,26.0,1.0,nanotech
1994,EU,1.5,0.063025,nanotech
1994,EUR,2.2,0.092437,nanotech
1994,JP,0.67,0.028011,nanotech
1994,RoW_EU,0.7,0.029412,nanotech
1994,US,20.93,0.879552,nanotech
1995,EU,3.25,0.134021,nanotech
1995,EUR,3.75,0.154639,nanotech
1995,JP,1.0,0.041237,nanotech
1995,RoW_EU,0.5,0.020619,nanotech
1995,US,19.5,0.804124,nanotech
1996,EU,3.6,0.092545,nanotech
1996,EUR,3.6,0.092545,nanotech
1996,RoW_EU,2.83,0.072836,nanotech
1996,RoW_EUR,2.83,0.072836,nanotech
1996,US,32.47,0.834619,nanotech
1997,EU,5.23,0.08812,nanotech
1997,EUR,11.38,0.191579,nanotech
1997,JP,4.0,0.067368,nanotech
1997,RoW_EU,11.39,0.19188,nanotech
1997,RoW_EUR,5.25,0.088421,nanotech
1997,US,38.75,0.652632,nanotech
1998,EU,9.15,0.207586,nanotech
1998,EUR,10.29,0.233521,nanotech
1998,JP,4.0,0.090772,nanotech
1998,RoW_EU,4.79,0.108602,nanotech
1998,RoW_EUR,3.64,0.082667,nanotech
1998,US,26.13,0.593041,nanotech
1999,EU,2.0,0.039604,nanotech
1999,EUR,2.67,0.052805,nanotech
1999,JP,14.0,0.277228,nanotech
1999,RoW_EU,5.5,0.108911,nanotech
1999,RoW_EUR,4.83,0.09571,nanotech
1999,US,29.0,0.574257,nanotech
2000,EU,6.8,0.090667,nanotech
2000,EUR,11.33,0.151111,nanotech
2000,JP,13.5,0.18,nanotech
2000,RoW_EU,8.2,0.109333,nanotech
2000,RoW_EUR,3.67,0.048889,nanotech
2000,US,46.5,0.62,nanotech
2001,EU,17.79,0.114091,nanotech
2001,EUR,23.82,0.152785,nanotech
2001,JP,42.5,0.272564,nanotech
2001,RoW_EU,15.78,0.101223,nanotech
2001,RoW_EUR,9.75,0.062529,nanotech
2001,US,79.85,0.512122,nanotech
2002,CN,3.07,0.017234,nanotech
2002,EU,18.67,0.104901,nanotech
2002,EUR,21.99,0.123561,nanotech
2002,JP,35.27,0.198187,nanotech
2002,RoW_EU,17.39,0.09771,nanotech
2002,RoW_EUR,14.07,0.07905,nanotech
2002,US,103.56,0.581968,nanotech
2003,EU,15.22,0.08112,nanotech
2003,EUR,15.38,0.082008,nanotech
2003,JP,71.63,0.381875,nanotech
2003,RoW_EU,15.2,0.081031,nanotech
2003,RoW_EUR,15.03,0.080142,nanotech
2003,US,85.53,0.455975,nanotech
2004,CN,2.0,0.011976,nanotech
2004,EU,10.0,0.05988,nanotech
2004,EUR,12.0,0.071856,nanotech
2004,JP,84.0,0.502994,nanotech
2004,RoW_EU,25.0,0.149701,nanotech
2004,RoW_EUR,23.0,0.137725,nanotech
2004,US,46.0,0.275449,nanotech
2005,CN,6.33,0.023442,nanotech
2005,EU,24.63,0.091154,nanotech
2005,EUR,26.83,0.099297,nanotech
2005,JP,156.01,0.577453,nanotech
2005,RoW_EU,23.2,0.085871,nanotech
2005,RoW_EUR,21.0,0.077728,nanotech
2005,US,60.0,0.22208,nanotech
2006,EU,16.58,0.050636,nanotech
2006,EUR,26.33,0.080407,nanotech
2006,JP,143.58,0.438422,nanotech
2006,RoW_EU,51.25,0.156489,nanotech
2006,RoW_EUR,41.5,0.126718,nanotech
2006,US,116.08,0.354453,nanotech
2007,CN,5.0,0.013514,nanotech
2007,EU,22.08,0.059687,nanotech
2007,EUR,23.08,0.06239,nanotech
2007,JP,134.06,0.362329,nanotech
2007,RoW_EU,43.27,0.116942,nanotech
2007,RoW_EUR,42.27,0.114239,nanotech
2007,US,165.58,0.447528,nanotech
2008,CN,9.47,0.018017,nanotech
2008,EU,41.85,0.079642,nanotech
2008,EUR,43.02,0.081881,nanotech
2008,JP,172.27,0.327867,nanotech
2008,RoW_EU,76.74,0.146052,nanotech
2008,RoW_EUR,75.56,0.143813,nanotech
2008,US,225.1,0.428422,nanotech
2009,CN,1.5,0.003017,nanotech
2009,EU,30.58,0.061504,nanotech
2009,EUR,31.98,0.064319,nanotech
2009,JP,90.48,0.181964,nanotech
2009,RoW_EU,93.16,0.187344,nanotech
2009,RoW_EUR,91.76,0.184528,nanotech
2009,US,281.53,0.566171,nanotech
2010,CN,16.83,0.025687,nanotech
2010,EU,50.19,0.076592,nanotech
2010,EUR,61.39,0.093683,nanotech
2010,JP,82.0,0.125129,nanotech
2010,RoW_EU,170.48,0.260151,nanotech
2010,RoW_EUR,159.28,0.243061,nanotech
2010,US,335.81,0.51244,nanotech
2011,CN,34.52,0.034373,nanotech
2011,EU,119.69,0.119196,nanotech
2011,EUR,143.58,0.14298,nanotech
2011,JP,154.0,0.153361,nanotech
2011,RoW_EU,208.8,0.207938,nanotech
2011,RoW_EUR,184.92,0.184154,nanotech
2011,US,487.15,0.485132,nanotech
2012,CN,38.87,0.038802,nanotech
2012,EU,141.32,0.141089,nanotech
2012,EUR,175.99,0.175695,nanotech
2012,JP,180.3,0.180003,nanotech
2012,RoW_EU,215.22,0.214864,nanotech
2012,RoW_EUR,180.56,0.180257,nanotech
2012,US,425.95,0.425242,nanotech
2013,CN,29.77,0.031129,nanotech
2013,EU,127.2,0.133016,nanotech
2013,EUR,159.96,0.167271,nanotech
2013,JP,169.0,0.176722,nanotech
2013,RoW_EU,228.49,0.238933,nanotech
2013,RoW_EUR,195.73,0.204678,nanotech
2013,US,401.84,0.4202,nanotech
2014,CN,41.22,0.047992,nanotech
2014,EU,109.06,0.126965,nanotech
2014,EUR,143.85,0.167468,nanotech
2014,JP,154.8,0.180222,nanotech
2014,RoW_EU,236.0,0.274763,nanotech
2014,RoW_EUR,201.21,0.234259,nanotech
2014,US,317.86,0.370058,nanotech
2015,CN,77.4,0.095071,nanotech
2015,EU,88.48,0.108678,nanotech
2015,EUR,111.17,0.136557,nanotech
2015,JP,169.0,0.207585,nanotech
2015,RoW_EU,166.08,0.203999,nanotech
2015,RoW_EUR,143.38,0.17612,nanotech
2015,US,313.17,0.384667,nanotech
2016,CN,84.33,0.087986,nanotech
2016,EU,76.79,0.080117,nanotech
2016,EUR,101.58,0.105976,nanotech
2016,JP,162.62,0.169666,nanotech
2016,RoW_EU,170.72,0.178119,nanotech
2016,RoW_EUR,145.94,0.15226,nanotech
2016,US,464.01,0.484112,nanotech
2017,CN,89.33,0.090826,nanotech
2017,EU,97.78,0.099411,nanotech
2017,EUR,120.16,0.122168,nanotech
2017,JP,186.76,0.189882,nanotech
2017,RoW_EU,166.66,0.169441,nanotech
2017,RoW_EUR,144.27,0.146684,nanotech
2017,US,443.04,0.45044,nanotech
2018,CN,140.18,0.147898,nanotech
2018,EU,82.83,0.087384,nanotech
2018,EUR,104.74,0.110507,nanotech
2018,JP,195.95,0.206729,nanotech
2018,RoW_EU,149.34,0.157555,nanotech
2018,RoW_EUR,127.42,0.134433,nanotech
2018,US,379.55,0.400433,nanotech
2019,CN,172.33,0.165364,nanotech
2019,EU,81.78,0.078476,nanotech
2019,EUR,101.67,0.097561,nanotech
2019,JP,181.7,0.174352,nanotech
2019,RoW_EU,169.77,0.162906,nanotech
2019,RoW_EUR,149.88,0.143821,nanotech
2019,US,436.56,0.418902,nanotech
2020,CN,259.27,0.207111,nanotech
2020,EU,88.57,0.070756,nanotech
2020,EUR,107.32,0.085734,nanotech
2020,JP,241.67,0.193051,nanotech
2020,RoW_EU,201.89,0.161273,nanotech
2020,RoW_EUR,183.14,0.146295,nanotech
2020,US,460.43,0.367809,nanotech
2021,CN,275.4,0.232772,nanotech
2021,EU,114.92,0.097136,nanotech
2021,EUR,137.86,0.11652,nanotech
2021,JP,181.58,0.153476,nanotech
2021,RoW_EU,180.12,0.152244,nanotech
2021,RoW_EUR,157.19,0.132861,nanotech
2021,US,431.1,0.364372,nanotech
2022,CN,232.17,0.208342,nanotech
2022,EU,80.14,0.071915,nanotech
2022,EUR,87.5,0.078517,nanotech
2022,JP,138.5,0.124285,nanotech
2022,RoW_EU,197.48,0.177214,nanotech
2022,RoW_EUR,190.13,0.170612,nanotech
2022,US,466.08,0.418244,nanotech
2023,CN,229.68,0.226241,nanotech
2023,EU,67.37,0.066366,nanotech
2023,EUR,84.44,0.083178,nanotech
2023,JP,92.0,0.090624,nanotech
2023,RoW_EU,159.45,0.157062,nanotech
2023,RoW_EUR,142.38,0.140251,nanotech
2023,US,466.68,0.459706,nanotech
2024,CN,143.88,0.14104,nanotech
2024,EU,82.24,0.080616,nanotech
2024,EUR,103.38,0.101342,nanotech
2024,JP,88.24,0.0865,nanotech
2024,RoW_EU,181.61,0.178026,nanotech
2024,RoW_EUR,160.47,0.157301,nanotech
2024,US,524.17,0.513817,nanotech
2025,CN,48.33,0.120932,nanotech
2025,EU,22.5,0.056296,nanotech
2025,EUR,40.33,0.100915,nanotech
2025,JP,56.0,0.140114,nanotech
2025,RoW_EU,75.82,0.189717,nanotech
2025,RoW_EUR,57.99,0.145097,nanotech
2025,US,197.02,0.492942,nanotech
1980,EU,16.25,0.165394,pharma
1980,EUR,20.25,0.206107,pharma
1980,JP,14.0,0.142494,pharma
1980,RoW_EU,7.0,0.071247,pharma
1980,RoW_EUR,3.0,0.030534,pharma
1980,US,61.0,0.620865,pharma
1981,EU,23.0,0.139676,pharma
1981,EUR,33.0,0.200405,pharma
1981,JP,34.0,0.206478,pharma
1981,RoW_EU,17.33,0.105263,pharma
1981,RoW_EUR,7.33,0.044534,pharma
1981,US,90.33,0.548583,pharma
1982,EU,38.72,0.159103,pharma
1982,EUR,43.72,0.179648,pharma
1982,JP,36.7,0.150794,pharma
1982,RoW_EU,7.5,0.030816,pharma
1982,RoW_EUR,2.5,0.010272,pharma
1982,US,160.46,0.659286,pharma
1983,EU,36.83,0.122099,pharma
1983,EUR,50.83,0.168508,pharma
1983,JP,33.0,0.109392,pharma
1983,RoW_EU,17.5,0.058011,pharma
1983,RoW_EUR,3.5,0.011602,pharma
1983,US,214.33,0.710497,pharma
1984,EU,61.03,0.177974,pharma
1984,EUR,77.53,0.226089,pharma
1984,JP,30.4,0.088647,pharma
1984,RoW_EU,32.83,0.095743,pharma
1984,RoW_EUR,16.33,0.047628,pharma
1984,US,218.67,0.637636,pharma
1985,EU,112.41,0.168497,pharma
1985,EUR,173.74,0.260439,pharma
1985,JP,69.17,0.10368,pharma
1985,RoW_EU,94.1,0.14105,pharma
1985,RoW_EUR,32.76,0.049109,pharma
1985,US,391.44,0.586772,pharma
1986,EU,103.75,0.141832,pharma
1986,EUR,146.45,0.200205,pharma
1986,JP,69.07,0.094418,pharma
1986,RoW_EU,71.75,0.098086,pharma
1986,RoW_EUR,29.05,0.039713,pharma
1986,US,486.93,0.665664,pharma
1987,EU,118.68,0.124828,pharma
1987,EUR,166.38,0.174997,pharma
1987,JP,97.33,0.102372,pharma
1987,RoW_EU,94.54,0.099432,pharma
1987,RoW_EUR,46.84,0.049263,pharma
1987,US,640.22,0.673368,pharma
1988,EU,207.97,0.143386,pharma
1988,EUR,275.3,0.18981,pharma
1988,JP,143.83,0.099166,pharma
1988,RoW_EU,123.67,0.085264,pharma
1988,RoW_EUR,56.34,0.038841,pharma
1988,US,974.95,0.672183,pharma
1989,CN,2.2,0.001107,pharma
1989,EU,258.15,0.129851,pharma
1989,EUR,368.18,0.185198,pharma
1989,JP,120.99,0.060857,pharma
1989,RoW_EU,171.65,0.086342,pharma
1989,RoW_EUR,61.62,0.030994,pharma
1989,US,1435.05,0.721844,pharma
1990,CN,1.57,0.000537,pharma
1990,EU,416.42,0.142177,pharma
1990,EUR,594.05,0.202825,pharma
1990,JP,225.49,0.076987,pharma
1990,RoW_EU,282.19,0.096346,pharma
1990,RoW_EUR,104.55,0.035698,pharma
1990,US,2003.22,0.683954,pharma
1991,CN,5.26,0.001224,pharma
1991,EU,592.98,0.138102,pharma
1991,EUR,909.17,0.211744,pharma
1991,JP,370.5,0.086288,pharma
1991,RoW_EU,441.73,0.102877,pharma
1991,RoW_EUR,125.53,0.029235,pharma
1991,US,2883.28,0.671508,pharma
1992,EU,739.91,0.152474,pharma
1992,EUR,1045.44,0.215433,pharma
1992,JP,427.18,0.088029,pharma
1992,RoW_EU,469.65,0.096781,pharma
1992,RoW_EUR,164.13,0.033822,pharma
1992,US,3215.99,0.662716,pharma
1993,CN,2.74,0.000448,pharma
1993,EU,863.29,0.141264,pharma
1993,EUR,1325.5,0.216897,pharma
1993,JP,508.46,0.083201,pharma
1993,RoW_EU,705.45,0.115436,pharma
1993,RoW_EUR,243.24,0.039802,pharma
1993,US,4031.27,0.659651,pharma
1994,CN,20.73,0.002937,pharma
1994,EU,1026.32,0.145382,pharma
1994,EUR,1464.53,0.207454,pharma
1994,JP,578.65,0.081968,pharma
1994,RoW_EU,710.38,0.100627,pharma
1994,RoW_EUR,272.18,0.038554,pharma
1994,US,4723.43,0.669087,pharma
1995,CN,12.94,0.001651,pharma
1995,EU,1167.32,0.148946,pharma
1995,EUR,1666.89,0.21269,pharma
1995,JP,695.76,0.088776,pharma
1995,RoW_EU,862.21,0.110015,pharma
1995,RoW_EUR,362.64,0.046271,pharma
1995,US,5098.97,0.650612,pharma
1996,CN,20.07,0.002195,pharma
1996,EU,1371.82,0.15003,pharma
1996,EUR,1885.36,0.206193,pharma
1996,JP,829.99,0.090772,pharma
1996,RoW_EU,946.85,0.103553,pharma
1996,RoW_EUR,433.32,0.04739,pharma
1996,US,5974.93,0.65345,pharma
1997,CN,57.3,0.005242,pharma
1997,EU,1622.4,0.148402,pharma
1997,EUR,2262.34,0.206938,pharma
1997,JP,1065.22,0.097437,pharma
1997,RoW_EU,1163.0,0.106381,pharma
1997,RoW_EUR,523.06,0.047845,pharma
1997,US,7024.54,0.642539,pharma
1998,CN,102.17,0.008004,pharma
1998,EU,1942.56,0.152193,pharma
1998,EUR,2660.54,0.208444,pharma
1998,JP,1299.32,0.101797,pharma
1998,RoW_EU,1361.92,0.106702,pharma
1998,RoW_EUR,643.94,0.050451,pharma
1998,US,8057.85,0.631304,pharma
1999,CN,58.0,0.003953,pharma
1999,EU,2227.02,0.151788,pharma
1999,EUR,3104.09,0.211567,pharma
1999,JP,1404.44,0.095723,pharma
1999,RoW_EU,1687.15,0.114992,pharma
1999,RoW_EUR,810.07,0.055212,pharma
1999,US,9295.31,0.633545,pharma
2000,CN,556.4,0.030515,pharma
2000,EU,2679.1,0.146932,pharma
2000,EUR,3755.46,0.205963,pharma
2000,JP,2067.4,0.113384,pharma
2000,RoW_EU,2061.3,0.113049,pharma
2000,RoW_EUR,984.94,0.054018,pharma
2000,US,10869.44,0.59612,pharma
2001,CN,1320.96,0.060679,pharma
2001,EU,3212.86,0.147585,pharma
2001,EUR,4374.52,0.200946,pharma
2001,JP,2484.03,0.114105,pharma
2001,RoW_EU,2326.12,0.106852,pharma
2001,RoW_EUR,1164.45,0.05349,pharma
2001,US,12425.63,0.570779,pharma
2002,CN,247.83,0.011724,pharma
2002,EU,3441.8,0.162813,pharma
2002,EUR,4623.91,0.218732,pharma
2002,JP,2717.28,0.12854,pharma
2002,RoW_EU,2599.27,0.122957,pharma
2002,RoW_EUR,1417.16,0.067038,pharma
2002,US,12133.42,0.573966,pharma
2003,CN,338.86,0.015772,pharma
2003,EU,3347.45,0.1558,pharma
2003,EUR,4530.54,0.210864,pharma
2003,JP,2939.35,0.136805,pharma
2003,RoW_EU,2735.16,0.127302,pharma
2003,RoW_EUR,1552.06,0.072237,pharma
2003,US,12124.78,0.564321,pharma
2004,CN,286.28,0.013584,pharma
2004,EU,3004.88,0.142587,pharma
2004,EUR,4070.5,0.193153,pharma
2004,JP,2983.27,0.141562,pharma
2004,RoW_EU,2598.29,0.123294,pharma
2004,RoW_EUR,1532.67,0.072728,pharma
2004,US,12201.26,0.578973,pharma
2005,CN,368.12,0.01824,pharma
2005,EU,2920.45,0.144707,pharma
2005,EUR,3859.19,0.191222,pharma
2005,JP,2944.3,0.145889,pharma
2005,RoW_EU,2411.62,0.119495,pharma
2005,RoW_EUR,1472.87,0.072981,pharma
2005,US,11537.27,0.571668,pharma
2006,CN,515.72,0.021988,pharma
2006,EU,3525.21,0.150298,pharma
2006,EUR,4719.8,0.20123,pharma
2006,JP,3474.77,0.148148,pharma
2006,RoW_EU,3190.74,0.136038,pharma
2006,RoW_EUR,1996.15,0.085106,pharma
2006,US,12748.29,0.543527,pharma
2007,CN,653.96,0.028154,pharma
2007,EU,3472.04,0.149474,pharma
2007,EUR,4636.84,0.199619,pharma
2007,JP,2953.97,0.127171,pharma
2007,RoW_EU,3136.41,0.135025,pharma
2007,RoW_EUR,1971.62,0.08488,pharma
2007,US,13012.0,0.560177,pharma
2008,CN,690.4,0.032582,pharma
2008,EU,3689.24,0.174104,pharma
2008,EUR,4958.2,0.23399,pharma
2008,JP,2822.14,0.133184,pharma
2008,RoW_EU,3256.88,0.1537,pharma
2008,RoW_EUR,1987.92,0.093815,pharma
2008,US,10731.15,0.50643,pharma
2009,CN,715.48,0.035808,pharma
2009,EU,3294.98,0.164904,pharma
2009,EUR,4287.99,0.214601,pharma
2009,JP,2645.41,0.132395,pharma
2009,RoW_EU,2880.48,0.144159,pharma
2009,RoW_EUR,1887.47,0.094462,pharma
2009,US,10444.85,0.522734,pharma
2010,CN,987.99,0.051207,pharma
2010,EU,3064.02,0.158805,pharma
2010,EUR,3952.58,0.204858,pharma
2010,JP,2829.54,0.146652,pharma
2010,RoW_EU,2920.24,0.151353,pharma
2010,RoW_EUR,2031.68,0.1053,pharma
2010,US,9492.42,0.491983,pharma
2011,CN,1214.0,0.062056,pharma
2011,EU,3044.04,0.155601,pharma
2011,EUR,3900.99,0.199405,pharma
2011,JP,2514.68,0.128541,pharma
2011,RoW_EU,3137.69,0.160388,pharma
2011,RoW_EUR,2280.75,0.116584,pharma
2011,US,9652.77,0.493415,pharma
2012,CN,1437.19,0.075421,pharma
2012,EU,3012.57,0.158094,pharma
2012,EUR,3864.74,0.202815,pharma
2012,JP,2453.59,0.12876,pharma
2012,RoW_EU,3048.39,0.159974,pharma
2012,RoW_EUR,2196.23,0.115254,pharma
2012,US,9103.77,0.47775,pharma
2013,CN,1386.31,0.072644,pharma
2013,EU,2738.7,0.143512,pharma
2013,EUR,3514.01,0.18414,pharma
2013,JP,2515.88,0.131836,pharma
2013,RoW_EU,3107.88,0.162857,pharma
2013,RoW_EUR,2332.56,0.122229,pharma
2013,US,9334.68,0.489151,pharma
2014,CN,1695.61,0.081272,pharma
2014,EU,2733.93,0.13104,pharma
2014,EUR,3569.0,0.171066,pharma
2014,JP,2444.42,0.117164,pharma
2014,RoW_EU,3152.44,0.1511,pharma
2014,RoW_EUR,2317.38,0.111075,pharma
2014,US,10836.88,0.519424,pharma
2015,CN,2035.36,0.099032,pharma
2015,EU,2729.98,0.13283,pharma
2015,EUR,3533.86,0.171944,pharma
2015,JP,2572.9,0.125187,pharma
2015,RoW_EU,3109.81,0.151311,pharma
2015,RoW_EUR,2305.93,0.112197,pharma
2015,US,10104.36,0.491639,pharma
2016,CN,2553.86,0.110994,pharma
2016,EU,2675.48,0.11628,pharma
2016,EUR,3583.32,0.155736,pharma
2016,JP,2562.25,0.111359,pharma
2016,RoW_EU,3615.61,0.157139,pharma
2016,RoW_EUR,2707.77,0.117683,pharma
2016,US,11601.77,0.504228,pharma
2017,CN,3412.3,0.138835,pharma
2017,EU,2656.01,0.108064,pharma
2017,EUR,3563.63,0.144992,pharma
2017,JP,2825.67,0.114967,pharma
2017,RoW_EU,3673.82,0.149475,pharma
2017,RoW_EUR,2766.19,0.112547,pharma
2017,US,12010.32,0.488659,pharma
2018,CN,3759.28,0.143663,pharma
2018,EU,2802.85,0.107112,pharma
2018,EUR,3734.05,0.142699,pharma
2018,JP,3124.9,0.11942,pharma
2018,RoW_EU,4061.48,0.155212,pharma
2018,RoW_EUR,3130.27,0.119625,pharma
2018,US,12418.82,0.474593,pharma
2019,CN,4304.0,0.152159,pharma
2019,EU,2817.58,0.09961,pharma
2019,EUR,3867.08,0.136712,pharma
2019,JP,3326.3,0.117594,pharma
2019,RoW_EU,4302.03,0.152089,pharma
2019,RoW_EUR,3252.54,0.114987,pharma
2019,US,13536.3,0.478548,pharma
2020,CN,5941.52,0.192492,pharma
2020,EU,3048.89,0.098777,pharma
2020,EUR,4107.75,0.133082,pharma
2020,JP,3087.19,0.100018,pharma
2020,RoW_EU,4556.76,0.147629,pharma
2020,RoW_EUR,3497.89,0.113324,pharma
2020,US,14231.97,0.461084,pharma
2021,CN,7147.67,0.203625,pharma
2021,EU,3297.2,0.093931,pharma
2021,EUR,4535.81,0.129217,pharma
2021,JP,3166.21,0.0902,pharma
2021,RoW_EU,5258.08,0.149794,pharma
2021,RoW_EUR,4019.47,0.114508,pharma
2021,US,16233.02,0.462451,pharma
2022,CN,8043.85,0.225507,pharma
2022,EU,3112.21,0.08725,pharma
2022,EUR,4186.61,0.117371,pharma
2022,JP,3127.49,0.087678,pharma
2022,RoW_EU,4989.38,0.139876,pharma
2022,RoW_EUR,3914.98,0.109755,pharma
2022,US,16397.15,0.459689,pharma
2023,CN,8332.26,0.236185,pharma
2023,EU,3102.09,0.087931,pharma
2023,EUR,4193.23,0.118861,pharma
2023,JP,2930.3,0.083062,pharma
2023,RoW_EU,4608.18,0.130623,pharma
2023,RoW_EUR,3517.05,0.099694,pharma
2023,US,16305.71,0.462199,pharma
2024,CN,8547.33,0.254311,pharma
2024,EU,2998.13,0.089204,pharma
2024,EUR,3996.5,0.118909,pharma
2024,JP,2562.49,0.076242,pharma
2024,RoW_EU,4283.24,0.12744,pharma
2024,RoW_EUR,3284.88,0.097736,pharma
2024,US,15218.57,0.452802,pharma
2025,CN,4364.77,0.245287,pharma
2025,EU,1590.79,0.089398,pharma
2025,EUR,2143.25,0.120444,pharma
2025,JP,1423.95,0.080022,pharma
2025,RoW_EU,2128.6,0.119621,pharma
2025,RoW_EUR,1576.14,0.088574,pharma
2025,US,8286.45,0.465673,pharma
1980,JP,2.0,0.5,robotics
1980,US,2.0,0.5,robotics
1981,EU,5.0,0.111111,robotics
1981,EUR,7.0,0.155556,robotics
1981,JP,36.0,0.8,robotics
1981,RoW_EU,2.0,0.044444,robotics
1981,US,2.0,0.044444,robotics
1982,EU,3.0,0.083333,robotics
1982,EUR,6.0,0.166667,robotics
1982,JP,18.0,0.5,robotics
1982,RoW_EU,3.0,0.083333,robotics
1982,US,12.0,0.333333,robotics
1983,EU,3.0,0.1,robotics
1983,EUR,4.0,0.133333,robotics
1983,JP,20.0,0.666667,robotics
1983,RoW_EU,1.0,0.033333,robotics
1983,US,6.0,0.2,robotics
1984,EU,4.5,0.098901,robotics
1984,EUR,6.5,0.142857,robotics
1984,JP,28.0,0.615385,robotics
1984,RoW_EU,2.0,0.043956,robotics
1984,US,11.0,0.241758,robotics
1985,EU,6.0,0.090909,robotics
1985,EUR,10.0,0.151515,robotics
1985,JP,44.0,0.666667,robotics
1985,RoW_EU,4.0,0.060606,robotics
1985,US,12.0,0.181818,robotics
1986,EU,10.0,0.15873,robotics
1986,EUR,16.0,0.253968,robotics
1986,JP,42.0,0.666667,robotics
1986,RoW_EU,9.0,0.142857,robotics
1986,RoW_EUR,3.0,0.047619,robotics
1986,US,2.0,0.031746,robotics
1987,EU,9.25,0.093434,robotics
1987,EUR,11.25,0.113636,robotics
1987,JP,48.0,0.484848,robotics
1987,RoW_EU,3.75,0.037879,robotics
1987,RoW_EUR,1.75,0.017677,robotics
1987,US,38.0,0.383838,robotics
1988,EU,14.25,0.13835,robotics
1988,EUR,19.25,0.186893,robotics
1988,JP,64.0,0.621359,robotics
1988,RoW_EU,6.75,0.065534,robotics
1988,RoW_EUR,1.75,0.01699,robotics
1988,US,18.0,0.174757,robotics
1989,EU,12.0,0.111111,robotics
1989,EUR,22.0,0.203704,robotics
1989,JP,52.67,0.487654,robotics
1989,RoW_EU,14.0,0.12963,robotics
1989,RoW_EUR,4.0,0.037037,robotics
1989,US,29.33,0.271605,robotics
1990,EU,18.0,0.176471,robotics
1990,EUR,21.0,0.205882,robotics
1990,JP,56.0,0.54902,robotics
1990,RoW_EU,4.0,0.039216,robotics
1990,RoW_EUR,1.0,0.009804,robotics
1990,US,24.0,0.235294,robotics
1991,EU,15.0,0.135135,robotics
1991,EUR,15.0,0.135135,robotics
1991,JP,56.0,0.504505,robotics
1991,RoW_EU,2.0,0.018018,robotics
1991,RoW_EUR,2.0,0.018018,robotics
1991,US,38.0,0.342342,robotics
1992,EU,15.0,0.130435,robotics
1992,EUR,19.0,0.165217,robotics
1992,JP,65.0,0.565217,robotics
1992,RoW_EU,7.0,0.06087,robotics
1992,RoW_EUR,3.0,0.026087,robotics
1992,US,28.0,0.243478,robotics
1993,EU,12.0,0.129032,robotics
1993,EUR,16.0,0.172043,robotics
1993,JP,48.0,0.516129,robotics
1993,RoW_EU,5.0,0.053763,robotics
1993,RoW_EUR,1.0,0.010753,robotics
1993,US,28.0,0.301075,robotics
1994,EU,24.0,0.230843,robotics
1994,EUR,25.0,0.240462,robotics
1994,JP,27.33,0.262905,robotics
1994,RoW_EU,7.03,0.06765,robotics
1994,RoW_EUR,6.03,0.058031,robotics
1994,US,45.6,0.438602,robotics
1995,EU,16.67,0.17301,robotics
1995,EUR,24.67,0.256055,robotics
1995,JP,24.0,0.249135,robotics
1995,RoW_EU,13.0,0.134948,robotics
1995,RoW_EUR,5.0,0.051903,robotics
1995,US,42.67,0.442907,robotics
1996,EU,28.5,0.162857,robotics
1996,EUR,32.0,0.182857,robotics
1996,JP,58.0,0.331429,robotics
1996,RoW_EU,10.5,0.06,robotics
1996,RoW_EUR,7.0,0.04,robotics
1996,US,78.0,0.445714,robotics
1997,EU,34.5,0.209726,robotics
1997,EUR,41.5,0.25228,robotics
1997,JP,66.0,0.401216,robotics
1997,RoW_EU,9.0,0.054711,robotics
1997,RoW_EUR,2.0,0.012158,robotics
1997,US,55.0,0.334347,robotics
1998,CN,2.0,0.009479,robotics
1998,EU,38.33,0.181675,robotics
1998,EUR,45.0,0.21327,robotics
1998,JP,70.0,0.331754,robotics
1998,RoW_EU,19.67,0.093207,robotics
1998,RoW_EUR,13.0,0.061611,robotics
1998,US,81.0,0.383886,robotics
1999,EU,53.5,0.295037,robotics
1999,EUR,56.5,0.311581,robotics
1999,JP,44.0,0.242647,robotics
1999,RoW_EU,7.5,0.04136,robotics
1999,RoW_EUR,4.5,0.024816,robotics
1999,US,76.33,0.420956,robotics
2000,EU,65.6,0.295762,robotics
2000,EUR,75.2,0.339044,robotics
2000,JP,66.0,0.297565,robotics
2000,RoW_EU,16.6,0.074842,robotics
2000,RoW_EUR,7.0,0.03156,robotics
2000,US,73.6,0.33183,robotics
2001,EU,65.8,0.2518,robotics
2001,EUR,74.19,0.283918,robotics
2001,JP,98.6,0.37733,robotics
2001,RoW_EU,12.89,0.049339,robotics
2001,RoW_EUR,4.5,0.017221,robotics
2001,US,84.02,0.321531,robotics
2002,CN,3.49,0.011764,robotics
2002,EU,59.46,0.200659,robotics
2002,EUR,80.02,0.270068,robotics
2002,JP,110.93,0.374383,robotics
2002,RoW_EU,28.9,0.097533,robotics
2002,RoW_EUR,8.33,0.028124,robotics
2002,US,93.53,0.315661,robotics
2003,CN,2.0,0.006513,robotics
2003,EU,65.83,0.214371,robotics
2003,EUR,72.83,0.237165,robotics
2003,JP,128.0,0.416802,robotics
2003,RoW_EU,19.07,0.062086,robotics
2003,RoW_EUR,12.07,0.039292,robotics
2003,US,92.2,0.300228,robotics
2004,CN,10.0,0.032971,robotics
2004,EU,69.94,0.2306,robotics
2004,EUR,81.11,0.267418,robotics
2004,JP,138.67,0.457197,robotics
2004,RoW_EU,23.0,0.075833,robotics
2004,RoW_EUR,11.83,0.039016,robotics
2004,US,61.69,0.203399,robotics
2005,CN,2.0,0.006144,robotics
2005,EU,93.5,0.28725,robotics
2005,EUR,108.0,0.331797,robotics
2005,JP,146.0,0.448541,robotics
2005,RoW_EU,25.5,0.078341,robotics
2005,RoW_EUR,11.0,0.033794,robotics
2005,US,58.5,0.179724,robotics
2006,CN,0.2,0.000675,robotics
2006,EU,101.4,0.342452,robotics
2006,EUR,117.9,0.398176,robotics
2006,JP,112.0,0.378251,robotics
2006,RoW_EU,28.5,0.096251,robotics
2006,RoW_EUR,12.0,0.040527,robotics
2006,US,54.0,0.182371,robotics
2007,CN,5.87,0.015159,robotics
2007,EU,114.5,0.295853,robotics
2007,EUR,128.02,0.3308,robotics
2007,JP,140.0,0.361742,robotics
2007,RoW_EU,42.48,0.109771,robotics
2007,RoW_EUR,28.96,0.074825,robotics
2007,US,84.17,0.217476,robotics
2008,CN,15.83,0.032756,robotics
2008,EU,122.33,0.253086,robotics
2008,EUR,140.43,0.290532,robotics
2008,JP,184.29,0.381254,robotics
2008,RoW_EU,68.3,0.141301,robotics
2008,RoW_EUR,50.2,0.103855,robotics
2008,US,92.61,0.191603,robotics
2009,CN,9.0,0.021388,robotics
2009,EU,116.35,0.276504,robotics
2009,EUR,128.05,0.304309,robotics
2009,JP,130.8,0.310845,robotics
2009,RoW_EU,56.86,0.13513,robotics
2009,RoW_EUR,45.16,0.107325,robotics
2009,US,107.78,0.256133,robotics
2010,CN,35.0,0.064849,robotics
2010,EU,113.55,0.210382,robotics
2010,EUR,126.3,0.234006,robotics
2010,JP,206.0,0.381684,robotics
2010,RoW_EU,70.74,0.131071,robotics
2010,RoW_EUR,57.99,0.107448,robotics
2010,US,114.43,0.212012,robotics
2011,CN,34.5,0.052702,robotics
2011,EU,121.26,0.185232,robotics
2011,EUR,130.51,0.199362,robotics
2011,JP,253.0,0.38648,robotics
2011,RoW_EU,78.78,0.120349,robotics
2011,RoW_EUR,69.53,0.106218,robotics
2011,US,167.08,0.255237,robotics
2012,CN,46.57,0.066707,robotics
2012,EU,105.22,0.150716,robotics
2012,EUR,114.56,0.164085,robotics
2012,JP,285.5,0.40894,robotics
2012,RoW_EU,90.63,0.129816,robotics
2012,RoW_EUR,81.3,0.116448,robotics
2012,US,170.22,0.24382,robotics
2013,CN,51.0,0.067126,robotics
2013,EU,119.67,0.157505,robotics
2013,EUR,129.08,0.169899,robotics
2013,JP,265.6,0.349581,robotics
2013,RoW_EU,85.07,0.111964,robotics
2013,RoW_EUR,75.65,0.09957,robotics
2013,US,238.43,0.313823,robotics
2014,CN,53.08,0.058573,robotics
2014,EU,157.83,0.174153,robotics
2014,EUR,168.33,0.185739,robotics
2014,JP,358.0,0.395023,robotics
2014,RoW_EU,93.89,0.103603,robotics
2014,RoW_EUR,83.39,0.092017,robotics
2014,US,243.47,0.268648,robotics
2015,CN,67.0,0.058668,robotics
2015,EU,210.49,0.184318,robotics
2015,EUR,226.26,0.198125,robotics
2015,JP,530.76,0.464761,robotics
2015,RoW_EU,100.22,0.087756,robotics
2015,RoW_EUR,84.45,0.073948,robotics
2015,US,233.54,0.204497,robotics
2016,CN,259.87,0.154004,robotics
2016,EU,276.88,0.164089,robotics
2016,EUR,319.65,0.189433,robotics
2016,JP,652.5,0.38669,robotics
2016,RoW_EU,178.72,0.105912,robotics
2016,RoW_EUR,135.95,0.080568,robotics
2016,US,319.43,0.189305,robotics
2017,CN,512.28,0.21722,robotics
2017,EU,303.36,0.128633,robotics
2017,EUR,356.33,0.151096,robotics
2017,JP,887.0,0.376113,robotics
2017,RoW_EU,246.31,0.104443,robotics
2017,RoW_EUR,193.33,0.081979,robotics
2017,US,409.39,0.173591,robotics
2018,CN,510.14,0.204942,robotics
2018,EU,308.61,0.123981,robotics
2018,EUR,344.71,0.138484,robotics
2018,JP,949.47,0.381439,robotics
2018,RoW_EU,256.54,0.10306,robotics
2018,RoW_EUR,220.43,0.088557,robotics
2018,US,464.42,0.186577,robotics
2019,CN,609.57,0.198926,robotics
2019,EU,337.57,0.110164,robotics
2019,EUR,387.91,0.12659,robotics
2019,JP,1015.53,0.331408,robotics
2019,RoW_EU,440.14,0.143634,robotics
2019,RoW_EUR,389.8,0.127208,robotics
2019,US,661.48,0.215868,robotics
2020,CN,795.0,0.24851,robotics
2020,EU,365.64,0.114295,robotics
2020,EUR,413.5,0.129255,robotics
2020,JP,951.62,0.297469,robotics
2020,RoW_EU,405.29,0.126691,robotics
2020,RoW_EUR,357.43,0.111731,robotics
2020,US,681.51,0.213035,robotics
2021,CN,751.24,0.216329,robotics
2021,EU,342.31,0.098571,robotics
2021,EUR,409.98,0.118059,robotics
2021,JP,1320.36,0.380214,robotics
2021,RoW_EU,417.83,0.120319,robotics
2021,RoW_EUR,350.16,0.100832,robotics
2021,US,640.94,0.184567,robotics
2022,CN,633.53,0.196567,robotics
2022,EU,358.27,0.111161,robotics
2022,EUR,418.83,0.12995,robotics
2022,JP,1133.32,0.351634,robotics
2022,RoW_EU,463.73,0.143882,robotics
2022,RoW_EUR,403.17,0.125093,robotics
2022,US,634.15,0.196756,robotics
2023,CN,682.11,0.209124,robotics
2023,EU,377.91,0.11586,robotics
2023,EUR,437.98,0.134276,robotics
2023,JP,1002.36,0.307304,robotics
2023,RoW_EU,534.32,0.163811,robotics
2023,RoW_EUR,474.25,0.145395,robotics
2023,US,665.08,0.203901,robotics
2024,CN,544.9,0.197877,robotics
2024,EU,315.05,0.114407,robotics
2024,EUR,385.75,0.140081,robotics
2024,JP,721.8,0.262117,robotics
2024,RoW_EU,499.22,0.181289,robotics
2024,RoW_EUR,428.52,0.155615,robotics
2024,US,672.77,0.244311,robotics
2025,CN,112.0,0.108391,robotics
2025,EU,155.09,0.150095,robotics
2025,EUR,181.4,0.175554,robotics
2025,JP,205.5,0.198879,robotics
2025,RoW_EU,201.28,0.194798,robotics
2025,RoW_EUR,174.98,0.169339,robotics
2025,US,359.42,0.347837,robotics
1980,EU,1.0,0.008403,semiconductors
1980,EUR,2.0,0.016807,semiconductors
1980,JP,24.0,0.201681,semiconductors
1980,RoW_EU,2.0,0.016807,semiconductors
1980,RoW_EUR,1.0,0.008403,semiconductors
1980,US,92.0,0.773109,semiconductors
1981,EU,4.25,0.045333,semiconductors
1981,EUR,7.25,0.077333,semiconductors
1981,JP,10.0,0.106667,semiconductors
1981,RoW_EU,4.0,0.042667,semiconductors
1981,RoW_EUR,1.0,0.010667,semiconductors
1981,US,75.5,0.805333,semiconductors
1982,EU,16.0,0.129032,semiconductors
1982,EUR,22.0,0.177419,semiconductors
1982,JP,22.0,0.177419,semiconductors
1982,RoW_EU,6.0,0.048387,semiconductors
1982,US,80.0,0.645161,semiconductors
1983,EU,6.0,0.039735,semiconductors
1983,EUR,12.0,0.07947,semiconductors
1983,JP,32.0,0.211921,semiconductors
1983,RoW_EU,7.0,0.046358,semiconductors
1983,RoW_EUR,1.0,0.006623,semiconductors
1983,US,106.0,0.701987,semiconductors
1984,EU,6.0,0.034384,semiconductors
1984,EUR,7.5,0.04298,semiconductors
1984,JP,28.0,0.160458,semiconductors
1984,RoW_EU,1.5,0.008596,semiconductors
1984,US,139.0,0.796562,semiconductors
1985,EU,26.5,0.094027,semiconductors
1985,EUR,29.83,0.105855,semiconductors
1985,JP,24.0,0.085157,semiconductors
1985,RoW_EU,4.67,0.016558,semiconductors
1985,RoW_EUR,1.33,0.004731,semiconductors
1985,US,226.67,0.804258,semiconductors
1986,EU,19.25,0.083333,semiconductors
1986,EUR,33.5,0.145022,semiconductors
1986,JP,26.0,0.112554,semiconductors
1986,RoW_EU,15.75,0.068182,semiconductors
1986,RoW_EUR,1.5,0.006494,semiconductors
1986,US,170.0,0.735931,semiconductors
1987,EU,26.83,0.09521,semiconductors
1987,EUR,38.83,0.137788,semiconductors
1987,JP,16.0,0.056771,semiconductors
1987,RoW_EU,13.0,0.046127,semiconductors
1987,RoW_EUR,1.0,0.003548,semiconductors
1987,US,226.0,0.801892,semiconductors
1988,EU,50.5,0.111213,semiconductors
1988,EUR,75.0,0.165168,semiconductors
1988,JP,78.37,0.172582,semiconductors
1988,RoW_EU,29.42,0.064783,semiconductors
1988,RoW_EUR,4.92,0.010828,semiconductors
1988,US,295.8,0.651422,semiconductors
1989,EU,50.25,0.109517,semiconductors
1989,EUR,75.25,0.164003,semiconductors
1989,JP,66.71,0.1454,semiconductors
1989,RoW_EU,31.42,0.068471,semiconductors
1989,RoW_EUR,6.42,0.013985,semiconductors
1989,US,310.45,0.676613,semiconductors
1990,EU,52.77,0.087379,semiconductors
1990,EUR,80.92,0.133994,semiconductors
1990,JP,117.0,0.193746,semiconductors
1990,RoW_EU,37.35,0.06185,semiconductors
1990,RoW_EUR,9.2,0.015235,semiconductors
1990,US,396.77,0.657025,semiconductors
1991,EU,66.77,0.101714,semiconductors
1991,EUR,95.52,0.145513,semiconductors
1991,JP,159.0,0.242225,semiconductors
1991,RoW_EU,41.0,0.062461,semiconductors
1991,RoW_EUR,12.25,0.018662,semiconductors
1991,US,389.65,0.5936,semiconductors
1992,CN,1.0,0.001424,semiconductors
1992,EU,74.17,0.105588,semiconductors
1992,EUR,92.67,0.131925,semiconductors
1992,JP,110.4,0.157172,semiconductors
1992,RoW_EU,34.08,0.048523,semiconductors
1992,RoW_EUR,15.58,0.022185,semiconductors
1992,US,482.77,0.687294,semiconductors
1993,EU,107.96,0.140533,semiconductors
1993,EUR,139.37,0.181429,semiconductors
1993,JP,93.2,0.121321,semiconductors
1993,RoW_EU,46.42,0.060422,semiconductors
1993,RoW_EUR,15.0,0.019526,semiconductors
1993,US,520.63,0.677724,semiconductors
1994,EU,97.22,0.107157,semiconductors
1994,EUR,117.68,0.129716,semiconductors
1994,JP,134.0,0.147703,semiconductors
1994,RoW_EU,43.56,0.048013,semiconductors
1994,RoW_EUR,23.09,0.025453,semiconductors
1994,US,632.45,0.697128,semiconductors
1995,CN,2.0,0.001657,semiconductors
1995,EU,184.15,0.152583,semiconductors
1995,EUR,228.6,0.189413,semiconductors
1995,JP,164.98,0.136694,semiconductors
1995,RoW_EU,86.95,0.072042,semiconductors
1995,RoW_EUR,42.5,0.035212,semiconductors
1995,US,768.83,0.637024,semiconductors
1996,EU,265.67,0.154498,semiconductors
1996,EUR,311.71,0.181272,semiconductors
1996,JP,326.8,0.190048,semiconductors
1996,RoW_EU,87.16,0.05069,semiconductors
1996,RoW_EUR,41.12,0.023915,semiconductors
1996,US,1039.93,0.604764,semiconductors
1997,CN,0.67,0.000322,semiconductors
1997,EU,398.68,0.192288,semiconductors
1997,EUR,439.51,0.211982,semiconductors
1997,JP,448.09,0.216121,semiconductors
1997,RoW_EU,81.33,0.039225,semiconductors
1997,RoW_EUR,40.49,0.01953,semiconductors
1997,US,1144.57,0.552045,semiconductors
1998,CN,3.18,0.001088,semiconductors
1998,EU,497.01,0.169886,semiconductors
1998,EUR,550.49,0.188167,semiconductors
1998,JP,681.27,0.232869,semiconductors
1998,RoW_EU,109.46,0.037415,semiconductors
1998,RoW_EUR,55.97,0.019133,semiconductors
1998,US,1634.62,0.558743,semiconductors
1999,CN,6.0,0.001667,semiconductors
1999,EU,583.32,0.162022,semiconductors
1999,EUR,659.84,0.183278,semiconductors
1999,JP,885.55,0.24597,semiconductors
1999,RoW_EU,186.75,0.051872,semiconductors
1999,RoW_EUR,110.22,0.030616,semiconductors
1999,US,1938.61,0.538469,semiconductors
2000,CN,7.5,0.00166,semiconductors
2000,EU,870.27,0.192603,semiconductors
2000,EUR,962.83,0.213087,semiconductors
2000,JP,1086.29,0.240409,semiconductors
2000,RoW_EU,208.01,0.046035,semiconductors
2000,RoW_EUR,115.45,0.025551,semiconductors
2000,US,2346.42,0.519293,semiconductors
2001,CN,8.83,0.001525,semiconductors
2001,EU,824.99,0.142473,semiconductors
2001,EUR,936.91,0.161801,semiconductors
2001,JP,1360.51,0.234955,semiconductors
2001,RoW_EU,287.89,0.049718,semiconductors
2001,RoW_EUR,175.97,0.03039,semiconductors
2001,US,3308.29,0.571329,semiconductors
2002,CN,23.35,0.003453,semiconductors
2002,EU,913.82,0.135142,semiconductors
2002,EUR,1090.19,0.161223,semiconductors
2002,JP,1835.3,0.271415,semiconductors
2002,RoW_EU,425.37,0.062907,semiconductors
2002,RoW_EUR,249.01,0.036825,semiconductors
2002,US,3564.13,0.527084,semiconductors
2003,CN,23.97,0.003456,semiconductors
2003,EU,919.2,0.132554,semiconductors
2003,EUR,1100.08,0.158637,semiconductors
2003,JP,2365.66,0.341141,semiconductors
2003,RoW_EU,433.24,0.062475,semiconductors
2003,RoW_EUR,252.36,0.036392,semiconductors
2003,US,3192.49,0.460374,semiconductors
2004,CN,34.9,0.004103,semiconductors
2004,EU,925.8,0.108848,semiconductors
2004,EUR,1086.38,0.127728,semiconductors
2004,JP,3084.2,0.362616,semiconductors
2004,RoW_EU,532.54,0.062612,semiconductors
2004,RoW_EUR,371.96,0.043732,semiconductors
2004,US,3927.97,0.46182,semiconductors
2005,CN,59.25,0.005848,semiconductors
2005,EU,1011.61,0.099847,semiconductors
2005,EUR,1242.58,0.122645,semiconductors
2005,JP,4139.7,0.408594,semiconductors
2005,RoW_EU,672.05,0.066332,semiconductors
2005,RoW_EUR,441.07,0.043535,semiconductors
2005,US,4248.96,0.419378,semiconductors
2006,CN,131.7,0.012066,semiconductors
2006,EU,1097.55,0.100553,semiconductors
2006,EUR,1309.81,0.119999,semiconductors
2006,JP,4270.89,0.391281,semiconductors
2006,RoW_EU,779.33,0.071398,semiconductors
2006,RoW_EUR,567.06,0.051952,semiconductors
2006,US,4635.7,0.424702,semiconductors
2007,CN,184.17,0.01598,semiconductors
2007,EU,1063.62,0.092288,semiconductors
2007,EUR,1279.61,0.11103,semiconductors
2007,JP,4530.65,0.393118,semiconductors
2007,RoW_EU,855.31,0.074214,semiconductors
2007,RoW_EUR,639.32,0.055472,semiconductors
2007,US,4891.17,0.4244,semiconductors
2008,CN,232.17,0.018703,semiconductors
2008,EU,1210.27,0.097496,semiconductors
2008,EUR,1466.46,0.118134,semiconductors
2008,JP,5259.7,0.423709,semiconductors
2008,RoW_EU,962.29,0.07752,semiconductors
2008,RoW_EUR,706.1,0.056882,semiconductors
2008,US,4749.04,0.382572,semiconductors
2009,CN,243.02,0.018505,semiconductors
2009,EU,1427.87,0.108728,semiconductors
2009,EUR,1725.79,0.131414,semiconductors
2009,JP,5706.42,0.434527,semiconductors
2009,RoW_EU,1124.97,0.085663,semiconductors
2009,RoW_EUR,827.05,0.062977,semiconductors
2009,US,4630.22,0.352577,semiconductors
2010,CN,743.53,0.048409,semiconductors
2010,EU,1401.18,0.091228,semiconductors
2010,EUR,1643.96,0.107035,semiconductors
2010,JP,7250.01,0.472031,semiconductors
2010,RoW_EU,1248.05,0.081257,semiconductors
2010,RoW_EUR,1005.27,0.065451,semiconductors
2010,US,4716.42,0.307075,semiconductors
2011,CN,1226.4,0.066348,semiconductors
2011,EU,1516.34,0.082034,semiconductors
2011,EUR,1760.85,0.095262,semiconductors
2011,JP,9174.07,0.49632,semiconductors
2011,RoW_EU,1229.8,0.066532,semiconductors
2011,RoW_EUR,985.29,0.053304,semiconductors
2011,US,5337.59,0.288765,semiconductors
2012,CN,1728.52,0.095062,semiconductors
2012,EU,1489.72,0.081929,semiconductors
2012,EUR,1747.67,0.096116,semiconductors
2012,JP,8964.32,0.493004,semiconductors
2012,RoW_EU,1461.06,0.080353,semiconductors
2012,RoW_EUR,1203.11,0.066166,semiconductors
2012,US,4539.43,0.249651,semiconductors
2013,CN,1791.42,0.098491,semiconductors
2013,EU,1562.3,0.085894,semiconductors
2013,EUR,1814.77,0.099775,semiconductors
2013,JP,8812.43,0.484502,semiconductors
2013,RoW_EU,1470.68,0.080857,semiconductors
2013,RoW_EUR,1218.21,0.066977,semiconductors
2013,US,4551.8,0.250255,semiconductors
2014,CN,2635.24,0.144321,semiconductors
2014,EU,1430.5,0.078342,semiconductors
2014,EUR,1654.95,0.090635,semiconductors
2014,JP,8092.58,0.443197,semiconductors
2014,RoW_EU,1413.75,0.077425,semiconductors
2014,RoW_EUR,1189.3,0.065133,semiconductors
2014,US,4687.48,0.256714,semiconductors
2015,CN,2965.66,0.157285,semiconductors
2015,EU,1325.97,0.070324,semiconductors
2015,EUR,1537.02,0.081517,semiconductors
2015,JP,8630.87,0.457743,semiconductors
2015,RoW_EU,1431.47,0.075919,semiconductors
2015,RoW_EUR,1220.42,0.064726,semiconductors
2015,US,4501.32,0.23873,semiconductors
2016,CN,3419.28,0.17622,semiconductors
2016,EU,1360.75,0.070129,semiconductors
2016,EUR,1593.69,0.082134,semiconductors
2016,JP,8122.29,0.418599,semiconductors
2016,RoW_EU,1502.38,0.077428,semiconductors
2016,RoW_EUR,1269.45,0.065424,semiconductors
2016,US,4998.82,0.257624,semiconductors
2017,CN,4889.14,0.221751,semiconductors
2017,EU,1363.08,0.061824,semiconductors
2017,EUR,1653.49,0.074995,semiconductors
2017,JP,8962.23,0.40649,semiconductors
2017,RoW_EU,1726.36,0.0783,semiconductors
2017,RoW_EUR,1435.94,0.065128,semiconductors
2017,US,5107.08,0.231636,semiconductors
2018,CN,6263.4,0.276993,semiconductors
2018,EU,1269.85,0.056158,semiconductors
2018,EUR,1490.44,0.065913,semiconductors
2018,JP,8895.75,0.393406,semiconductors
2018,RoW_EU,1671.73,0.073931,semiconductors
2018,RoW_EUR,1451.15,0.064176,semiconductors
2018,US,4511.42,0.199513,semiconductors
2019,CN,7942.21,0.319321,semiconductors
2019,EU,1186.16,0.04769,semiconductors
2019,EUR,1442.29,0.057988,semiconductors
2019,JP,8848.15,0.355745,semiconductors
2019,RoW_EU,2086.29,0.08388,semiconductors
2019,RoW_EUR,1830.16,0.073583,semiconductors
2019,US,4809.38,0.193364,semiconductors
2020,CN,7390.67,0.311915,semiconductors
2020,EU,1145.83,0.048358,semiconductors
2020,EUR,1358.79,0.057346,semiconductors
2020,JP,8714.0,0.367765,semiconductors
2020,RoW_EU,1934.03,0.081624,semiconductors
2020,RoW_EUR,1721.06,0.072636,semiconductors
2020,US,4509.96,0.190338,semiconductors
2021,CN,9918.67,0.38066,semiconductors
2021,EU,1158.4,0.044457,semiconductors
2021,EUR,1379.93,0.052959,semiconductors
2021,JP,8686.83,0.333384,semiconductors
2021,RoW_EU,1835.49,0.070442,semiconductors
2021,RoW_EUR,1613.95,0.061941,semiconductors
2021,US,4457.12,0.171056,semiconductors
2022,CN,7932.71,0.321562,semiconductors
2022,EU,1116.87,0.045274,semiconductors
2022,EUR,1318.63,0.053452,semiconductors
2022,JP,9181.62,0.372189,semiconductors
2022,RoW_EU,1833.65,0.07433,semiconductors
2022,RoW_EUR,1631.9,0.066151,semiconductors
2022,US,4604.42,0.186646,semiconductors
2023,CN,6633.58,0.296047,semiconductors
2023,EU,1067.13,0.047624,semiconductors
2023,EUR,1239.67,0.055325,semiconductors
2023,JP,8882.19,0.396399,semiconductors
2023,RoW_EU,1764.08,0.078728,semiconductors
2023,RoW_EUR,1591.53,0.071028,semiconductors
2023,US,4060.22,0.181202,semiconductors
2024,CN,5572.29,0.270334,semiconductors
2024,EU,1036.68,0.050294,semiconductors
2024,EUR,1194.62,0.057956,semiconductors
2024,JP,8105.16,0.393214,semiconductors
2024,RoW_EU,1782.51,0.086477,semiconductors
2024,RoW_EUR,1624.57,0.078814,semiconductors
2024,US,4115.96,0.199682,semiconductors
2025,CN,1834.25,0.205317,semiconductors
2025,EU,545.17,0.061023,semiconductors
2025,EUR,634.52,0.071025,semiconductors
2025,JP,3394.27,0.379939,semiconductors
2025,RoW_EU,734.59,0.082226,semiconductors
2025,RoW_EUR,645.23,0.072224,semiconductors
2025,US,2425.44,0.271493,semiconductors
