date,autres,c1105 - actuariat,d1407 - relation technico-commerciale,e1103 - communication,e1205 - designer ux/ui,"h1206 - management et ingénierie études, recherche et développement industriel",h1208 - intervention technique en études et conception en automatisme,j1102 - médecine généraliste et spécialisée,k1903 - juriste,k2108 - enseignement supérieur,k2111 - formation professionnelle,k2402 - biostatisticien,k2402 - recherche en sciences naturelles,m1201 - analyse et ingénierie financière,m1202 - audit et contrôle comptables et financiers,m1203 - comptabilité,m1204 - contrôle de gestion,m1205 - direction administrative et financière,m1402 - chef de projet agile,m1402 - chef de projet autre,m1402 - coach numérique/agile/scrum,m1402 - conseil générique,m1403 - autres,m1403 - chef de projet data,m1403 - data engineer,m1403 - data scientist,m1502 - développement des ressources humaines,m1703 - management et gestion de produit,m1704 - management relation clientèle,m1705 - marketing,m1707 - stratégie commerciale,m1801 - administration de systèmes d'information,"m1802 - architecte it, cloud, réseaux",m1802 - expert cybersécurité,m1803 - cto,m1803 - direction des systèmes d'information,m1804 - études et développement de réseaux de télécoms,m1805 - autres,m1805 - chef de projet ia,m1805 - chef de projet numérique,m1805 - développeur web/application,m1805 - expert aiops,m1805 - ingénieur ia/ml/cv/genai,m1805 - ingénieur logiciel,m1806 - conseil data,m1806 - conseil ia,m1806 - conseil numérique,m1806 - maîtrise d'ouvrage en systèmes d'information,n1301 - logisticien
2019-01-01,0.015151515151515152,0.007575757575757576,0.007575757575757576,0.007575757575757576,0.0,0.07196969696969698,0.007575757575757576,0.0,0.0,0.0,0.003787878787878788,0.0,0.04924242424242424,0.022727272727272728,0.0,0.0,0.007575757575757576,0.0,0.0,0.01893939393939394,0.003787878787878788,0.030303030303030304,0.041666666666666664,0.015151515151515152,0.06818181818181818,0.10606060606060606,0.007575757575757576,0.011363636363636364,0.003787878787878788,0.0,0.003787878787878788,0.003787878787878788,0.007575757575757576,0.003787878787878788,0.011363636363636364,0.0,0.0,0.011363636363636364,0.003787878787878788,0.01893939393939394,0.23106060606060605,0.003787878787878788,0.08712121212121213,0.01893939393939394,0.022727272727272728,0.003787878787878788,0.011363636363636364,0.04924242424242424,0.0
2019-02-01,0.014393939393939393,0.006060606060606061,0.006060606060606061,0.010606060606060605,0.0022727272727272726,0.06098484848484849,0.006060606060606061,0.0,0.0022727272727272726,0.0,0.004166666666666667,0.0,0.03598484848484848,0.013636363636363637,0.0,0.0,0.010606060606060605,0.0022727272727272726,0.0,0.023106060606060606,0.008712121212121213,0.02196969696969697,0.05492424242424242,0.01893939393939394,0.05454545454545454,0.10075757575757577,0.012878787878787878,0.005681818181818182,0.008712121212121213,0.0022727272727272726,0.01553030303030303,0.006439393939393939,0.024242424242424242,0.004166666666666667,0.005681818181818182,0.0022727272727272726,0.0,0.007954545454545454,0.013257575757575758,0.014015151515151515,0.2109848484848485,0.001893939393939394,0.11174242424242424,0.011742424242424242,0.01818181818181818,0.001893939393939394,0.0125,0.04962121212121212,0.0
2019-03-01,0.01654764537976217,0.005083156907974426,0.005778325486354683,0.0077658756490873275,0.0018627358043416438,0.054212352934980675,0.00404040404040404,0.0,0.002210320093531772,0.002780674313521029,0.004168114934538292,0.0024330900243309003,0.03650293340074362,0.012914336272000506,0.0013903371567605145,0.0,0.010546549962608356,0.003948241539482415,0.0010427528675703858,0.025136400501364006,0.0068508336756511945,0.024378824743788247,0.06233739901623112,0.024444128458727,0.05443801940152305,0.11340042763400428,0.011714117188569744,0.006568553101399817,0.0068508336756511945,0.003600657250292287,0.013134209667056381,0.006726019317260193,0.02172296478865822,0.0034729463561580347,0.0051782159446393024,0.0025579043827219008,0.0003475842891901286,0.00599819888141056,0.012314226730285123,0.015252367259666529,0.19974589481888752,0.004043300576147292,0.10682028838963147,0.013737215744515014,0.018377729326634437,0.0023053791301966484,0.013547097671185263,0.04107524673218104,0.0006951685783802572
2019-04-01,0.017244266766038727,0.005112182799069283,0.004530212169275849,0.007794901540182184,0.0018627358043416438,0.04043956761047121,0.0015151515151515152,0.0,0.002210320093531772,0.006612091938042102,0.0035440582759988753,0.003071659628417746,0.03605303208877334,0.007892857112590312,0.00202890676084736,0.0006385696040868454,0.008659867041442676,0.005225380747656106,0.002319892075744077,0.025847534833187993,0.006226777017111777,0.020024941079559756,0.07207558547855553,0.03152644588587201,0.06874778371128736,0.11061394208889803,0.011743143079664599,0.007889231146215793,0.007503916225285468,0.006154935666639668,0.014425861820777501,0.008017671470981312,0.024944838700187304,0.003487459301705463,0.002667476364934205,0.0031964739868087463,0.0003475842891901286,0.0028488896976186177,0.014883018092179933,0.017240640799664208,0.18402837479102266,0.005973522333955257,0.1026840989086144,0.014448350076339002,0.021657655020353234,0.0016813224716572314,0.012952066903740704,0.035516788587515995,0.003888016598814484
2019-05-01,0.019616235480419894,0.007055742913835623,0.0034473996078640654,0.004114124902207103,0.0003475842891901286,0.03414903583355811,0.00043233895373973193,0.0,0.0011275075321199892,0.007044430891781833,0.00202890676084736,0.0035039985821574775,0.03755639254155014,0.008539400366137456,0.00202890676084736,0.0006385696040868454,0.004114412495988131,0.004574907139984055,0.0027522310294838086,0.02713276063203247,0.002546000379136695,0.022829248747680653,0.07701800579062563,0.04772933076579969,0.07932240148434871,0.12332667250590862,0.006979553880277736,0.015238993359791236,0.004255478541050118,0.008098495781406008,0.0066319695910876065,0.007149063209376941,0.014334847740001792,0.0019723077865539482,0.003099815318673937,0.0029783393328764274,0.0016446011504093246,0.00306309399742603,0.010333633192600482,0.018966066260498227,0.17529905827960499,0.009864572917612844,0.08446690753967205,0.01595957123736561,0.03872914816188528,0.002113661425396963,0.009271290265765621,0.03268496844052075,0.0038880165988144848
2019-06-01,0.022943551165046105,0.0060129900462652375,0.0021989544223147933,0.003908432584228217,0.0,0.033319631325578726,0.00043233895373973193,0.000978952520802741,0.00043233895373973193,0.006711137880267657,0.0016175221248895864,0.0010709085578265774,0.04021712220314799,0.006184401966250153,0.0006385696040868454,0.0006385696040868454,0.0016175221248895864,0.004099722157258637,0.0021989544223147933,0.02229516313872257,0.00199272377196768,0.0189706037751735,0.08409167783744793,0.043743085099757245,0.08474287894572781,0.12653506434415993,0.006788152839974801,0.013926747827474316,0.006149583235887955,0.011397228910680313,0.007767105360777542,0.006673878226651524,0.013668261716973438,0.0022560917289764317,0.0021989544223147933,0.004872444027714265,0.0017864931216205664,0.008241640543862219,0.010773600383910162,0.019420324729483858,0.1695626415010325,0.01051023242690141,0.07808381044626272,0.014455924664745759,0.04324110868529312,0.0020498610786293184,0.006015430969519175,0.03937481760118891,0.0031928480204342275
2019-07-01,0.022943551165046105,0.004503643709332694,0.0035341454126781974,0.0013541541678808342,0.0,0.03982143093082661,0.00043233895373973193,0.00150141856051016,0.001999737072861989,0.004447118374868842,0.0020238846002175793,0.00043233895373973193,0.03992686329219943,0.005197521669025029,0.000522466039707419,0.000522466039707419,0.002546350639924998,0.003345048988792365,0.0024892133332633597,0.021018023930548885,0.0013541541678808342,0.021582933973710593,0.0834531082333611,0.04467191361479266,0.07121681369552463,0.14830448266530238,0.006846204622164513,0.012997919312438905,0.006846204622164513,0.015635009010529378,0.008347623182674674,0.004642065850011561,0.013668261716973438,0.00150141856051016,0.0009218152141411024,0.006323738582457095,0.0017864931216205664,0.011782799257434728,0.009032046918218765,0.017388512352843898,0.15893916536031497,0.009929714605004277,0.08557249034873572,0.014223717535986904,0.03865501789230578,0.0019337575142498922,0.004912447107914623,0.036356124927323825,0.0026123301985370947
2019-08-01,0.024590027773458086,0.004997501249375312,0.005736852572245449,0.0004894762604013705,0.003952569169960474,0.0432792881359347,0.0013175230566534913,0.00150141856051016,0.0015673981191222572,0.004673540949455855,0.0033414076568710704,0.0,0.03875288360358601,0.00435334995697986,0.000522466039707419,0.000522466039707419,0.002546350639924998,0.0031391326096396467,0.0020568743795236276,0.017888265852389517,0.004442045430361845,0.02016202551507586,0.07884006868545436,0.038679832423929535,0.07006248577753574,0.16174458492286362,0.009501756930905792,0.008283203212170446,0.008842995402579048,0.01876391266387898,0.0116619370197427,0.0037978941379663927,0.015253219739082535,0.005453987730470633,0.0011482377887281163,0.0050267217212379,0.0011482377887281163,0.012029728027456034,0.007981958827020878,0.016585353031667322,0.14882790216158773,0.013285040832940893,0.08007426669791523,0.013173629444789017,0.028237016186873853,0.0034777031454903966,0.007341576842068888,0.0383315550874943,0.0026123301985370947
2019-09-01,0.02466299317873531,0.006032697936745913,0.006282572999214679,0.0005175983436853001,0.004470167513645774,0.041940068926575674,0.0018351214003387913,0.001040064383392719,0.0015673981191222572,0.0053317497095608036,0.0028800534797536297,0.0,0.04480065162224082,0.00650810958157285,0.0031104577581339203,0.001040064383392719,0.003637791493863458,0.002216424255404765,0.0015673981191222572,0.019204683372599413,0.005505364201016376,0.025675473951336025,0.06467869961123335,0.04637616256806661,0.06571876399462606,0.1552681451482051,0.00863529274323877,0.010437962836763437,0.007976531214912022,0.016485263861575703,0.013957307060755339,0.004427980814787412,0.014499243884551231,0.005510231897038493,0.0006587615283267456,0.002607462502514976,0.0006587615283267456,0.00926160296475139,0.006654140462236414,0.020056530176470206,0.14361163574057126,0.015552288790669602,0.0820823354556488,0.012909129850659085,0.025750111957008503,0.0030163489683729563,0.005901270144148706,0.04435120102286519,0.0031299285422223947
2019-10-01,0.027745888817008887,0.005815580426867498,0.005049933749904956,0.0010694747233762495,0.004746105703491249,0.03874212695836652,0.0034907505394116394,0.0005175983436853001,0.0008278145695364238,0.0037643515904385466,0.002386997780029741,0.0,0.04044013621468271,0.005768526031987017,0.003967682667653874,0.0005175983436853001,0.003174146134123099,0.0022458345953882955,0.0,0.023115393580409416,0.006609116960398274,0.025594163011381555,0.06707650732989058,0.04462797735904559,0.06787004386342135,0.155843376797883,0.009058282633001895,0.007913863658176932,0.005916077396065878,0.013556340003215905,0.013581892720965568,0.005285205724307365,0.012615252105606267,0.00829902413547677,0.0020384524775541187,0.0010694747233762495,0.0023143906673995934,0.005633751026782988,0.005943967252634112,0.018477886927354248,0.13735847845407304,0.015975278680432727,0.09356361317921928,0.01053208237199023,0.028034603365729188,0.004701388447429334,0.0057429733142373525,0.05003518172968216,0.001345412913221724
2019-11-01,0.028303050308628522,0.004074177647177892,0.0024148876365979737,0.0027278495160794,0.0007935365335307747,0.04093909119296865,0.003831602275461299,0.0005175983436853001,0.0008278145695364238,0.003934777458463376,0.0018986621197278248,0.0,0.04746037100909012,0.007214960963172111,0.004244078466437733,0.001070389941253017,0.004556125128042391,0.002416260463413125,0.0,0.023055307537195535,0.0034857351867893754,0.03237951600049833,0.0564576647837281,0.03734445644801009,0.08046844841510299,0.14071371111662745,0.00704048405452843,0.008042775532708534,0.0031750613519998666,0.012220244896841759,0.013669290602003942,0.005073265862789308,0.01436102477934779,0.00545203816065173,0.0013796909492273732,0.0038334327112148348,0.0019320249378567062,0.006421424429641336,0.00839001544819561,0.019224046336719366,0.14093195931502955,0.012598443051812541,0.11134908197052844,0.012148943171200154,0.022363573359851684,0.005489061850287681,0.005213123660442208,0.045557132799978466,0.003003787705924875
2019-12-01,0.028863008610292746,0.005377250640243769,0.003198345145122411,0.0029896743992062595,0.0005357459321161942,0.04150308377634515,0.004613042643129597,0.0,0.0021268532808900223,0.001088995138622295,0.0016408715183132444,0.0,0.04260672668104815,0.007229080949165085,0.00295512545936483,0.0008125993398384367,0.0050838091760083874,0.0016408715183132444,0.0,0.0243785519388228,0.0027123633825456334,0.028007161480731155,0.056530281854549114,0.032988239055092024,0.08340096779175805,0.14841555833353784,0.008087783587035866,0.008316703260972228,0.0024037066886122647,0.012232347741978592,0.011095418869570417,0.004044120597987126,0.019573316751611298,0.007014918895988327,0.0018993064337688124,0.004614873078883133,0.002191832680127426,0.004614873078883132,0.009699139863829904,0.015365255878925213,0.145276477290982,0.010022554178522875,0.11431589274173787,0.009567002875342071,0.021876232129008466,0.005231271248873102,0.006254371770381227,0.045118202949682586,0.002486189362239575
2020-01-01,0.02881028802533758,0.0065906689753817685,0.0042681336815043455,0.004274907633722291,0.0012804241946079312,0.042678989387572745,0.0033656600849916334,0.0,0.0015031620018210407,0.0017013650100246222,0.001088995138622295,0.0,0.04109117883982093,0.007421882831965872,0.0023919276720072258,0.0020373390826430907,0.0056130427403660275,0.002313734881426949,0.0008164931618697694,0.02533512639853819,0.003241596946903274,0.02911868714686927,0.045024352140551525,0.03371804740900667,0.08019227808754757,0.13841098245712571,0.007297819693877511,0.011968279674052881,0.002872446761258527,0.015309404960034986,0.01262262607093196,0.005318032424836503,0.020405017774525826,0.0053366469415821694,0.0007237387750088816,0.004879489861061953,0.0025774364457290017,0.005287736441996837,0.012810161304886263,0.01700212865604286,0.15167712805225375,0.010661453318636618,0.10677566625951214,0.007397348032956343,0.02495717580044297,0.00526912192525117,0.0071805305080070965,0.047518848303714833,0.0018624980831705932
2020-02-01,0.02904595181166908,0.004964297906748326,0.0060225196464166264,0.0034937258234752806,0.002157617177064072,0.04448429036805047,0.0028768759355633365,0.0,0.0015031620018210407,0.0032113589002227545,0.0002598077422707197,0.00029239766081871346,0.038154109799059824,0.006704708469858281,0.003577520177316935,0.0020693428067128003,0.006570245032996444,0.0020693428067128003,0.0008164931618697694,0.029259946741268982,0.0027048072113704112,0.020790445315092478,0.05393157043504398,0.04192845734761771,0.06500505630173976,0.14089127107252822,0.006240242084846641,0.013005491276857573,0.002904450485328237,0.015905837999515945,0.011432669421430926,0.005382039872975922,0.018141481653959072,0.005985449711359016,0.0007237387750088816,0.0038699178381356486,0.0025934383077638565,0.0034009714366143927,0.01189660045416909,0.019905739258003815,0.1553546468908095,0.011470274708762012,0.10672475124394669,0.006728179256953317,0.0282011896493272,0.0030899592590500117,0.00763294678917436,0.04642053868223161,0.00020412329046744235
2020-03-01,0.02383203233430455,0.004841919331091842,0.00673631242741301,0.0052467495735545435,0.004113700539573346,0.04804437195705732,0.002210948968432594,0.00031655587211142766,0.0011537909068017253,0.0048508863906206005,0.0,0.0009255094050415689,0.036664348025241586,0.0037005118222910613,0.0032281490822976193,0.001809535064442081,0.008087393947737805,0.003392314424999219,0.0014496049060926247,0.032804977739318085,0.0031916074730039636,0.02548820354190587,0.06624788845847207,0.03772095361642817,0.07172798257086853,0.1282154659831092,0.0034391050497094336,0.010691154503353915,0.005404082239311772,0.020385486022941574,0.010327808006532272,0.007621863884688738,0.012587073397550294,0.004970151649208957,0.001470346778913153,0.004786770231562044,0.007081968647164552,0.0036847120858179328,0.014014045890225419,0.020894390372228667,0.14339263458238688,0.014367143371630503,0.10176521142686812,0.014032897222448973,0.02768774243976845,0.002830151516779292,0.006707212079772898,0.03470254333212402,0.0011537909068017255
2020-04-01,0.020795670923142457,0.006029965220820004,0.005722067961538183,0.004486066224148423,0.0030930840872361344,0.04447056644634371,0.001802702387497709,0.00031655587211142766,0.0016672851262015235,0.009261839088288959,0.00035880875493362035,0.0012843181599751891,0.035477840201211246,0.006267982919290053,0.00277046467536147,0.0005847953216374269,0.00824845139866637,0.0028851921920618057,0.0006331117442228553,0.032237211773152454,0.0026350474140652857,0.028656838603080232,0.07210198622803511,0.03644194212685768,0.07008532840559985,0.12995348022164255,0.0029877926292356696,0.010766080275204717,0.00581870080670904,0.01954504298092008,0.011423350230720289,0.009273966167815431,0.015786030325338766,0.004772400345203901,0.0019838409983129516,0.007199555864094858,0.007552397027025472,0.004971633627548621,0.01598189108874685,0.02281916973121123,0.13741702962269628,0.020021951771490673,0.0815776596956763,0.017528481106245036,0.03148149134526991,0.0013024128315046672,0.005643529787896807,0.03349208562794195,0.0023849026360687644
2020-05-01,0.016558399701858302,0.007151654540820802,0.005674166638264128,0.004746529669451101,0.002784719318659402,0.04142384269726681,0.0006331117442228553,0.00031655587211142766,0.0028049415539603407,0.014886252796050969,0.0014964651826924371,0.0009919204991564758,0.03202195931583512,0.009909481432353144,0.001308476371267903,0.0,0.006478098325996071,0.0040068815120626045,0.0006331117442228553,0.03477797779514714,0.002342649753246573,0.03052798404347303,0.06782180340465128,0.02739857147040996,0.07521476177286328,0.13127575633285346,0.003248256074538346,0.010377879967837894,0.0052339054850716145,0.018816543689460487,0.013602860439689812,0.01037968838005821,0.027619653062500218,0.006999811877447478,0.00255266921219236,0.0071516545408208025,0.008966484007844984,0.005232097072851299,0.018730229511595784,0.02943753589690989,0.13997775452938852,0.021031871337185343,0.06201296297092928,0.019723958422972577,0.02498487437622614,0.0007176175098672402,0.004702468374408593,0.029515277851960477,0.005797871919345215
2020-06-01,0.02132611875529164,0.007028908386328615,0.004711578374088562,0.0022140826925596785,0.0005688282138794084,0.04004133337824955,0.0005232862375719519,0.0,0.003425132650341913,0.022406069839677537,0.002543037657836341,0.00035880875493362035,0.0270862718404651,0.011369514638418095,0.002975239942793379,0.0010465724751439038,0.002886158226119462,0.002947388389077418,0.0,0.03154781583482645,0.0015997125023728138,0.027187996576501436,0.055637632490321644,0.02880692208510979,0.06786291315117339,0.1414313855361017,0.005548131390286678,0.011934818032712466,0.002481807494878385,0.013835633946645979,0.01682656207608986,0.009720735340152789,0.028007272497738697,0.006463604992034244,0.0012864457237466492,0.007028908386328616,0.005264718401317473,0.0041726039498661115,0.014808812891766466,0.03764860760004508,0.1564968027944685,0.022866603330647495,0.06431283828667761,0.01870968756743188,0.025553382881242582,0.0007176175098672402,0.005115929105329642,0.0277709903933873,0.005894776778154836
2020-07-01,0.032086828841370214,0.004212170846051445,0.005339049624981144,0.0027878214442604676,0.0022189932303810587,0.042532123361445934,0.001348368745822777,0.0,0.0027075151404746724,0.019445453541233913,0.0021842289029027208,0.0,0.023837898025688573,0.01396954590096308,0.0030289724419851716,0.002284196237520141,0.0019171969597021853,0.0030548533874610023,0.0,0.026864207000315443,0.0021734512540736027,0.01916764394920426,0.06271833248712434,0.0353693921103685,0.06850415057954486,0.14387865663565516,0.0045791701238694004,0.016866218061843474,0.0018716549833947289,0.013511462670530211,0.01556984329333968,0.0062401127892001695,0.034139882529463074,0.006678534988801413,0.0005688282138794084,0.005449794608427684,0.0027530571167821293,0.002073483919456181,0.011238044081839189,0.03352141877782594,0.16362590644756794,0.018075529497752898,0.07745687335756898,0.01626907752149725,0.01507510146860186,0.0,0.004146967838912364,0.022960821540118765,0.005697165520796591
2020-08-01,0.033733274781137544,0.0029567461953920204,0.005887864938236919,0.0030033449894380517,0.0030033449894380504,0.03901908957505132,0.001348368745822777,0.0,0.002020918703694656,0.013286098510837396,0.0010465724751439038,0.0,0.026130914600988653,0.011438683699020596,0.003931092423942771,0.002284196237520141,0.004054728691695577,0.0017994287368015775,0.0,0.021331409704828042,0.0021734512540736027,0.018774313479255168,0.06504906568283049,0.041486412158676565,0.06455776052195389,0.14910664206010568,0.003892573687089384,0.024278688562058226,0.0036758949473099296,0.011549428682467137,0.014392161064333596,0.005769039897597737,0.02497859240552165,0.003598857473603155,0.0009021199819576005,0.005547549930704659,0.0014976324661227045,0.0013868874826761645,0.007236233684059696,0.025164493313565132,0.16540089678749478,0.017348907259725616,0.0850625453214965,0.01701340347930698,0.02091886845070263,0.0,0.004126954938288731,0.03339293085366088,0.0054416161743717426
2020-09-01,0.03212975700511303,0.0020071118225770544,0.0057473944473621155,0.004432733211279103,0.0038609779225426822,0.03632546693533704,0.0008250825082508251,0.0002858776443682104,0.00045105999097880023,0.005010456812015105,0.0011435105774728416,0.001429388221841052,0.02447892777379967,0.011632559903678473,0.0013146612360830125,0.0012376237623762376,0.0043890753872282565,0.0021337754323342566,0.0,0.020629057250454025,0.0022219203052380714,0.01812043007604562,0.06422105272543749,0.05512641097387753,0.06540148104222428,0.1441318325030859,0.0018478977879660453,0.0288576675345682,0.006631609493320971,0.012935284515762322,0.014353565338406335,0.005202221271479919,0.029940387124728764,0.0048393061534049335,0.004332651714376125,0.006884936712835378,0.0004510599909788008,0.0020071118225770544,0.008573620466190415,0.015706745311342737,0.1658241034101623,0.018647698315929075,0.07567301302091299,0.01659692866930117,0.02164590421816966,0.0005717552887364203,0.00450977068498588,0.038311193184322134,0.006967942498541733
2020-10-01,0.02304520980693771,0.002467170917491781,0.006084339136595437,0.0030007182820374883,0.004610463865901415,0.03427356017398027,0.0006544502617801045,0.0005040277316282453,0.00045105999097880023,0.005129251413988391,0.0011435105774728416,0.001429388221841052,0.030677846094951156,0.011988943709598332,0.0019928704182577742,0.0,0.004436593228017572,0.002399443360383606,0.0,0.023337574175444954,0.001662505725036596,0.021217729334767305,0.05311267749000818,0.05546983536867303,0.07099994664794715,0.14128724176128918,0.0025498658905354645,0.028142740020874423,0.010169528730270843,0.009777508005126966,0.013718554193312768,0.005904189374049338,0.021585886753225644,0.004934341834983563,0.005423402150676301,0.006979972394414006,0.0004510599909788008,0.003557921353791956,0.01070328369429333,0.018343985475149694,0.16881772737988912,0.0189090464402703,0.06841574279127222,0.017441450294238534,0.02803921370618653,0.0014443556377765597,0.004339138438515159,0.04106290814639426,0.007911819608765844
2020-11-01,0.02754057120351697,0.003817912728314783,0.007657868010530265,0.0034493401109028897,0.0037077343434154656,0.039438501840951705,0.003357152964482807,0.0007292529568534706,0.0006756756756756757,0.004451137576199317,0.0011435105774728416,0.0016546134470662773,0.030663217122270766,0.013336028277251236,0.0022168765624263,0.0,0.0024059089578204462,0.002173608594630031,0.0,0.020173449292781507,0.002338181400712272,0.019858453956547405,0.05308646724728914,0.05116922217090151,0.07750222023411789,0.12319912658251096,0.002098805899556664,0.0252001831202661,0.011518441919508798,0.010674142122329417,0.010108855184425667,0.009054904365089093,0.018423590492147243,0.006960149780953891,0.004746507393943925,0.0063018585566249315,0.00045045045045045105,0.004683437939389732,0.01024978554120113,0.0178856109978307,0.17054333661564716,0.030163602755719717,0.07513531757579965,0.016757850591694313,0.024424638373072627,0.0018948060882270103,0.002534288934071609,0.03856287766936784,0.005880525798040368
2020-12-01,0.03159349337939396,0.005749432901149445,0.007458492088812214,0.002942461114154088,0.0031576044853415847,0.04799109594322206,0.004894668339636559,0.0007508783875160105,0.0015981849007679265,0.00822767619921848,0.0018450184501845018,0.0008402313752867259,0.04082294993743768,0.012894025572490054,0.0028318827124878005,0.0009225092250922509,0.002778288324838816,0.0016234787365561499,0.0,0.020714085059345005,0.0017664261119758509,0.013369769858728725,0.05506387552909065,0.04422429423105608,0.08011151305088826,0.11477944976138597,0.002449559835912494,0.027629088198339178,0.009976179498599852,0.011284401226635729,0.00562131459718446,0.009557036316082701,0.011428027397579763,0.008363165526377211,0.001930981811586901,0.0031788298992371563,0.00045045045045045105,0.005692448887132144,0.010201787634120859,0.01585809501083549,0.15428734215175746,0.029010598086736495,0.09962532662683354,0.015475093338735849,0.020768358242518322,0.0025530630996135908,0.0026424160873843084,0.03914201725150123,0.003922633148787976
2021-01-01,0.03419203986482195,0.005189821597492717,0.005684819219718654,0.006793168616878404,0.0013839316162480237,0.05395652785991126,0.0051791852140066885,0.0008457173456393871,0.0019111739461513382,0.010428021961985891,0.0034099636771015595,0.0008402313752867259,0.04960528326257758,0.007914468181606064,0.0017411322761876262,0.0015484873158590738,0.0037836222480991458,0.002410662572556445,0.0,0.02547508269144359,0.002240620902592734,0.008551418213078208,0.05719744483322261,0.0359438085244956,0.07872600395208368,0.10734227288980162,0.0015484873158590734,0.032427980446534575,0.010621002479533742,0.011796490633349426,0.0027568912917907257,0.009594930932179516,0.010763949854953441,0.00818291005521399,0.0017791985114369612,0.0033115634734573463,0.00045045045045045105,0.004355076192558652,0.010505149398658051,0.015668212258826055,0.15095671265049157,0.030471077074683956,0.10544819285269365,0.01633806640692977,0.01380640034036427,0.0019934517959568627,0.002613943916371027,0.04026083018728931,0.0020541213215710384
2021-02-01,0.03540539421133556,0.004548449154553693,0.0030164197497526035,0.005281474154792296,0.0023840178643760473,0.054341312121980116,0.0033468045304510703,0.0006204921204141619,0.001525605610191357,0.013363398591879494,0.004280285696248644,0.004096294226649838,0.051559195399257345,0.0037000710168172547,0.0029358648677870586,0.0018385946555747688,0.004848590610717639,0.0024755446870469147,0.0,0.025451952511655444,0.003595696604926922,0.007238094445446347,0.05697515988508908,0.03896268902379385,0.07639240403362736,0.1075010478527541,0.001838594655574768,0.03324831775512254,0.011819459422116008,0.0118039393353151,0.005627385807193856,0.007541049374381509,0.012382278366232341,0.00641541148614884,0.0018440806259274309,0.004216188725341084,0.0,0.005099358333707634,0.013054957692591672,0.01519463162858746,0.15406125322239506,0.01860647095420316,0.09732361919287195,0.018120462379926264,0.017715008687614914,0.0015430013455064121,0.0021634934659205767,0.0437681887207575,0.0009279951954449121
2021-03-01,0.03470847190912338,0.002161768085884463,0.004539806176182691,0.005047314611338318,0.003109039311802705,0.04760434361651809,0.0033580759389834312,0.0010013387270216838,0.0006030963850991064,0.014810583946541509,0.003639879188931119,0.0036533754969979054,0.04687600453017777,0.003403839350318865,0.002837120978954262,0.001088172850892086,0.004651102833052046,0.003544740975292709,0.0,0.025336222133907682,0.004456133706974763,0.01082652991679125,0.06194013596747769,0.03576907035554728,0.07506063155224742,0.11388209385216609,0.003669484157035606,0.029640038254671364,0.01434997001374748,0.009944791936406933,0.007494947074443081,0.008768204134313206,0.014359854930846724,0.004446248789875518,0.001401161896275498,0.005629559854406015,0.0005162622612287048,0.004839798432997629,0.011909560332577803,0.017183479601734202,0.1732585257320329,0.015601926195281127,0.07685331252800871,0.016788848650779165,0.01967845630350563,0.0006571638862025471,0.001314327772405097,0.04730010839720775,0.00048507646579297963
2021-04-01,0.03352642620662886,0.0025698895506867376,0.007339103008797876,0.001519289903993232,0.00464639275159294,0.043056946258389385,0.0035007745681117255,0.0012291825642775367,0.0002901073397156948,0.013854012234555754,0.00315659972729259,0.0036533754969979054,0.03554559795757709,0.0023797270060410716,0.004279341999325634,0.001183305270310949,0.004756222463762213,0.002568194840724347,0.0,0.026565326221808683,0.0043334095004290765,0.01702350988566162,0.06393029941072959,0.03304967121326253,0.06976690174355328,0.12410696691724969,0.004305449459093734,0.024436701171901925,0.013308253093634169,0.008978233013129874,0.012097020182522478,0.009727145693046049,0.016923690561661844,0.00522491272106194,0.0010030276427645279,0.005734679485116182,0.0014176503989608124,0.006377151872787865,0.007490134698791916,0.017280981867900152,0.18092667270654264,0.016553250389469757,0.07081088042200208,0.017369630378583644,0.020704938494530513,0.0014258406060976645,0.0023108483295560672,0.04722969009386568,0.0005326426755024111
2021-05-01,0.03339748961119967,0.0024527570097686636,0.007743618876852155,0.0022724793822222426,0.004586918476940739,0.03944581358217869,0.00384763216990013,0.0015769481702591053,0.0005216484089723526,0.013965696750314846,0.0024601605111362894,0.00034597022340035233,0.03147501515962573,0.004350096105205571,0.00213236608459086,0.0012409635365768226,0.00614546887930216,0.003147501515962573,0.0,0.031718704020107354,0.004389251758308624,0.02304811770730054,0.06704021377231412,0.033845990890666804,0.07229024539635429,0.1353739369481173,0.007840763785175292,0.024949269538942647,0.011912650648742078,0.007351089498981125,0.0121510464320157,0.009086548734769297,0.017787656551456785,0.0052816629831346495,0.0012345687120211858,0.004573342122060239,0.0015915332019515963,0.0063167695939425,0.007659477480816882,0.02017388322731863,0.17257439613572945,0.019330835216356486,0.05878572688984307,0.015797421118121283,0.01872548935343438,0.0021213718180608013,0.00491909037441783,0.03979222774766456,0.0012281738874655478
2021-06-01,0.031662354018672255,0.004031017329547023,0.008390135152424013,0.003142424076557905,0.004687698955191647,0.03922808971878757,0.0027238347614796364,0.0008885984886208329,0.001938279659857747,0.010715050947108699,0.0019638641937120105,0.002582155929495955,0.03215766028589131,0.0062012243236444055,0.0030327350742475503,0.0017771917416099516,0.007521217483349923,0.002620780903217266,0.0,0.03618822315461221,0.0042371302817034795,0.025737815565525225,0.06333700657620767,0.03160505138842729,0.07534693631688887,0.13206909786887056,0.008487280060747148,0.027334724443957042,0.008338746707749999,0.00898924765017276,0.014861660993273592,0.006767646975769648,0.01790745221428333,0.005402409405189982,0.0013458075417886965,0.005969056669912427,0.0015002603159885105,0.004707134219614331,0.007972277267086207,0.020444849607521545,0.1654370466052619,0.02071514065346329,0.05870586311462537,0.01749547710072619,0.015525233789353684,0.002343849477595823,0.006072361318930571,0.03727651882830701,0.002614380843029914
2021-07-01,0.032182145958202193,0.005749923086136449,0.00821821525140882,0.003143817030979776,0.003473262639491577,0.03804151249152493,0.0021843948332622436,0.0004833220652468524,0.0024805054969188832,0.009594235831236518,0.0012888678062293333,0.003124381766557091,0.03629275545730278,0.008100407707780253,0.004166086779916574,0.0020049764462812536,0.006351502335930991,0.0037527396544644177,0.0,0.0309377380582348,0.004421586772515516,0.026619555714569882,0.06519550102854674,0.03699930404381997,0.07951128353115965,0.12356496449656384,0.008987570638370891,0.023156154431905055,0.008846002057483099,0.009943714682717235,0.013564747113120605,0.006277107079099006,0.0181980664947201,0.0038721390026782063,0.001482756955475852,0.004934897981758778,0.0007344286375216871,0.003221584985383693,0.009646461855394495,0.018519053462588888,0.16875279132305043,0.020552971433401197,0.05803907782689268,0.018006911313724904,0.016894727926225237,0.001397740171582578,0.006347653100726754,0.037131065061307374,0.0036093901805899103
2021-08-01,0.03111577831421508,0.006635982160147814,0.008434213924758904,0.00313940415485757,0.0037147321241435168,0.032543843032049616,0.0009672152123267538,0.0004323804426431409,0.002552505054702244,0.006756756484658053,0.00200545695337212,0.0036925589220109492,0.03887792667612213,0.007472463177478271,0.004585851943681504,0.0023992707987443274,0.005002555782364015,0.003476973606266211,0.0005936479667557139,0.031092962911305377,0.003077053095070748,0.027198958607527596,0.06312253311542063,0.03149280883210024,0.08070237298975859,0.11382590173261385,0.008278800798041136,0.019431609565883846,0.011381238099130117,0.013297423116714465,0.015824217106569418,0.0057975745404859535,0.02235259581657872,0.005029551248765572,0.001406344521570285,0.005252779900316283,0.0008573698179087599,0.0017031685049481405,0.007203276861279105,0.014849863095293596,0.174069919955912,0.019953904145091895,0.06458383762940022,0.0215212639223463,0.019811019691968718,0.0011474449346862267,0.005075118981065346,0.04275206279556645,0.0035075069353824873
2021-09-01,0.02916976565292897,0.005404167139975523,0.008785430729644694,0.0027452541327835198,0.003874920849990627,0.033480567770702595,0.0018357195636165616,0.0014671754238874818,0.0013945725491279351,0.0064858539311321226,0.0015558400732405078,0.0016723339134724062,0.035422984592812234,0.006400836883153092,0.0049801119099737055,0.0019496539186127156,0.004405173873036441,0.0032737417190126868,0.0009816960847223418,0.027588655874045336,0.006378568021949873,0.031720304634800474,0.061663518368437725,0.03156091927524525,0.0814917724760882,0.10665764865333742,0.0072071745037159555,0.019690638143849387,0.016561424853677398,0.011622203064736136,0.015578052002127635,0.0049784351431462846,0.028450651876365946,0.004093376231203358,0.0015110663893598338,0.0033003355022682996,0.000949777933265312,0.0015491916274266045,0.005817484963585279,0.013815288002485557,0.1840564281511815,0.020046532148884754,0.06208392599706555,0.022377674409639416,0.021819150836510565,0.000839491179643154,0.005949835180680728,0.04275871442076463,0.0025959594226862667
2021-10-01,0.029342567005489508,0.005303918567693601,0.00887460098512529,0.0033729121429689787,0.005265793329626828,0.03714633522466717,0.0017948725182325377,0.001415182096568383,0.0012701623717977257,0.005601967366707445,0.0018176757510141386,0.0014643606041960114,0.029293311127559254,0.005882772651140243,0.003908675558964646,0.0025048950787870637,0.004511029568852776,0.001741773621710539,0.0009816960847223418,0.028888624987290303,0.006506716281636357,0.03335639531700832,0.058609063309991626,0.029858222761961956,0.08637027579412904,0.10347898731296234,0.008620339547222307,0.021945041630352005,0.016099092031339923,0.01184692977948202,0.016159323808528407,0.005034166552821659,0.028109059114136154,0.007458194072920921,0.001585352280549082,0.002936382211034609,0.0009813477378923985,0.0016234775186158524,0.0044117960847914785,0.013750347317186997,0.17741664237456448,0.020601841274192848,0.06525398974802119,0.020455790340010903,0.025403156234573347,0.0009546241162164261,0.006475375577406126,0.0424896064736797,0.0018253367536567244
2021-11-01,0.03054716812104343,0.004275463576638432,0.009925059916260982,0.0036210294881477666,0.004276762064549259,0.048605230833162066,0.0032105739339339536,0.0013757583705907835,0.0008052145337421406,0.006582861758109407,0.0010559039295806965,0.001237101160551884,0.02908221082741176,0.006438142930464218,0.003829828107009447,0.0029211362786435795,0.0045318874703874365,0.0021777266845558548,0.0009028486327671425,0.02534060425316093,0.007823858382393774,0.031154511458846634,0.05850225251751743,0.030230341477802847,0.0838633164750593,0.10044095373174088,0.007562889780956868,0.021987903471967187,0.014854952585953818,0.008504164548916254,0.014450236525086715,0.004154123553455417,0.026234140053108455,0.009330706453002312,0.0016549168202828113,0.003293487821924726,0.0008132238832146704,0.002297118975872626,0.005551531418649697,0.016287218242303694,0.17277839517175805,0.020892820460986814,0.07924505752359474,0.017728677016281374,0.02416130886627896,0.0005093881411496406,0.006555369067907186,0.03677683353027453,0.0016177891730013967
2021-12-01,0.033092528290572104,0.0049622093743912936,0.0085410466803714,0.00428602221193241,0.00459721281830371,0.048730613714403063,0.003208235791626429,0.00044855968803376783,0.0010844972818676813,0.009009394195366402,0.0012275903790189117,0.0010642456399599064,0.028201566228299207,0.005078220910850378,0.002449322084581151,0.0029852264293944697,0.004550133330894368,0.0030373280029006937,0.0011603783069244658,0.02648721253975438,0.004997587115632529,0.02633397181393195,0.060015865641309785,0.029244438722310487,0.08280234265047892,0.10722866435556644,0.006740949254779654,0.02130420560972235,0.013637949514887402,0.00890812038508229,0.012654083954954765,0.003635556991679485,0.02513947192777501,0.010361994220785367,0.0019124464944401344,0.0041736731430840205,0.0002958263925924999,0.0033513288887776597,0.006108927843747016,0.015353005132824104,0.17021086440284913,0.023033055723195698,0.08497551029900724,0.015843174007969026,0.0270776403644211,0.0004658819932132057,0.004914995229014043,0.03378309282073685,0.001293831205785659
2022-01-01,0.0347400990014221,0.004188857719998354,0.006451654234604185,0.004369271196766017,0.0030928670118639877,0.054574692449722184,0.003020140207969367,0.0006782797641076326,0.0012932480381768546,0.010930508504495118,0.0006635130594561126,0.003549541984355616,0.03340030825760159,0.009004222092462382,0.0014673243895832317,0.0016899455263765005,0.004361933031533112,0.005668781291424083,0.0012648060429311491,0.02734098585496771,0.004809177384862887,0.02232105659783958,0.058403008186399846,0.03371134887393254,0.07604893891887197,0.11290017161037513,0.006071815904985012,0.02301499842697899,0.013699600885731156,0.010786981907569044,0.014407338990261758,0.0026951837890983685,0.025033159309092848,0.008167964607603084,0.0014736615149445163,0.00536400273157434,0.0004419833367201793,0.0036435380613288257,0.0056700381485472046,0.015059434656118425,0.16539315664217977,0.02085905298844037,0.07914234817585027,0.020854658179247896,0.02172834333141492,0.00042404806938801644,0.0035359417626415024,0.031043756177968406,0.0015443111702158287
2022-02-01,0.033557773819096914,0.004557798088938723,0.006667870450820401,0.0035902064177012367,0.0032112711302681057,0.050890436765466486,0.0024933276811568406,0.0008018318876597562,0.001799468544397361,0.011915493489480103,0.0005348129307559839,0.004177598612412244,0.037443208300501636,0.01507028815852845,0.0014604603827192246,0.00103958087601185,0.004337909007509088,0.007051878674521467,0.0007500055281306342,0.03207715059113245,0.004400768976454479,0.019807114083897067,0.05648451826790993,0.03814721330979698,0.06794254681247988,0.12453123124143477,0.00744118527435438,0.025988829400809963,0.013896941083071357,0.01418294930353644,0.018539471122393892,0.0033180924120069914,0.02631844459437813,0.005698638138276615,0.0009588610001440015,0.006486267853839462,0.00031328320802005065,0.003370693788484553,0.0039763444548535105,0.012811472408156178,0.15490152215054528,0.021783977913365296,0.06433153736503945,0.02788340120799092,0.01831864792171951,0.0008050004503403974,0.0026281768548765943,0.029638350772562994,0.0016661472920519503
2022-03-01,0.036352562791897046,0.004658516911847884,0.006403359112668129,0.0027422860487355204,0.0038401076984583686,0.05712052488945942,0.0012021720969089384,0.0011147570355662074,0.0016820084975545113,0.01014762024208264,0.00010442773600668322,0.00438292746163137,0.03868323528192503,0.02545600052837448,0.002291639527751253,0.0009971396110123921,0.004190857716199666,0.010031092589899192,0.00010442773600668337,0.02884147922371109,0.005179643108331525,0.018345288508627888,0.05858947832153977,0.04807503058178106,0.054197097031898504,0.13082194974399833,0.00887848721888826,0.026600019814043096,0.01146077627486153,0.015548218738604291,0.022202812891494225,0.00505546948391444,0.022952463159581035,0.004462773839561056,0.0005936308390825682,0.006965066858342942,0.0008739784701450857,0.004009394104830339,0.0037967156467001544,0.013175797638194167,0.14173613315599062,0.01948409571728592,0.05413287423773901,0.03459111192615685,0.014336679939265037,0.0005898078529657471,0.002533430576722154,0.027999882661517827,0.002464748920240045
2022-04-01,0.036478230067430506,0.004668766224526506,0.008829112103738632,0.002408874672442996,0.0037930184867943383,0.05132114271308826,0.0010202776682871277,0.0011956401657408754,0.0027634962136915235,0.009302319498435319,0.0005255551175929574,0.0019575449276456373,0.0385529578737811,0.02933081698746993,0.0032147774210984693,0.0015766168153884617,0.005167917696329994,0.009920202435858198,0.0005255551175929575,0.026285448824496654,0.004401559744620711,0.015687876353881542,0.06902801224668241,0.04901294559662075,0.04914237475781228,0.13036768703427434,0.008343053245701452,0.026290893957752127,0.011066980393751582,0.014268495320217303,0.02066714478942984,0.00640315119640747,0.024209753343390317,0.0037925346494164652,0.0008059027486554757,0.00808034849299059,0.0010862503797179931,0.004673170876940618,0.006219052200211117,0.013651217563648324,0.1323481743613559,0.019440793400266203,0.0578538686828585,0.03591257350942787,0.016024976360254444,0.0009065074985453379,0.00372276246642539,0.02467906419174597,0.003074603605567211
2022-05-01,0.0365326881900249,0.004901930966709284,0.009121506416173025,0.0032369435085278634,0.004701120404916296,0.05202814401728395,0.001133392787414271,0.0008146877847884943,0.0032975802547895922,0.009173744888898787,0.0010265571216009734,0.0014826904567991825,0.037803904210899776,0.023414858085539083,0.003708844921177993,0.0017366829794626417,0.00539414793458428,0.009845513375197193,0.0011935577896036455,0.022371907456045465,0.0030847674298324045,0.01611953331860464,0.07608638295635572,0.042759804393579744,0.05159782534151938,0.11803432189128997,0.00875549718119148,0.02947300421000266,0.009461547305352562,0.01160023817099823,0.01666822631756548,0.006716349020627339,0.02140598708070622,0.003350762215660064,0.0013069047526634917,0.006415685834339956,0.0019212537197313532,0.009041335778171651,0.008536258040463048,0.014717795163292054,0.14307477041059724,0.0192097917143547,0.0635954470777435,0.03155725970722028,0.015668581029911217,0.001026557121600973,0.003715827962496898,0.02794120752603359,0.0042366737776574235
2022-06-01,0.03643090893232777,0.004040747770377165,0.00894105199435263,0.004177879610957539,0.0034194157619904,0.045318189844219876,0.001133392787414271,0.0003941663381947181,0.0031974176100538973,0.008232269915481967,0.0015070953243880951,0.0018630660148506088,0.03958453602904914,0.013342214234939446,0.003087998185112827,0.001776694150258205,0.004673138553783419,0.007922821693061561,0.0016740959923907672,0.025694855398279037,0.0017630516161109436,0.015818506513410407,0.08054857152428857,0.03260619517716148,0.06781447411093339,0.11178207126293271,0.009015435073615857,0.03237516127014888,0.011002920405209261,0.013361672710230532,0.017568342942718872,0.006255546967744426,0.02064442765812265,0.0034507901426489725,0.0011867365225300146,0.006135068767783865,0.0015207378585353586,0.007699614379052409,0.00923685768262577,0.01806101812641698,0.1464928964409354,0.01946932545353872,0.0684189486425575,0.0289729018117432,0.016809303550825137,0.001346915923459054,0.004656764064926573,0.02517706879747005,0.004396718460839677
2022-07-01,0.03818305873938061,0.0024640824175982913,0.00836968637008322,0.005744174314274898,0.003252587125377222,0.04555908288289284,0.0012091720212747843,0.0,0.003975379636981819,0.009050571319055465,0.0009815402067951376,0.002297571729690902,0.03909817706690128,0.005069620652281,0.002264225651508452,0.0014026975003862748,0.00835145276633388,0.0065582238729720785,0.0021843809410915737,0.023501013914554298,0.003875071125344047,0.017379330086696888,0.08519935868516322,0.02926962244489792,0.07278969111677337,0.1054665090581849,0.010566459608041062,0.031161550307180184,0.01250323491352738,0.014806377673010922,0.01926055529540359,0.005623672278506654,0.019016480668636444,0.0029655744017015903,0.00086834941819581,0.0038660196607988584,0.001202350754201154,0.007234568326427813,0.008155207109655553,0.021486353819032234,0.1494595554561859,0.01905441781642097,0.06858839035620035,0.03006320820237421,0.01466617209320749,0.0008213608058660965,0.00511633898752029,0.026444574474175753,0.003572945927235303
2022-08-01,0.04183491220935373,0.0022775587647106306,0.008979120087438942,0.008357616047662683,0.0026357663326596116,0.03962858048789749,0.000997057428740585,0.0,0.0035962643764449478,0.00956370923258658,0.00048053820278712143,0.0024194584731620466,0.034478089076280756,0.004311390131207258,0.0020521110589742527,0.002314473659339252,0.009507002412229147,0.0073797721828620004,0.002042971212735441,0.02441147095290694,0.005384145092129647,0.019240609253772484,0.08420553322486928,0.030661558502373582,0.08011292104160461,0.11375744585542341,0.012254670152352437,0.030529955363738797,0.01335037416306384,0.01610940500202387,0.01975417022404972,0.005366443761440926,0.021384829794481603,0.002682754944989324,0.0006306438860150715,0.0033906085964373815,0.001420533301496904,0.00356662158513058,0.008000342351175983,0.022031150626971443,0.13833936879534445,0.01785850308015539,0.06541748825711012,0.030690845784014584,0.015063491218029015,0.0003203588018580805,0.008038191117266882,0.02021304875818347,0.0029561251345176925
2022-09-01,0.03508113381722688,0.0026818032095362316,0.009787608977090143,0.007800784086914041,0.003235056613256619,0.039471494077156076,0.00177724077182621,0.0,0.004641226424986711,0.011486893040464276,0.0005851375073142186,0.0033739739904595,0.03675199922604053,0.005760596624574621,0.0021915767983437156,0.002774298200566796,0.010496384364368965,0.006182222618397196,0.002147570517262538,0.024392819284805783,0.006303794174584734,0.019060747188013077,0.08227541362081325,0.034069846235190215,0.07351585415231764,0.11996573325082294,0.010806494655714281,0.02709851706800263,0.012181130145164613,0.012788095902362386,0.017861353956196018,0.004614565964920878,0.020550097351723248,0.004222407969600997,0.0008605561566288434,0.0025134178338306577,0.0014553997363392697,0.004451404232743303,0.011024068303997386,0.019023639440891246,0.13538359489967552,0.01694747687943551,0.06913507500868969,0.030832373516842464,0.01729391205121121,0.0009752291788570308,0.007676404992289647,0.023843656876607878,0.0026499191059424
2022-10-01,0.0339609434636555,0.004918939674860616,0.008810694935660645,0.006060480082917135,0.0038919162679514376,0.03757566509292753,0.001996193990057816,0.00021306061574517942,0.0029009224209898044,0.012113826219610052,0.0006916678151868083,0.004675908094876284,0.03676239404166265,0.006121435765597376,0.001996193990057816,0.003105674329157419,0.008199394947946496,0.006655484669778969,0.0017509122982043122,0.027019794440468144,0.004788335991305861,0.02073484217530856,0.07647735761023623,0.03229279622692402,0.07607569336504476,0.12877365116064662,0.0092021839720221,0.029973908454328735,0.009239066279020176,0.010384576178067324,0.01601994878369604,0.004134947847935769,0.018406779063064777,0.005950463305508139,0.0013991002984782188,0.0029572168727802967,0.002633125725424184,0.00523247200276999,0.013852782333548986,0.01574384338055285,0.1312233513352416,0.018899914572943776,0.0725412640819111,0.0255162529388351,0.022430473775924314,0.0014013504103473897,0.006368114822269525,0.02525708696514986,0.0026675969134016798
2022-11-01,0.03587278426581305,0.006060881032282435,0.006885832095417065,0.005147909361256346,0.003706409339427577,0.03902076863526457,0.002073983533361233,0.000357673775542721,0.0025448724849005968,0.010596873010991291,0.0009808941347818915,0.004753697638179701,0.040469448445224744,0.009458504367750125,0.002797049332348941,0.0018151218177888367,0.009233618920147872,0.004363605966636888,0.001658158833942382,0.02625880481126497,0.00410216596689525,0.021460877912807114,0.0807428746822424,0.039181340146032036,0.07167138878185848,0.1272196879490465,0.00540831598121977,0.02831531202442328,0.007432886750806331,0.010969996749917561,0.01521109745310647,0.0038566874551499777,0.012806731544048607,0.00677724849556707,0.001280416986448483,0.003009076568315908,0.0024476187969003234,0.0048355282979544644,0.014215800202298264,0.0143156456420468,0.12775948920435642,0.01749764668220553,0.07705911169893524,0.022255945824347395,0.026367926870885818,0.0014013504103473897,0.0071390423226436244,0.028719806811992415,0.0024820899848778193
2022-12-01,0.04348986638325327,0.008187367863859492,0.006975496599291028,0.005797092942766253,0.0036233459033234773,0.041812941717776185,0.0022339022585001578,0.000626274366464021,0.003462656657331803,0.007856722629237397,0.0007986575138496228,0.0036697865935402946,0.0402367608063371,0.012099874485376437,0.003225568648409166,0.002512241724770362,0.012520872085399157,0.004072687479922244,0.0012073216220888133,0.021341323659278055,0.005227805189937001,0.024521258665539447,0.07830433023025912,0.04098217430096255,0.0715957122549254,0.12086490287431222,0.004995906413883614,0.028328514159963004,0.007608915224669326,0.01355062132723312,0.013609395509233466,0.0036265145087460908,0.014424936157346269,0.006988404080062544,0.0011589259058269704,0.002583857786140614,0.0033269753248141173,0.00400740862939722,0.012709970909368493,0.0148722571064984,0.11899389987910027,0.01801913103602465,0.0796727416151001,0.018681467626966985,0.025891864150054556,0.0008290221178723084,0.007861780659303425,0.02762347947321446,0.0033870649424698877
2023-01-01,0.04570220278837337,0.00735186238732206,0.006628784427568081,0.005178801786638757,0.003746613197639352,0.042235153580170305,0.0021900440239516947,0.0006680557486801055,0.004118575491010627,0.0074828892094092716,0.001201811201899561,0.0020488644320110273,0.038946058165656015,0.014238910219942003,0.004583341402647655,0.0025310555635460258,0.012999281128551754,0.003598554309218665,0.0008229817728145388,0.020781673039594186,0.007028436162109133,0.02432505720402181,0.07925943796758468,0.042688980414824884,0.06760644542777916,0.10791267438732603,0.0051170968558671105,0.029590385203559316,0.01034119771958959,0.014772665673161461,0.014125432229937387,0.005044882483976327,0.01589559194423874,0.006852675671752399,0.0007954767476607382,0.0019008177043566127,0.0025791863173736103,0.002238174777779279,0.009848312730919477,0.015471856591634489,0.12797262118310943,0.018739920963144235,0.07377008295091199,0.020168860400302743,0.02486223406433187,0.0009125848823044776,0.011573726616185038,0.02727273576461101,0.004276935083001933
2023-02-01,0.040961308604239854,0.005894439671764853,0.007106702692905001,0.0024755924312240495,0.003879935239855104,0.040030997146078946,0.0018228655656669461,0.0013576100897167316,0.004018403011951669,0.009985029817117486,0.0019135858833054789,0.0016816859737262787,0.03483971031382732,0.01365973379116326,0.0054950991473772005,0.002742329744451443,0.012309002997926552,0.004899710852602252,0.0005559757935887476,0.023127185580334494,0.007873532885730804,0.025235729264368494,0.07329316800999153,0.03823731255028645,0.06950429410798503,0.10064343841237783,0.0048832404397981125,0.031201540827730124,0.011464229645224552,0.013381542083917843,0.01743915810331619,0.0067463670488014564,0.019120436456140377,0.007475207096886862,0.00081769708803003,0.0023233660661674473,0.002045174358922028,0.002460378181472198,0.01030364876109282,0.017684408984953333,0.13466166742385485,0.020496413536701164,0.07406589575576311,0.02145800203651596,0.02419345248448738,0.0012462518826381445,0.011717615986394002,0.02736016954691103,0.003909756624717185
2023-03-01,0.04096727601626981,0.0039003853597330356,0.006616235063701479,0.0011267561637343362,0.0025690490308929626,0.03642835651932099,0.0017148487029674418,0.00142184358100545,0.0032330513590657015,0.011068215674914192,0.002675604284658593,0.0021751037841580925,0.03214505500964956,0.012448148000362489,0.005784149858176432,0.003095613946539394,0.011398134543691438,0.004990227776652115,0.00042167549812809746,0.027445312204526593,0.00768378259309294,0.026894133412108737,0.07957926666217441,0.03602145824954578,0.07114238223499408,0.09625853041310893,0.005370824937346713,0.032258510302339054,0.010801511662032809,0.011037153751026367,0.017596858699883065,0.009301022843782099,0.018536568771232068,0.006254837811974584,0.0007155135382137393,0.002381766244572952,0.001470023118551855,0.004253015575099726,0.008873079063664746,0.018104876859558295,0.1340547346857072,0.019810362301976563,0.07120200732839878,0.023268206418366497,0.026824075446096537,0.0013426021195712219,0.012596434744558127,0.030382026769135706,0.004359391063738212
2023-04-01,0.039282561522862275,0.0027173336059187606,0.010296821952289571,0.000999335164753704,0.0011674180421060107,0.040080701901249766,0.001769744175970901,0.0011670015830441856,0.003361475015087493,0.011434853932964692,0.0034773956985721306,0.0027583159630989525,0.03362723278074295,0.013088260966389126,0.005530310517256327,0.003205404892546312,0.010016138921960517,0.005738126374603352,0.0001668335001668335,0.02703179972980191,0.005809733028413206,0.02686288393432595,0.08269368654152136,0.0380878508566212,0.07206699913644961,0.10043259167545415,0.0035506681886292787,0.027657734914227225,0.011077994341132422,0.009455211604337642,0.018401658084920076,0.00955787015582568,0.01741142046154473,0.004708155771233287,0.00033325054127184326,0.002655240952549089,0.0012700765935940502,0.00509106975200185,0.010987348544455508,0.01839999224867278,0.12798523384180419,0.01697384553253755,0.07624236427430543,0.022052902529728274,0.0255911415044846,0.0014886558285667267,0.009466807900086945,0.03153583435924951,0.005234710660670082
2023-05-01,0.04610412906314109,0.0033685424355662523,0.011305265339915114,0.001285246850913222,0.0007859957275981943,0.044201923494590324,0.002714927277287832,0.0003328340822100182,0.0038539129300780716,0.01006793558959034,0.003922078299388561,0.0032904466067537595,0.038328340331912465,0.012881114538672689,0.0034408604724159475,0.0035310093073700577,0.007958319020274445,0.00522150070308301,0.00020652622883106156,0.023424102813554806,0.005459940857059697,0.027560607680376836,0.09176967703015122,0.03520268564184012,0.07168991821413945,0.10455071227436781,0.005147060119593701,0.027179561573600353,0.014270778203061265,0.008882768033133228,0.015437727611695923,0.009239708127626478,0.016767033819636405,0.003651336870548215,0.00016641704110500975,0.0035129760110276416,0.0009364095932603832,0.005281470809813068,0.01020031615891011,0.019201289208581884,0.11659590151071224,0.016702818619627118,0.06742933811307604,0.020534655658321552,0.029148602311016042,0.0013615150570641212,0.008020504099384136,0.031486838647304595,0.006386419990818073
2023-06-01,0.04921305263430608,0.003682383268519721,0.012960934010821797,0.0006195786864931852,0.0008007381067830403,0.04278611242858064,0.0027886391732120605,0.00018115942028985494,0.0027184784007126994,0.012673628499500836,0.0036629561131027717,0.0035748026813375365,0.04378184485773243,0.013430833438583692,0.0037547013053694164,0.0029685377972439426,0.006711186096471744,0.005324697357376931,0.0007500044897006267,0.021517542364373504,0.00513759828396282,0.025184280866250196,0.08951725855641257,0.03640106922588435,0.07506619437960138,0.10728854393267744,0.006396182812366136,0.028759257247480834,0.0147025580694935,0.009344032657935155,0.015517680146661592,0.006288428525290851,0.01687647111297176,0.003950435324316837,0.00018115942028985564,0.004869546228165703,0.0006183178902352108,0.005125545277821201,0.010587868887787809,0.019340211260286934,0.11295091609029216,0.01791395481388645,0.06322640338473377,0.019430695656295606,0.025156583093465554,0.0024926987163577893,0.007394812202446932,0.031235946869029984,0.0051435379370870764
2023-07-01,0.059416302467486116,0.004783936046748364,0.010796783169508157,0.0023797547040949455,0.0025609141243848003,0.03762389128843383,0.0034515907142678055,0.0004011814224900749,0.0018484897625046166,0.012919620311796817,0.002571502705466926,0.002701928508674368,0.04407977629021994,0.010600845521759222,0.002884712667161333,0.0027542868639538923,0.006285569764346727,0.004460479788079018,0.0007500044897006267,0.02002932796916349,0.004926232885127855,0.023916088473240404,0.08531736315703657,0.039356577891505005,0.08753314599279549,0.1031276032484451,0.008817867603796098,0.035626107866969015,0.012316942458752098,0.012441653895468746,0.015996678866205677,0.004548451248874684,0.0215315595726374,0.003956206393227007,0.00040118142249007566,0.0055339405364489905,0.001501291433491176,0.005792825120559573,0.008635083445309135,0.01761898995782882,0.10333703666956319,0.022126113734696567,0.05789032879366812,0.019033934668721438,0.024985615177001777,0.0022770050158401967,0.007627819109695034,0.026906202419175167,0.003619254361188503
2023-08-01,0.07166588941502845,0.004619821454195109,0.009071551565094397,0.004438747446173189,0.0022389544855106634,0.03440982685225044,0.0023035261600694227,0.0006988004701091226,0.0010223848471803702,0.011400914936214118,0.0014234381512685428,0.002859773554995251,0.04580980225351727,0.00766079713561418,0.004554993542832544,0.004606753377201074,0.008113695686338821,0.0031058890050495724,0.0005434782608695652,0.02136511011349582,0.006845451625907933,0.022245070003894796,0.07812361205064605,0.045241469022678664,0.09386022453176994,0.09757352288023831,0.007208069409425415,0.038783746387061065,0.009097346070010727,0.015296141415383773,0.014726911355731847,0.004244562655023266,0.021288153660086503,0.0037009989818857663,0.000996419517728171,0.004865680667445626,0.001501291433491176,0.005719803346794305,0.009381897040635741,0.015334662348222401,0.10099001359763306,0.021378562545695562,0.06034282776103698,0.018104197842144464,0.020563003505319474,0.002368097834628183,0.007117404287012553,0.027433950693205967,0.0037527588162542965
2023-09-01,0.0665961830201285,0.0040766189306471416,0.0053397226545877025,0.004946104117913423,0.0038335434163116245,0.03687657293126573,0.0013977290586201473,0.0005176410498192675,0.00142110101421101,0.007995559014479401,0.0012786760574296173,0.0021715332002867605,0.042081006453548155,0.006248470574389466,0.004265469355154693,0.00790484748083419,0.007317090564242334,0.003867199749981521,0.0,0.02325115339322582,0.007462000277000956,0.02173936775608415,0.07417946540250893,0.045751583067634875,0.09357621509052405,0.11287446259303031,0.005143072607978344,0.05139762590088102,0.008373259863494504,0.015731806383508542,0.01219123094631707,0.005730511081114634,0.022449007784013885,0.0038463125503678877,0.001576295105048666,0.003525321547157977,0.0018274886849415542,0.004053246975056278,0.009962324102599432,0.013596414272868904,0.10052649916002689,0.018480839033022677,0.062485306749853066,0.018576811611363354,0.01719404491003568,0.0007376630520194871,0.0061032424181752835,0.025334486726559153,0.004187872309735866
2023-10-01,0.06844372071507447,0.004248388025715216,0.0028919075405954855,0.003399056830064433,0.0027127535879681772,0.03754240677807752,0.0007238765071245884,0.0002976190476190475,0.002039807386126974,0.00679894318921401,0.0036161988122626453,0.0023777686575920816,0.05235831295657698,0.007685225503079265,0.004884175727070657,0.008949811312255694,0.007261944384662739,0.005950234140377081,0.0,0.023264377222002558,0.008280048833774792,0.02089318339340236,0.07208039360274583,0.036894994083928316,0.08290317847739982,0.12636079843889111,0.005060353338608953,0.05202899338545556,0.005939231294397184,0.011076877975066672,0.010286296207318876,0.005902280176182709,0.016171206090801086,0.004671254379589173,0.001356273102848446,0.0030577044529677398,0.0005073566717402339,0.003998100795476683,0.014369094702933122,0.019646175259197717,0.10138309377089462,0.012656867889105215,0.06698689501609657,0.019449443631598628,0.015900923270506004,0.0009370052368773591,0.005821180963948018,0.02577396801484143,0.004160299219946068
2023-11-01,0.05999720830729446,0.003878110806846448,0.003788956501024728,0.0022854306284100625,0.002862261748039717,0.03942173832290202,0.00042625745950554086,0.0,0.002486934593817562,0.010825882603477367,0.004659961387715361,0.0016344196748064794,0.0540224645327004,0.010518894181818367,0.005036478432190263,0.006271239883684266,0.005105952880079686,0.007441123923520386,0.00022356360384529405,0.020668244872349084,0.004932183866191515,0.021352886053809247,0.07427970055557391,0.03691874771683688,0.07356380892676267,0.13795816038836575,0.00558433053512136,0.05331727865261407,0.004527986045123766,0.00847795108036513,0.011260195156569938,0.007769036268290913,0.015137224423016604,0.005716414227565923,0.0012081622153009386,0.0023143554701821373,0.0018487382948119979,0.004671586152060632,0.014823208273243876,0.019430995290496623,0.09338510584332925,0.011249814457403896,0.07208693972881734,0.02154395514512422,0.015464974243007681,0.0008629497931036054,0.006793682640675047,0.027354283239522853,0.004610220972684723
2023-12-01,0.0713539757486476,0.006770606783529152,0.005615721993171254,0.00362735735935129,0.001779994672954448,0.0432913005113896,0.00042625745950554086,0.0,0.0031128621382183076,0.011108060169868261,0.005054728506780925,0.002260347219207225,0.05622886792277182,0.010457321770199405,0.0039767292676399285,0.0021673506886925307,0.00490329168526528,0.007260980639240914,0.00022356360384529405,0.017777156265074815,0.003991005574301692,0.018641940730814446,0.07056741189847877,0.03644129764502586,0.07233271253673557,0.12857769143880518,0.006418900594322354,0.0347882048635323,0.004071646514439243,0.006037220683789542,0.011497336901890962,0.006433090857335528,0.012471314921091672,0.005789949279156566,0.00044712720769058854,0.002455444253377584,0.0015725420484069472,0.006244673308337042,0.014530475436289735,0.02184463382595987,0.09587052021862259,0.016691056432759453,0.08376634660705384,0.020659775314275954,0.01752888148047523,0.0015564310691091531,0.0068897356028006255,0.027468280161605962,0.007017878188162127
2024-01-01,0.05987734718252921,0.006858484506223422,0.0055530964896420044,0.0053889521683031,0.0015355531914370522,0.04684681296982445,0.0015797788309636646,0.0007898894154818324,0.0030189238829244325,0.010888870907515884,0.003287073165229509,0.003808813298406265,0.0460936372386993,0.009235114362612427,0.005067625135568802,0.0012522102661521978,0.004383095970465863,0.0052175710644074775,0.00022356360384529405,0.016122630865382688,0.004442515252972254,0.014862188566194217,0.08676822562598914,0.040949323810365264,0.07847809259273489,0.11811822226065379,0.004256300545030022,0.025034787733234892,0.006804946716861032,0.006551355865989354,0.01294580419319652,0.0057310791645479656,0.012402628884962819,0.00526975356435715,0.001237016623172421,0.003182708165330166,0.0023624314638887797,0.0061194223012785405,0.01147798718362209,0.023067851322313444,0.09549072684238069,0.019418296102581636,0.0900935426410413,0.0179709190175846,0.020645005325438726,0.0013119895875917575,0.007736189989212103,0.030916723210781122,0.009324920931078375
2024-02-01,0.05153594071905702,0.006798867545198011,0.0028703332434984762,0.006645876429922198,0.0010884259837464644,0.051482031689550206,0.0015797788309636646,0.0007898894154818324,0.0036299977334349025,0.01036722249854353,0.004414827344626881,0.003361686090715677,0.045234159383916284,0.008738306354067329,0.00424292384138394,0.0019576776382862365,0.00538168006764151,0.007309132780382338,0.0,0.016977140640080254,0.00421895164912696,0.01024684216681026,0.0919101885144309,0.03738721038909692,0.08424603357194349,0.1219088673658529,0.004007896540757474,0.02028530317154376,0.00735640360634609,0.00566703761077908,0.010461764150471032,0.003599772807889496,0.010658832774969526,0.004445052270172288,0.0018480904736828915,0.004499249387974675,0.0013737835268840353,0.005423891089315405,0.010792392131829856,0.026391496899480154,0.09885908514031644,0.02081432660659336,0.09096792473608069,0.015402421613406445,0.025225575164224533,0.0010884259837464635,0.009321007536470966,0.026216919449944493,0.010969355439362649
2024-03-01,0.042361460646735204,0.003629060166667201,0.0014506096004834844,0.008100193952248995,0.0010556648927425684,0.051422924266620096,0.0022404990159653163,0.0011202495079826584,0.0035644755514271102,0.013341379725204919,0.004250105495453445,0.0019747235387045812,0.0413754527001497,0.007814581046880554,0.005102043360716878,0.0014953567876158716,0.006274477072132298,0.008433090210208312,0.0,0.014369770173539409,0.003360748523947977,0.011140555565455006,0.1001109997981754,0.030289508568175916,0.07807847181728693,0.11597888079560921,0.0024889732305768387,0.02124545514635025,0.006927760240833576,0.006691795373439408,0.013634320711463708,0.004558091994388078,0.010363066561780506,0.004577929422495782,0.0018480904736828915,0.003343447261298762,0.0021337033790513305,0.00499524772380289,0.014064148359988171,0.02751728711761403,0.10515058920429542,0.016523310980698442,0.09322775271973405,0.02115325312655189,0.02829984845220551,0.0010556648927425676,0.01397972631664038,0.027542025396563617,0.010343229133672803
2024-04-01,0.05011350469082307,0.0047436616282362535,0.0033551004775343694,0.006895293354268048,0.0014305431257252855,0.05253114094076609,0.0006607201850016512,0.00033036009250082577,0.003919287309651629,0.016350438826445754,0.004230039020695246,0.0,0.03875495351922671,0.006994591919261423,0.0038871095253568307,0.0007054673721340388,0.008168934711804084,0.0072382228496064615,0.0,0.022717423672950182,0.002145814688587929,0.013399858200730407,0.09369884900044183,0.02764894291249473,0.0711573622506863,0.12316906354646752,0.003633674404283189,0.023434525119971957,0.006077671401077147,0.009730954186817546,0.009634707447159047,0.005307848460353513,0.009502944484644978,0.0049327411807203,0.0010582010582010587,0.0021485799006969136,0.002498548374654948,0.0064947606557337586,0.015128583634661729,0.026456500292896517,0.10196822873014287,0.014063343597841048,0.09553448520443793,0.025276913689361778,0.02498979222959169,0.0006607201850016512,0.012369847773539416,0.024971692402536133,0.00987805176427819
2024-05-01,0.04920155906343029,0.005621194213085912,0.004129393934754656,0.004460570594342035,0.001817689854335429,0.05224723333978532,0.0010478669136117945,0.00033036009250082577,0.004022526437281001,0.015705194278762182,0.002535196675446397,0.002710027100271003,0.03804948614709267,0.005790135430252088,0.0028633215096988966,0.00038714672861014324,0.009536853152893258,0.007229619588970682,0.0,0.028335352868115154,0.003694401603028502,0.013391254940094627,0.09021452844295053,0.03072030695946853,0.058846096280883754,0.12408961243449608,0.0018700059739480924,0.019786742610400827,0.004735562741895317,0.011133285670449841,0.00903247920265438,0.005514326715612254,0.010199808596143235,0.0035218064364522226,0.0,0.002320645113412533,0.0021458146885879287,0.004731092225398662,0.018251567245450215,0.025733826399490914,0.11123394043487896,0.013452512092700602,0.10550566428130807,0.025337136513812242,0.01912236847598908,0.002209307099442224,0.010141603268872148,0.029109860768346773,0.007933714860591693
2024-06-01,0.049048964990225756,0.005505924059948472,0.004519645898991049,0.0030837519429368597,0.0020327797936988148,0.05050273067581223,0.0016132809027211955,0.0003503240497460149,0.00392722024138875,0.015674293544939193,0.0027702505720549725,0.005162295448493109,0.057200129134075656,0.005754721106095405,0.0020673672143146156,0.0009126328032291658,0.007614584469623871,0.0051321888808282855,0.0,0.03135754879578035,0.003403969425018055,0.01318519218139863,0.08543046988849035,0.03596423092908096,0.054068460912667655,0.11941440084692921,0.0027657800555583195,0.018589599574202354,0.005711192652486301,0.010066863154300302,0.006238913985353649,0.005614146501838201,0.009893926051221294,0.00416707625454238,0.00035032404974601563,0.0030212932129045633,0.0016802204857044734,0.005181236061370623,0.019681854582346853,0.02321524299328914,0.10719306188882445,0.013051323351886407,0.11538886471544602,0.018368673837471913,0.01592310092754046,0.0031250451382976406,0.006842515934197583,0.03167548967379591,0.0065568962091865175
2024-07-01,0.0428850697240867,0.004454389175662838,0.003632395555530124,0.0032996362471614765,0.0022486640979234316,0.046376077538907046,0.0027632726884941543,0.00084317767222014,0.0037018506865391498,0.01433630409177907,0.0033147039579290057,0.0071337099383896084,0.08158424232574486,0.006735685725731164,0.0022269091298268325,0.0015697709665279996,0.006999560819099961,0.007047260982012388,0.0,0.027963346712136378,0.003563511340530271,0.014043986772984607,0.07505094983458376,0.03772867725034033,0.05118077121239778,0.10730249461887571,0.0027046950415334278,0.019711135608100366,0.006030276483510735,0.00856933178562796,0.009735746480759942,0.007688760518534519,0.012456651065079245,0.005748836648764573,0.000514608590570724,0.00427922715078983,0.0008540551562684399,0.00505906603332084,0.020484306785220435,0.018736876763209582,0.10197219023982122,0.013858518180072476,0.12357824040004399,0.015650580418376737,0.013763688770256792,0.004110752383245891,0.006509204227235676,0.03449147087934091,0.005505361324900883
2024-08-01,0.04420877220413938,0.0027842597822801164,0.004982936095653795,0.00556853201523128,0.002127121618981283,0.040352938195390674,0.0029073344592200003,0.0016399904212241242,0.003868431749048693,0.011284168846465319,0.0038684317490486927,0.004689287087786601,0.08270989843148066,0.0068032436010822565,0.002370970900552679,0.0017138327372538456,0.0037808445112766666,0.003707002195246944,0.0002656042496679948,0.02298905109553195,0.002280528675757693,0.017078229978251036,0.07520889336051872,0.03257885455120269,0.05563774008487535,0.10372871386114783,0.004829529038877386,0.018176121965419827,0.010036859520314351,0.007885115495542465,0.01468320403729339,0.009615548141561575,0.01469408152134169,0.007076857897104546,0.000514608590570724,0.00499953600441906,0.0019164721549404188,0.006918295780996803,0.01923741668399159,0.015774818685030625,0.11193959896342469,0.014137695701500507,0.11628137289522777,0.020035364163766837,0.012327698314734707,0.004421395216481281,0.00592401112430863,0.03507234521398067,0.00436644043085415
2024-09-01,0.046727538093919024,0.0027787716770621626,0.005150414773221669,0.005382393779922366,0.0022956979175927468,0.04129853872444402,0.0020293290927677816,0.001637795179136943,0.0031644907864258917,0.009162467369204598,0.0026422975749376396,0.003977662777858664,0.07728929690770825,0.006266781316027328,0.002715806845080741,0.0013624110664642401,0.004122387592673956,0.00491996491683491,0.0002656042496679948,0.025732371957146172,0.0024502025954127476,0.016350141352669243,0.07523697416555059,0.03233673764267066,0.06372656689719633,0.10614540099387354,0.004125588076254583,0.02162557903174404,0.01071665281997816,0.008397430117638398,0.014837511262338177,0.011867409180908088,0.015369484336831133,0.0060160071584741855,0.000164284540824709,0.006735789558538867,0.0020872436956390636,0.006382931116985464,0.019363185761903014,0.015220794463278247,0.10629773533094845,0.014631350765855401,0.11286063691287751,0.02000243553245912,0.01438683539251076,0.00406338781943013,0.0045128363359322535,0.030986542347634788,0.004180302195545237
2024-10-01,0.051687113994872434,0.002853549078845996,0.004373858510168426,0.005656276595663455,0.0024550725459984413,0.04451058085465298,0.0017954028056779783,0.0011449415566628176,0.0036823454571945358,0.007360473075651544,0.0016715458103461563,0.0025787892246391356,0.06721460811009106,0.006192229657343219,0.001974071455160046,0.0010487974651715896,0.0053223814750359534,0.003650555031307542,0.0002656042496679948,0.022566550726605863,0.0021664999548336302,0.016181172642525242,0.07143969304930514,0.029569352983144583,0.061955386536755704,0.12046073035559564,0.003563092707515364,0.018728504961426078,0.010721788475496897,0.00836774490002459,0.012507842473178448,0.010886837591478576,0.012975083713825329,0.00632984650286656,0.00011450818733539506,0.007726632459005856,0.0024457237380020136,0.0068610550022025485,0.018751139782774207,0.015489993109700043,0.11034192296251788,0.0161998702585181,0.12050525767773239,0.018832804097010103,0.01581093573712453,0.0046807951971774035,0.008157232937889097,0.02688479022563554,0.0033390140986459143
2024-11-01,0.05423425302495898,0.004743117242971106,0.00566138083466355,0.004796211110477761,0.002548663698629297,0.05274416948862285,0.002880573616686817,0.000527726508808259,0.0036115081169005394,0.010256790106379208,0.0007027199643050335,0.002851978078419417,0.07464122348766124,0.005956963824124371,0.0018020583581229075,0.0008767843681344508,0.008828328949505889,0.0038377373365692537,0.0,0.023469547933181862,0.002080493406315061,0.015202186289088418,0.07444963603597914,0.028089496546820913,0.0602756113844912,0.11316519983400386,0.0034138334228150844,0.022302713872906593,0.008096084395266098,0.009311241030445436,0.010529691857251352,0.008073951205986063,0.010458139994449956,0.006977399967170265,0.00011450818733539506,0.007225762376119012,0.0017425021416288854,0.006977399967170263,0.017311782270295388,0.016995036155906026,0.0912536209979623,0.016634911701939818,0.13735939286113671,0.014471799838183343,0.01613721681969082,0.0033603585529497163,0.007648778250889966,0.021570129328992226,0.0037993852576879068
2024-12-01,0.054251634091522116,0.0038727952238240214,0.006143610279966474,0.004756247344292436,0.001990185924826751,0.050368291871630506,0.0032613077827889163,0.00017959770114942528,0.004547040852934155,0.011739763004602279,0.0007027199643050335,0.002083151338473159,0.07459656556481287,0.00543109140876509,0.0016605993127367556,0.0011886286134789893,0.011808991561436152,0.002477827464377184,0.0,0.020629836890241744,0.0019390343609289094,0.014737845386744637,0.07784998162740481,0.026946786572118613,0.061039743967774424,0.1147302570392806,0.003863457509674744,0.01960446187535263,0.006732495319202998,0.010866783053297099,0.010380874404123141,0.005771150190018319,0.009613064926004077,0.008812180876923198,0.0003574625119223727,0.006489540994616019,0.001046244526311218,0.007354454929401333,0.01725342248475491,0.02145867166605936,0.08997211622895286,0.014259541561343481,0.1374046851294801,0.013380091241279457,0.01785210643088778,0.003599633673665664,0.00972651348522988,0.0217510446641677,0.003516467166915604
2025-01-01,0.05089880423260826,0.0025937689050211737,0.005990229576404064,0.005689639739743447,0.0012837005427008762,0.04437627429763713,0.0030031370209478657,0.001933983666061706,0.004688594066094159,0.014149934345011014,0.0010170901391409555,0.0021685051386382916,0.06426084563978561,0.0049050317560262345,0.0015266548672878534,0.0023801917707710514,0.012311396233370195,0.00342093798888495,0.0,0.02221690529984356,0.0026628466398226397,0.015296449471673551,0.07964580147589241,0.031153606438686438,0.06650743457870574,0.10001113356932091,0.003824584993447729,0.024320014497891455,0.008484771922769627,0.011503132170680044,0.01167511825834819,0.006426935565514771,0.0128907111198122,0.007789215958615751,0.001558743798271189,0.0049523439139721225,0.0007977918935269211,0.007427981239164059,0.019023025985089394,0.020319089199070866,0.10339202377865847,0.01214769418267696,0.12635321369927283,0.016475202344354904,0.01873479881970937,0.0037509050158824214,0.007234378389675811,0.023452621261104905,0.0033728045924099476
2025-02-01,0.049244958816020014,0.001651452767759301,0.00399287224385142,0.005915089855801245,0.0019352187041780516,0.037647078442259785,0.002195328561623859,0.0029672422414435116,0.006059265423865849,0.014915702347910717,0.0018707510133733358,0.0024382828862108364,0.06186911397378112,0.0047712864697851826,0.0011674594649890028,0.002425281793982611,0.010156986211273906,0.00431968888632889,0.0008085708510208208,0.02498308020208316,0.004100390640714856,0.014221150439867441,0.07146261574159157,0.03216813196094654,0.06970577665993923,0.09897210259966323,0.0032640092700904864,0.026008603193234506,0.00855316934928378,0.010404525735571338,0.01381079522732277,0.008022294647647447,0.01394803949019341,0.00844149651178974,0.001558743798271189,0.00441431320222066,0.0004385964912280706,0.007473833654072432,0.019407053574084468,0.021714592743538777,0.11110895253380788,0.01104985013926507,0.12165840563029336,0.016050659082329156,0.02129730622580014,0.004222825476210172,0.00784156891963824,0.024017008942946217,0.003328476960895202
2025-03-01,0.04970079146891059,0.0023830887057165735,0.0027311735345169398,0.00801891646107022,0.0027662547433271872,0.03253138610988973,0.002637083088594562,0.0032598966166264205,0.00547950260189271,0.01907920143624541,0.0026023869513306084,0.0030760646513689253,0.061237304746892075,0.004288150784807568,0.00043859649122806986,0.0020857003324001103,0.007832388994988672,0.005054097788482502,0.0008085708510208208,0.02573967281780749,0.0038105092297282864,0.016040641562542524,0.07312511442976621,0.03322847080863913,0.06750297656335474,0.10261705738328243,0.0036091366600656664,0.027055077219945406,0.00792647944091105,0.013052279933199218,0.013139951196746788,0.007199577501087331,0.013862504209983246,0.007381370969035325,0.00160844384886712,0.004030577618434907,0.0005849236788195251,0.009188378747162973,0.02099745519315427,0.021943895552082236,0.11610946019956075,0.012035532258594677,0.11440625103711281,0.014700652128588171,0.018646992368914102,0.0037893898418284873,0.005514198739156665,0.021662122425439426,0.003480350076879335
2025-04-01,0.04966581631333145,0.002708317451274327,0.003992691215061105,0.008575704857358833,0.004008073773027928,0.02944372309350367,0.003812368920038432,0.002116570841142799,0.0048807038175808755,0.020909768918195015,0.003013847545988656,0.005320705814312949,0.06505602891753867,0.003822418397009475,0.0006110601894286585,0.0008561427078161943,0.005498902896607981,0.003997003862099173,0.0008085708510208208,0.026638775524160902,0.002361653359530335,0.017432612553264056,0.0817286006889522,0.03047829794292765,0.06605592975292814,0.10869228210870736,0.0048706543406098314,0.027421914340243863,0.005679225191630653,0.013296100989046903,0.01211481732632371,0.006659874669305769,0.01123574942200505,0.005580150456709597,0.0002926543751829096,0.005378327148079367,0.00045185728230578433,0.008276612622410211,0.023431645618805935,0.024538288270817665,0.11851792177513121,0.011362763030299374,0.11219497697661784,0.010997104763383227,0.016086770779192777,0.00279882911370203,0.003998809670701843,0.018283803805792236,0.004044575718894547
2025-05-01,0.04997011328985402,0.002487524666806588,0.004363406511488955,0.008538404713933766,0.0043862490981407916,0.028227858740889775,0.003995861561081104,0.0011021272630242663,0.0040385628374774935,0.020614375846877142,0.012118451586917744,0.0055041984553556205,0.06722882243357052,0.0037851182535844075,0.0010078855862540553,0.0018407461711946727,0.006659538972344117,0.003967163747359119,0.0,0.021885052729200993,0.0009429243559013921,0.014962139828091511,0.09002980776972265,0.034080288567356114,0.06604245357207778,0.10766508428799831,0.005638195033863078,0.02147771535480776,0.004844544240212284,0.014033801567560095,0.011007123389642508,0.006405511755755469,0.00817376861593692,0.0049364221750189145,0.0006894797720083065,0.006340550525402805,0.00045185728230578433,0.007048836288508955,0.025917760339608343,0.02022988105913574,0.11945247085249411,0.012269036192485212,0.11023611783158527,0.010720361763777886,0.012785347116944373,0.003375417137227592,0.0029657160208707775,0.02074007841185459,0.0048158464264903
2025-06-01,0.048406573631643156,0.0027647668563715107,0.006143956829263421,0.007760532219122533,0.00549061191587097,0.03313353970793887,0.005448327191907176,0.0010112485133457964,0.004371253464955402,0.017686237731018604,0.036810544462519794,0.004298150642858499,0.062404454032023195,0.004465911694158209,0.003025641841298446,0.002501521485620975,0.007234041477621462,0.004521648126488966,0.00020177562550443908,0.022236167118796956,0.0009074940441359067,0.015913975153671277,0.08625895968852204,0.03383528796149778,0.06364559298114271,0.09829217246199799,0.005733679724071061,0.019442952550115935,0.0061506826834469034,0.009154161879658625,0.015581708093243149,0.007747080510755572,0.008934634561100717,0.0042093921775911555,0.0010021522733387146,0.006637810841115227,0.0007090813457232078,0.0052066372282625435,0.02099188409485292,0.01908229326105167,0.12108173373902996,0.011435715259760997,0.10100032131211735,0.011370330833115715,0.010362445246861657,0.0037635562026184836,0.006491386344654224,0.02072307186220716,0.004416901116010935
2025-07-01,0.048606921234734514,0.0027295390694946128,0.00473384361617204,0.007014404353943115,0.005267391294760009,0.03487305777177964,0.004525893436007356,0.0004001883239171375,0.005546459113422157,0.018279934461512676,0.04156996873029105,0.0023063615554585267,0.06466136978084741,0.0057644980748620634,0.002961029739301481,0.0029245888408155705,0.007040205171630569,0.004880103379686597,0.0003839249879816704,0.023423393623449196,0.0016948601242849654,0.01523262634682473,0.081665156105973,0.03391793134777297,0.06286490515443002,0.08989694006712623,0.0065093588607064564,0.019043759950956394,0.00583346564521891,0.009371705985348665,0.017321059200748005,0.006818803283098921,0.011067668708680098,0.006330572425320968,0.0015486003607704088,0.005650764983218442,0.0009499993384405725,0.002609631423190744,0.019629019524823918,0.019640762204668843,0.11423218310200806,0.014027044549411874,0.1023236172305358,0.013409368563578066,0.01191964699188928,0.004456925865650511,0.006761688652491655,0.022909031168269842,0.004469826274494237
2025-08-01,0.06113026390513601,0.0017374755774311208,0.004582116258562329,0.00707276102994685,0.004286999137897264,0.046427679620519136,0.004350823407996152,0.00020177562550443908,0.005803228487838592,0.016179094125378223,0.03166100514485687,0.0013142980633950349,0.0637393342999884,0.004597364554787366,0.0033811978065283713,0.0023526934159789695,0.005896414321957366,0.00860325930872488,0.0012009184520339578,0.028080256368547236,0.001904944157898411,0.021021608606395223,0.07462734097992257,0.0326574271460923,0.055348565285148976,0.08739927433416639,0.0067777995703236366,0.020806131566269186,0.006895557148486885,0.008052845107664257,0.01828978002241,0.005675012433425719,0.015199321369744528,0.00843141276145542,0.0036027553561018746,0.005522380296010226,0.0009499993384405725,0.004266961021696813,0.016991297769455103,0.024029184240149704,0.11264488151470646,0.014190443242222331,0.09450382264603535,0.013526081915585535,0.010799198812617572,0.004503611206453499,0.006388205926067754,0.0182755110935733,0.004119686218471828
2025-09-01,0.06793378483596552,0.0014400880226588364,0.003785565523513322,0.004579744576942697,0.0025771822045939055,0.05133575865626852,0.0019056129196259215,0.0005336179295624333,0.0072606643826241225,0.012106327417624269,0.008727493335922239,0.0018001100283235455,0.06732499698971564,0.006208770110443415,0.0020749321242338925,0.0020792088435236463,0.005763548195024347,0.009253592701492654,0.0011770154697169964,0.028594924186002527,0.0018571381932644881,0.021655791335435326,0.07509075735781538,0.02983752125923997,0.053991048163292005,0.0846448324709569,0.008033459839604731,0.02414565814078663,0.008363544810241165,0.009130632733757872,0.015852321852629057,0.005056334341564189,0.02132645250365894,0.009485297405232074,0.0037089190523384684,0.004441793221537147,0.0009021933738066499,0.0033403436080942507,0.020556502951793943,0.023428810233846204,0.10945458707303275,0.016168145851222084,0.10653951259808296,0.014186967075322063,0.010926466042791664,0.006115016762109547,0.0031464447026485144,0.018352172910734002,0.003798395681382583
2025-10-01,0.07488499416547649,0.0011359387900673984,0.005320691899297662,0.004273894458963101,0.003666676608680979,0.06441989681764233,0.002409693498298056,0.0008165834077740915,0.00541798700347203,0.009165651207444316,0.009265436996413147,0.0014552941723607051,0.0659041391868266,0.0051141730501918685,0.0016699667759080274,0.0016335768718263794,0.006953858714845846,0.009110409076998668,0.0009948661072397653,0.025185731364357367,0.0016131384530360749,0.020556091619019307,0.06784111995565495,0.024426386335733425,0.053537684894375846,0.08175827534130924,0.006958345648344806,0.020393350348566784,0.008522809532950459,0.00833678313532145,0.012732898050748185,0.004366702629638509,0.02317840743947371,0.010290125445719332,0.0033039537040126035,0.004965356669200903,0.0009216762427982722,0.005321101955575857,0.019414435726618367,0.021740294921238936,0.11461723810392392,0.014907480526708615,0.11689976012329471,0.015674623286182368,0.008272157081599682,0.006497097470667475,0.003974157382903709,0.016240910266197398,0.003938177535100254
